Workbook

Sheet Dashboard
A2: Production Performance ULULULU
A3: PT Bulawan Daya Lestari | Site Gunung Patung, Bolaang Mongondow | K3: Data through | L3: Data through | M3: =MAX('Daily Production'!A6:A33) -> 46275
B5: Ore Processed | C5: Ore Processed | D5: Ore Processed | E5: Average TPD | F5: Average TPD | G5: Average TPD | H5: Weighted Throughput | I5: Weighted Throughput | J5: Weighted Throughput | K5: Weighted Au Grade | L5: Weighted Au Grade | M5: Weighted Au Grade | R5: Date | S5: Ore Processed | T5: Crushing Availability | U5: Milling Availability
B6: =SUM('Daily Production'!B6:B33) -> 2145.0891 | E6: =IFERROR(AVERAGEIF('Daily Production'!B6:B33,">0"),0) -> 165.00685 | H6: =IFERROR(SUM('Daily Production'!B6:B33)/SUM('Daily Production'!D6:D33),0) -> 19.773444 | K6: =IFERROR(SUM('Daily Production'!H6:H33)/SUM('Daily Production'!B6:B33),0) -> 0.8278617 | R6: =TEXT('Daily Production'!A6,"dd-mmm") -> 01-Jun | S6: ='Daily Production'!B6 -> 0 | T6: ='Daily Production'!I6 -> 0 | U6: ='Daily Production'!J6 -> 0
R7: =TEXT('Daily Production'!A7,"dd-mmm") -> 02-Jun | S7: ='Daily Production'!B7 -> 78.0435 | T7: ='Daily Production'!I7 -> 0 | U7: ='Daily Production'!J7 -> 0
R8: =TEXT('Daily Production'!A8,"dd-mmm") -> 03-Jun | S8: ='Daily Production'!B8 -> 17.712 | T8: ='Daily Production'!I8 -> 0 | U8: ='Daily Production'!J8 -> 0
R9: =TEXT('Daily Production'!A9,"dd-mmm") -> 04-Jun | S9: ='Daily Production'!B9 -> 157.9905 | T9: ='Daily Production'!I9 -> 0 | U9: ='Daily Production'!J9 -> 0
B10: Au in Feed | C10: Au in Feed | D10: Au in Feed | E10: Crushing Availability | F10: Crushing Availability | G10: Crushing Availability | H10: Milling Availability | I10: Milling Availability | J10: Milling Availability | K10: Sandios Intensity | L10: Sandios Intensity | M10: Sandios Intensity | R10: =TEXT('Daily Production'!A10,"dd-mmm") -> 18-Aug | S10: ='Daily Production'!B10 -> 37.9192 | T10: ='Daily Production'!I10 -> 0.16944444 | U10: ='Daily Production'!J10 -> 0
B11: =SUM('Daily Production'!H6:H33)/1000 -> 1.7758371 | E11: =IFERROR(AVERAGE('Daily Production'!I6:I33),0) -> 0.23214286 | H11: =IFERROR(AVERAGE('Daily Production'!J6:J33),0) -> 0.30128968 | K11: =IFERROR(SUM('Daily Production'!M6:M33)/SUM('Daily Production'!B6:B33),0) -> 0.52445374 | R11: =TEXT('Daily Production'!A11,"dd-mmm") -> 19-Aug | S11: ='Daily Production'!B11 -> 283.1708 | T11: ='Daily Production'!I11 -> 0.91944444 | U11: ='Daily Production'!J11 -> 0
R12: =TEXT('Daily Production'!A12,"dd-mmm") -> 20-Aug | S12: ='Daily Production'!B12 -> 337.1445 | T12: ='Daily Production'!I12 -> 0.91944444 | U12: ='Daily Production'!J12 -> 0
R13: =TEXT('Daily Production'!A13,"dd-mmm") -> 21-Aug | S13: ='Daily Production'!B13 -> 287.1045 | T13: ='Daily Production'!I13 -> 0.78611111 | U13: ='Daily Production'!J13 -> 0
R14: =TEXT('Daily Production'!A14,"dd-mmm") -> 22-Aug | S14: ='Daily Production'!B14 -> 197.0325 | T14: ='Daily Production'!I14 -> 0.75138889 | U14: ='Daily Production'!J14 -> 0
B15: Consumption Intensity | I15: Legacy Data Quality Notes | R15: =TEXT('Daily Production'!A15,"dd-mmm") -> 23-Aug | S15: ='Daily Production'!B15 -> 0 | T15: ='Daily Production'!I15 -> 0.0027777778 | U15: ='Daily Production'!J15 -> 0
B16: Material | C16: Total | D16: Unit | E16: Per tonne | F16: Rate unit | G16: Source | I16: Daily Summary: #DIV/0! muncul jika jam operasional atau input analitis bernilai nol. | R16: =TEXT('Daily Production'!A16,"dd-mmm") -> 24-Aug | S16: ='Daily Production'!B16 -> 162.0045 | T16: ='Daily Production'!I16 -> 0.83472222 | U16: ='Daily Production'!J16 -> 0
B17: Sandios | C17: =SUM('Daily Production'!M6:M33) -> 1125 | D17: kg | E17: =IFERROR(C17/$C$23,0) -> 0.52445374 | F17: kg/t | G17: Daily Production | I17: Milling and Leach Feed: #REF! lama tetap ada di T80:Y94 dan dikecualikan dari dashboard | R17: =TEXT('Daily Production'!A17,"dd-mmm") -> 25-Aug | S17: ='Daily Production'!B17 -> 0 | T17: ='Daily Production'!I17 -> 0.0027777778 | U17: ='Daily Production'!J17 -> 0
B18: Lime | C18: =SUM('Daily Production'!N6:N33) -> 2250 | D18: kg | E18: =IFERROR(C18/$C$23,0) -> 1.0489075 | F18: kg/t | G18: Daily Production | I18: Berkas tersebut memuat data dari beberapa bulan; KPI utama menggunakan tanggal yang tertaut hingga 10 September 2026. | R18: =TEXT('Daily Production'!A18,"dd-mmm") -> 26-Aug | S18: ='Daily Production'!B18 -> 0 | T18: ='Daily Production'!I18 -> 0.0027777778 | U18: ='Daily Production'!J18 -> 0
B19: Carbon | C19: =SUM('Daily Production'!O6:O33) -> 2000 | D19: kg | E19: =IFERROR(C19/$C$23,0) -> 0.9323622 | F19: kg/t | G19: Daily Production | I19: Gold recovery is not shown until feed, tail, solution, and carbon results reconcile. | R19: =TEXT('Daily Production'!A19,"dd-mmm") -> 27-Aug | S19: ='Daily Production'!B19 -> 124.9471 | T19: ='Daily Production'!I19 -> 0.43888889 | U19: ='Daily Production'!J19 -> 0
B20: Flocculant | C20: =SUM('Daily Production'!P6:P33) -> 50 | D20: kg | E20: =IFERROR(C20/$C$23,0) -> 0.023309055 | F20: kg/t | G20: Daily Production | I20: All legacy worksheets remain unchanged as the supporting source. | R20: =TEXT('Daily Production'!A20,"dd-mmm") -> 28-Aug | S20: ='Daily Production'!B20 -> 167.765 | T20: ='Daily Production'!I20 -> 0.66805556 | U20: ='Daily Production'!J20 -> 0
B21: Fuel | C21: =SUM('Daily Production'!Q6:Q33) -> 0 | D21: L | E21: =IFERROR(C21/$C$23,0) -> 0 | F21: L/t | G21: Daily Production | R21: =TEXT('Daily Production'!A21,"dd-mmm") -> 29-Aug | S21: ='Daily Production'!B21 -> 240.435 | T21: ='Daily Production'!I21 -> 0.83472222 | U21: ='Daily Production'!J21 -> 0
R22: =TEXT('Daily Production'!A22,"dd-mmm") -> 30-Aug | S22: ='Daily Production'!B22 -> 53.82 | T22: ='Daily Production'!I22 -> 0.16944444 | U22: ='Daily Production'!J22 -> 0
B23: KPI denominator | C23: =SUM('Daily Production'!B6:B33) -> 2145.0891 | D23: t | R23: =TEXT('Daily Production'!A23,"dd-mmm") -> 31-Aug | S23: ='Daily Production'!B23 -> 0 | T23: ='Daily Production'!I23 -> 0 | U23: ='Daily Production'!J23 -> 0.93472222
R24: =TEXT('Daily Production'!A24,"dd-mmm") -> 01-Sep | S24: ='Daily Production'!B24 -> 0 | T24: ='Daily Production'!I24 -> 0 | U24: ='Daily Production'!J24 -> 0.95416667
R25: =TEXT('Daily Production'!A25,"dd-mmm") -> 02-Sep | S25: ='Daily Production'!B25 -> 0 | T25: ='Daily Production'!I25 -> 0 | U25: ='Daily Production'!J25 -> 0.91666667
R26: =TEXT('Daily Production'!A26,"dd-mmm") -> 03-Sep | S26: ='Daily Production'!B26 -> 0 | T26: ='Daily Production'!I26 -> 0 | U26: ='Daily Production'!J26 -> 0.45902778
R27: =TEXT('Daily Production'!A27,"dd-mmm") -> 04-Sep | S27: ='Daily Production'!B27 -> 0 | T27: ='Daily Production'!I27 -> 0 | U27: ='Daily Production'!J27 -> 0.0013888889
R28: =TEXT('Daily Production'!A28,"dd-mmm") -> 05-Sep | S28: ='Daily Production'!B28 -> 0 | T28: ='Daily Production'!I28 -> 0 | U28: ='Daily Production'!J28 -> 0.45902778
R29: =TEXT('Daily Production'!A29,"dd-mmm") -> 06-Sep | S29: ='Daily Production'!B29 -> 0 | T29: ='Daily Production'!I29 -> 0 | U29: ='Daily Production'!J29 -> 0.90972222
R30: =TEXT('Daily Production'!A30,"dd-mmm") -> 07-Sep | S30: ='Daily Production'!B30 -> 0 | T30: ='Daily Production'!I30 -> 0 | U30: ='Daily Production'!J30 -> 0.93541667
R31: =TEXT('Daily Production'!A31,"dd-mmm") -> 08-Sep | S31: ='Daily Production'!B31 -> 0 | T31: ='Daily Production'!I31 -> 0 | U31: ='Daily Production'!J31 -> 0.98680556
R32: =TEXT('Daily Production'!A32,"dd-mmm") -> 09-Sep | S32: ='Daily Production'!B32 -> 0 | T32: ='Daily Production'!I32 -> 0 | U32: ='Daily Production'!J32 -> 0.94861111
R33: =TEXT('Daily Production'!A33,"dd-mmm") -> 10-Sep | S33: ='Daily Production'!B33 -> 0 | T33: ='Daily Production'!I33 -> 0 | U33: ='Daily Production'!J33 -> 0.93055556

Sheet Daily Production
A2: Daily Production
A3: PT Bulawan Daya Lestari | linked operational view through 10-Sep-2026
A4: Tampilan ini diperbarui berdasarkan Ringkasan Harian
A5: Date | B5: Ore Processed (t) | C5: MTD (t) | D5: Crushing Run (h) | E5: Milling Run (h) | F5: Throughput (t/h) | G5: Au Grade (g/t) | H5: Au in Feed (g) | I5: Crushing Availability | J5: Milling Availability | K5: CIP Availability | L5: Plant Usability | M5: Sandios (kg) | N5: Lime (kg) | O5: Carbon (kg) | P5: Flocculant (kg) | Q5: Fuel (L)
A6: ='Daily Summary '!B7 -> 46174 | B6: =IFERROR('Daily Summary '!C7,"") -> 0 | C6: =IFERROR('Daily Summary '!D7,"") -> 0 | D6: =IFERROR('Daily Summary '!I7,"") -> 0 | E6: =IFERROR('Daily Summary '!J7,"") -> 0 | F6: =IFERROR('Daily Summary '!E7,"") | G6: =IFERROR('Daily Summary '!F7,"") -> 0 | H6: =IFERROR('Daily Summary '!G7,"") -> 0 | I6: =IFERROR('Daily Summary '!K7,"") -> 0 | J6: =IFERROR('Daily Summary '!L7,"") -> 0 | K6: =IFERROR('Daily Summary '!M7,"") -> 1 | L6: =IFERROR('Daily Summary '!N7,"") -> 0 | M6: =IFERROR('Daily Summary '!Z7,"") -> 0 | N6: =IFERROR('Daily Summary '!AC7,"") -> 0 | O6: =IFERROR('Daily Summary '!AB7,"") -> 0 | P6: =IFERROR('Daily Summary '!AF7,"") -> 0 | Q6: =IFERROR('Daily Summary '!AG7,"") -> 0
A7: ='Daily Summary '!B8 -> 46175 | B7: =IFERROR('Daily Summary '!C8,"") -> 78.0435 | C7: =IFERROR('Daily Summary '!D8,"") -> 78.0435 | D7: =IFERROR('Daily Summary '!I8,"") -> 11.033333 | E7: =IFERROR('Daily Summary '!J8,"") -> 0 | F7: =IFERROR('Daily Summary '!E8,"") -> 7.073429 | G7: =IFERROR('Daily Summary '!F8,"") -> 1.45 | H7: =IFERROR('Daily Summary '!G8,"") -> 113.16308 | I7: =IFERROR('Daily Summary '!K8,"") -> 0 | J7: =IFERROR('Daily Summary '!L8,"") -> 0 | K7: =IFERROR('Daily Summary '!M8,"") -> 1 | L7: =IFERROR('Daily Summary '!N8,"") -> 0 | M7: =IFERROR('Daily Summary '!Z8,"") -> 0 | N7: =IFERROR('Daily Summary '!AC8,"") -> 0 | O7: =IFERROR('Daily Summary '!AB8,"") -> 0 | P7: =IFERROR('Daily Summary '!AF8,"") -> 0 | Q7: =IFERROR('Daily Summary '!AG8,"") -> 0
A8: ='Daily Summary '!B9 -> 46176 | B8: =IFERROR('Daily Summary '!C9,"") -> 17.712 | C8: =IFERROR('Daily Summary '!D9,"") -> 95.7555 | D8: =IFERROR('Daily Summary '!I9,"") -> 11.033333 | E8: =IFERROR('Daily Summary '!J9,"") -> 0 | F8: =IFERROR('Daily Summary '!E9,"") -> 1.6053172 | G8: =IFERROR('Daily Summary '!F9,"") -> 1.45 | H8: =IFERROR('Daily Summary '!G9,"") -> 25.6824 | I8: =IFERROR('Daily Summary '!K9,"") -> 0 | J8: =IFERROR('Daily Summary '!L9,"") -> 0 | K8: =IFERROR('Daily Summary '!M9,"") -> 1 | L8: =IFERROR('Daily Summary '!N9,"") -> 0 | M8: =IFERROR('Daily Summary '!Z9,"") -> 0 | N8: =IFERROR('Daily Summary '!AC9,"") -> 0 | O8: =IFERROR('Daily Summary '!AB9,"") -> 0 | P8: =IFERROR('Daily Summary '!AF9,"") -> 0 | Q8: =IFERROR('Daily Summary '!AG9,"") -> 0
A9: ='Daily Summary '!B10 -> 46177 | B9: =IFERROR('Daily Summary '!C10,"") -> 157.9905 | C9: =IFERROR('Daily Summary '!D10,"") -> 253.746 | D9: =IFERROR('Daily Summary '!I10,"") -> 9.4333333 | E9: =IFERROR('Daily Summary '!J10,"") -> 0 | F9: =IFERROR('Daily Summary '!E10,"") -> 16.74811 | G9: =IFERROR('Daily Summary '!F10,"") -> 1.45 | H9: =IFERROR('Daily Summary '!G10,"") -> 229.08622 | I9: =IFERROR('Daily Summary '!K10,"") -> 0 | J9: =IFERROR('Daily Summary '!L10,"") -> 0 | K9: =IFERROR('Daily Summary '!M10,"") -> 1 | L9: =IFERROR('Daily Summary '!N10,"") -> 0 | M9: =IFERROR('Daily Summary '!Z10,"") -> 150 | N9: =IFERROR('Daily Summary '!AC10,"") -> 250 | O9: =IFERROR('Daily Summary '!AB10,"") -> 0 | P9: =IFERROR('Daily Summary '!AF10,"") -> 0 | Q9: =IFERROR('Daily Summary '!AG10,"") -> 0
A10: ='Daily Summary '!B11 -> 46252 | B10: =IFERROR('Daily Summary '!C11,"") -> 37.9192 | C10: =IFERROR('Daily Summary '!D11,"") -> 291.6652 | D10: =IFERROR('Daily Summary '!I11,"") -> 2.0333333 | E10: =IFERROR('Daily Summary '!J11,"") -> 0 | F10: =IFERROR('Daily Summary '!E11,"") -> 18.648787 | G10: =IFERROR('Daily Summary '!F11,"") -> 0.77 | H10: =IFERROR('Daily Summary '!G11,"") -> 29.197784 | I10: =IFERROR('Daily Summary '!K11,"") -> 0.16944444 | J10: =IFERROR('Daily Summary '!L11,"") -> 0 | K10: =IFERROR('Daily Summary '!M11,"") -> 1 | L10: =IFERROR('Daily Summary '!N11,"") -> 0 | M10: =IFERROR('Daily Summary '!Z11,"") -> 225 | N10: =IFERROR('Daily Summary '!AC11,"") -> 1250 | O10: =IFERROR('Daily Summary '!AB11,"") -> 1000 | P10: =IFERROR('Daily Summary '!AF11,"") -> 25 | Q10: =IFERROR('Daily Summary '!AG11,"") -> 0
A11: ='Daily Summary '!B12 -> 46253 | B11: =IFERROR('Daily Summary '!C12,"") -> 283.1708 | C11: =IFERROR('Daily Summary '!D12,"") -> 574.836 | D11: =IFERROR('Daily Summary '!I12,"") -> 11.033333 | E11: =IFERROR('Daily Summary '!J12,"") -> 0 | F11: =IFERROR('Daily Summary '!E12,"") -> 25.665027 | G11: =IFERROR('Daily Summary '!F12,"") -> 1.021 | H11: =IFERROR('Daily Summary '!G12,"") -> 289.11739 | I11: =IFERROR('Daily Summary '!K12,"") -> 0.91944444 | J11: =IFERROR('Daily Summary '!L12,"") -> 0 | K11: =IFERROR('Daily Summary '!M12,"") -> 1 | L11: =IFERROR('Daily Summary '!N12,"") -> 0 | M11: =IFERROR('Daily Summary '!Z12,"") -> 275 | N11: =IFERROR('Daily Summary '!AC12,"") -> 0 | O11: =IFERROR('Daily Summary '!AB12,"") -> 1000 | P11: =IFERROR('Daily Summary '!AF12,"") -> 25 | Q11: =IFERROR('Daily Summary '!AG12,"") -> 0
A12: ='Daily Summary '!B13 -> 46254 | B12: =IFERROR('Daily Summary '!C13,"") -> 337.1445 | C12: =IFERROR('Daily Summary '!D13,"") -> 911.9805 | D12: =IFERROR('Daily Summary '!I13,"") -> 10.016667 | E12: =IFERROR('Daily Summary '!J13,"") -> 0 | F12: =IFERROR('Daily Summary '!E13,"") -> 33.658353 | G12: =IFERROR('Daily Summary '!F13,"") -> 0.604 | H12: =IFERROR('Daily Summary '!G13,"") -> 203.63528 | I12: =IFERROR('Daily Summary '!K13,"") -> 0.91944444 | J12: =IFERROR('Daily Summary '!L13,"") -> 0 | K12: =IFERROR('Daily Summary '!M13,"") -> 1 | L12: =IFERROR('Daily Summary '!N13,"") -> 0 | M12: =IFERROR('Daily Summary '!Z13,"") -> 100 | N12: =IFERROR('Daily Summary '!AC13,"") -> 0 | O12: =IFERROR('Daily Summary '!AB13,"") -> 0 | P12: =IFERROR('Daily Summary '!AF13,"") -> 0 | Q12: =IFERROR('Daily Summary '!AG13,"") -> 0
A13: ='Daily Summary '!B14 -> 46255 | B13: =IFERROR('Daily Summary '!C14,"") -> 287.1045 | C13: =IFERROR('Daily Summary '!D14,"") -> 1199.085 | D13: =IFERROR('Daily Summary '!I14,"") -> 9.4333333 | E13: =IFERROR('Daily Summary '!J14,"") -> 0 | F13: =IFERROR('Daily Summary '!E14,"") -> 30.435106 | G13: =IFERROR('Daily Summary '!F14,"") -> 0.442 | H13: =IFERROR('Daily Summary '!G14,"") -> 126.90019 | I13: =IFERROR('Daily Summary '!K14,"") -> 0.78611111 | J13: =IFERROR('Daily Summary '!L14,"") -> 0 | K13: =IFERROR('Daily Summary '!M14,"") -> 1 | L13: =IFERROR('Daily Summary '!N14,"") -> 0 | M13: =IFERROR('Daily Summary '!Z14,"") -> 0 | N13: =IFERROR('Daily Summary '!AC14,"") -> 0 | O13: =IFERROR('Daily Summary '!AB14,"") -> 0 | P13: =IFERROR('Daily Summary '!AF14,"") -> 0 | Q13: =IFERROR('Daily Summary '!AG14,"") -> 0
A14: ='Daily Summary '!B15 -> 46256 | B14: =IFERROR('Daily Summary '!C15,"") -> 197.0325 | C14: =IFERROR('Daily Summary '!D15,"") -> 1396.1175 | D14: =IFERROR('Daily Summary '!I15,"") -> 9.0166667 | E14: =IFERROR('Daily Summary '!J15,"") -> 0 | F14: =IFERROR('Daily Summary '!E15,"") -> 21.852033 | G14: =IFERROR('Daily Summary '!F15,"") -> 0.62933333 | H14: =IFERROR('Daily Summary '!G15,"") -> 123.99912 | I14: =IFERROR('Daily Summary '!K15,"") -> 0.75138889 | J14: =IFERROR('Daily Summary '!L15,"") -> 0 | K14: =IFERROR('Daily Summary '!M15,"") -> 1 | L14: =IFERROR('Daily Summary '!N15,"") -> 0 | M14: =IFERROR('Daily Summary '!Z15,"") -> 50 | N14: =IFERROR('Daily Summary '!AC15,"") -> 0 | O14: =IFERROR('Daily Summary '!AB15,"") -> 0 | P14: =IFERROR('Daily Summary '!AF15,"") -> 0 | Q14: =IFERROR('Daily Summary '!AG15,"") -> 0
A15: ='Daily Summary '!B16 -> 46257 | B15: =IFERROR('Daily Summary '!C16,"") -> 0 | C15: =IFERROR('Daily Summary '!D16,"") -> 1396.1175 | D15: =IFERROR('Daily Summary '!I16,"") -> 0.033333333 | E15: =IFERROR('Daily Summary '!J16,"") -> 0 | F15: =IFERROR('Daily Summary '!E16,"") -> 0 | G15: =IFERROR('Daily Summary '!F16,"") -> 0 | H15: =IFERROR('Daily Summary '!G16,"") -> 0 | I15: =IFERROR('Daily Summary '!K16,"") -> 0.0027777778 | J15: =IFERROR('Daily Summary '!L16,"") -> 0 | K15: =IFERROR('Daily Summary '!M16,"") -> 1 | L15: =IFERROR('Daily Summary '!N16,"") -> 0 | M15: =IFERROR('Daily Summary '!Z16,"") -> 175 | N15: =IFERROR('Daily Summary '!AC16,"") -> 500 | O15: =IFERROR('Daily Summary '!AB16,"") -> 0 | P15: =IFERROR('Daily Summary '!AF16,"") -> 0 | Q15: =IFERROR('Daily Summary '!AG16,"") -> 0
A16: ='Daily Summary '!B17 -> 46258 | B16: =IFERROR('Daily Summary '!C17,"") -> 162.0045 | C16: =IFERROR('Daily Summary '!D17,"") -> 1558.122 | D16: =IFERROR('Daily Summary '!I17,"") -> 10.016667 | E16: =IFERROR('Daily Summary '!J17,"") -> 0 | F16: =IFERROR('Daily Summary '!E17,"") -> 16.173494 | G16: =IFERROR('Daily Summary '!F17,"") -> 1.0302222 | H16: =IFERROR('Daily Summary '!G17,"") -> 166.90064 | I16: =IFERROR('Daily Summary '!K17,"") -> 0.83472222 | J16: =IFERROR('Daily Summary '!L17,"") -> 0 | K16: =IFERROR('Daily Summary '!M17,"") -> 1 | L16: =IFERROR('Daily Summary '!N17,"") -> 0 | M16: =IFERROR('Daily Summary '!Z17,"") -> 150 | N16: =IFERROR('Daily Summary '!AC17,"") -> 250 | O16: =IFERROR('Daily Summary '!AB17,"") -> 0 | P16: =IFERROR('Daily Summary '!AF17,"") -> 0 | Q16: =IFERROR('Daily Summary '!AG17,"") -> 0
A17: ='Daily Summary '!B18 -> 46259 | B17: =IFERROR('Daily Summary '!C18,"") -> 0 | C17: =IFERROR('Daily Summary '!D18,"") -> 1558.122 | D17: =IFERROR('Daily Summary '!I18,"") -> 0.033333333 | E17: =IFERROR('Daily Summary '!J18,"") -> 0 | F17: =IFERROR('Daily Summary '!E18,"") -> 0 | G17: =IFERROR('Daily Summary '!F18,"") -> 0 | H17: =IFERROR('Daily Summary '!G18,"") -> 0 | I17: =IFERROR('Daily Summary '!K18,"") -> 0.0027777778 | J17: =IFERROR('Daily Summary '!L18,"") -> 0 | K17: =IFERROR('Daily Summary '!M18,"") -> 1 | L17: =IFERROR('Daily Summary '!N18,"") -> 0 | M17: =IFERROR('Daily Summary '!Z18,"") -> 0 | N17: =IFERROR('Daily Summary '!AC18,"") -> 0 | O17: =IFERROR('Daily Summary '!AB18,"") -> 0 | P17: =IFERROR('Daily Summary '!AF18,"") -> 0 | Q17: =IFERROR('Daily Summary '!AG18,"") -> 0
... A33: ='Daily Summary '!B34 -> 46275 | B33: =IFERROR('Daily Summary '!C34,"") -> 0 | C33: =IFERROR('Daily Summary '!D34,"") -> 2145.0891 | D33: =IFERROR('Daily Summary '!I34,"") -> 0 | E33: =IFERROR('Daily Summary '!J34,"") -> 22.333333 | F33: =IFERROR('Daily Summary '!E34,"") | G33: =IFERROR('Daily Summary '!F34,"") -> 0 | H33: =IFERROR('Daily Summary '!G34,"") -> 0 | I33: =IFERROR('Daily Summary '!K34,"") -> 0 | J33: =IFERROR('Daily Summary '!L34,"") -> 0.93055556 | K33: =IFERROR('Daily Summary '!M34,"") -> 1 | L33: =IFERROR('Daily Summary '!N34,"") -> 0.93055556 | M33: =IFERROR('Daily Summary '!Z34,"") -> 0 | N33: =IFERROR('Daily Summary '!AC34,"") -> 0 | O33: =IFERROR('Daily Summary '!AB34,"") -> 0 | P33: =IFERROR('Daily Summary '!AF34,"") -> 0 | Q33: =IFERROR('Daily Summary '!AG34,"") -> 0
A34: Dashboard metrics use recorded rows above.

Sheet Daily Summary 
H1: Daily summary Production PT Bulawan Daya Lestari
H2: Site Gunung Patung, Mopait, Bolaang Mongondow, Sulawesi Utara
B5: Date | C5: Feeding, ton | I5: Hours Run Crushing | J5: Hours Milling | K5: Availability, % | N5: Plant Usability | O5: Gold Rom ( Elution and Electrowinning ) | Z5: Consumption | AH5: Stockpile, Estimated | AJ5: Inventory PPA | AP5: SHE | AS5: Result per month
C6: Tpd | D6: Mtd | E6: tph | F6: Au Lab, gpt | G6: Au, gr | H6: Au, kg | K6: Crusher | L6: Mill | M6: CIP | O6: Carbon to Elution (t) | P6: Carbon Transit (t) | Q6: Elution | R6: Loaded Carbon (g/t) | S6: Barren Carbon (g/t) | T6: Au Recovery gr | U6: Au Recovery Elution (%) | V6: E/W | W6: Smelting | X6: Dore Transit | Y6: Hand Over | Z6: Sandios kg | AA6: Fuel Diesel | AB6: Carbon kg | AC6: Lime kg | AD6: NaOH, kg | AE6: HCL, Liter | AF6: Floculant, kg | AG6: Fuel, L | AH6: Ore Inventory, ton | AI6: Au Inventory, kg | AJ6: Cyanide, kg | AK6: Carbon kg | AL6: Lime kg | AM6: NaOH, kg | AN6: HCL, Liter | AO6: Floculant, kg | AP6: LTA Free Hours | AQ6: Spills, Liter | AS6: Tpm
B7: 46174 | C7: =Crushing!N6 -> 0 | D7: =C7 -> 0 | E7: =C7/I7 -> #DIV/0! | G7: =C7*F7 -> 0 | H7: =G7/1000 -> 0 | J7: 0 | L7: =J7/24 -> 0 | M7: 1 | N7: =IF(L7=100%,I7/24*100%,L7) -> 0 | T7: =(O7*R7)-(S7*O7) -> 0 | U7: =((R7-S7)/R7) -> #DIV/0! | Z7: ='Reagent Consumption'!O7 -> 0 | AA7: ='Fuel Consumption'!F4 -> 0 | AB7: ='Reagent Consumption'!Q7 -> 0 | AC7: ='Reagent Consumption'!P7 -> 0 | AD7: ='Reagent Consumption'!R7 -> 0 | AE7: ='Reagent Consumption'!S7 -> 0 | AF7: ='Reagent Consumption'!T7 -> 0 | AG7: ='Fuel Consumption'!F4 -> 0 | AS7: avarage tpd
B8: 46175 | C8: =Crushing!N8 -> 78.0435 | D8: =D7+C8 -> 78.0435 | E8: =C8/I8 -> 7.073429 | F8: 1.45 | G8: =C8*F8 -> 113.16308 | H8: =G8/1000 -> 0.11316308 | I8: ='Crushing Down Time Hours'!L7 -> 11.033333 | J8: 0 | L8: =J8/24 -> 0 | M8: 1 | N8: =IF(L8=100%,I8/24*100%,L8) -> 0 | T8: =(P8*R8)-(S8*P8) -> 0 | U8: =((R8-S8)/R8) -> #DIV/0! | Z8: ='Reagent Consumption'!O8 -> 0 | AA8: ='Fuel Consumption'!F5 -> 0 | AB8: ='Reagent Consumption'!Q8 -> 0 | AC8: ='Reagent Consumption'!P8 -> 0 | AD8: ='Reagent Consumption'!R8 -> 0 | AE8: ='Reagent Consumption'!S8 -> 0 | AF8: ='Reagent Consumption'!T8 -> 0 | AG8: ='Fuel Consumption'!F5 -> 0 | AS8: Percentage ore blend
B9: 46176 | C9: =Crushing!N10 -> 17.712 | D9: =D8+C9 -> 95.7555 | E9: =C9/I9 -> 1.6053172 | F9: 1.45 | G9: =F9*C9 -> 25.6824 | H9: =G9/1000 -> 0.0256824 | I9: ='Crushing Down Time Hours'!L8 -> 11.033333 | J9: 0 | L9: =J9/24 -> 0 | M9: 1 | N9: =IF(L9=100%,(I9/24),L9) -> 0 | T9: =(P9*R9)-(S9*P9) -> 0 | U9: =((R9-S9)/R9) -> #DIV/0! | Z9: ='Reagent Consumption'!O9 -> 0 | AA9: ='Fuel Consumption'!F6 -> 0 | AB9: ='Reagent Consumption'!Q9 -> 0 | AC9: ='Reagent Consumption'!P9 -> 0 | AD9: ='Reagent Consumption'!R9 -> 0 | AE9: ='Reagent Consumption'!S9 -> 0 | AF9: ='Reagent Consumption'!T9 -> 0 | AG9: ='Fuel Consumption'!F6 -> 0 | AS9: Ops Time Crusher
B10: 46177 | C10: =Crushing!N12 -> 157.9905 | D10: =D9+C10 -> 253.746 | E10: =C10/I10 -> 16.74811 | F10: 1.45 | G10: =F10*C10 -> 229.08622 | H10: =G10/1000 -> 0.22908622 | I10: ='Crushing Down Time Hours'!L9 -> 9.4333333 | J10: 0 | L10: =J10/24 -> 0 | M10: 1 | N10: =IF(L10=100%,I10/24*100%,L10) -> 0 | T10: =(P10*R10)-(S10*P10) -> 0 | U10: =((R10-S10)/R10) -> #DIV/0! | Z10: ='Reagent Consumption'!O10 -> 150 | AA10: ='Fuel Consumption'!F7 -> 0 | AB10: ='Reagent Consumption'!Q10 -> 0 | AC10: ='Reagent Consumption'!P10 -> 250 | AD10: ='Reagent Consumption'!R10 -> 0 | AE10: ='Reagent Consumption'!S10 -> 0 | AF10: ='Reagent Consumption'!T10 -> 0 | AG10: ='Fuel Consumption'!F7 -> 0 | AS10: Ops Time Ballmill
B11: 46252 | C11: =Crushing!N14 -> 37.9192 | D11: =D10+C11 -> 291.6652 | E11: =C11/I11 -> 18.648787 | F11: 0.77 | G11: =F11*C11 -> 29.197784 | H11: =G11/1000 -> 0.029197784 | I11: ='Crushing Down Time Hours'!L6 -> 2.0333333 | J11: 0 | K11: ='Crushing Down Time Hours'!M6 -> 0.16944444 | L11: =J11/24 -> 0 | M11: 1 | N11: =IF(L11=100%,I11/24*100%,L11) -> 0 | T11: =(P11*R11)-(S11*P11) -> 0 | U11: =((Q12-S11)/Q12) -> #DIV/0! | Z11: ='Reagent Consumption'!O11 -> 225 | AA11: ='Fuel Consumption'!F8 -> 0 | AB11: ='Reagent Consumption'!Q11 -> 1000 | AC11: ='Reagent Consumption'!P11 -> 1250 | AD11: ='Reagent Consumption'!R11 -> 0 | AE11: ='Reagent Consumption'!S11 -> 0 | AF11: ='Reagent Consumption'!T11 -> 25 | AG11: ='Fuel Consumption'!F8 -> 0 | AS11: Grinding Ball Consumption
B12: 46253 | C12: =Crushing!N16 -> 283.1708 | D12: =D11+C12 -> 574.836 | E12: =C12/I12 -> 25.665027 | F12: 1.021 | G12: =F12*C12 -> 289.11739 | H12: =G12/1000 -> 0.28911739 | I12: ='Crushing Down Time Hours'!L7 -> 11.033333 | J12: 0 | K12: ='Crushing Down Time Hours'!M7 -> 0.91944444 | L12: =J12/24 -> 0 | M12: 1 | N12: =IF(L12=100%,I12/24*100%,L12) -> 0 | T12: =(P12*R12)-(S12*P12) -> 0 | U12: =((Q13-S12)/Q13) -> #DIV/0! | Z12: ='Reagent Consumption'!O13 -> 275 | AA12: ='Fuel Consumption'!F9 -> 0 | AB12: ='Reagent Consumption'!Q13 -> 1000 | AC12: ='Reagent Consumption'!P13 -> 0 | AD12: ='Reagent Consumption'!R13 -> 0 | AE12: ='Reagent Consumption'!S13 -> 0 | AF12: ='Reagent Consumption'!T13 -> 25 | AG12: ='Fuel Consumption'!F9 -> 0 | AS12: Kwh
B13: 46254 | C13: =Crushing!N18 -> 337.1445 | D13: =D12+C13 -> 911.9805 | E13: =C13/I13 -> 33.658353 | F13: 0.604 | G13: =F13*C13 -> 203.63528 | H13: =G13/1000 -> 0.20363528 | I13: ='Crushing Down Time Hours'!L12 -> 10.016667 | J13: 0 | K13: ='Crushing Down Time Hours'!M8 -> 0.91944444 | L13: =J13/24 -> 0 | M13: 1 | N13: =IF(L13=100%,I13/24*100%,L13) -> 0 | T13: =(P13*R13)-(S13*P13) -> 0 | U13: =((Q14-S13)/Q14) -> #DIV/0! | Z13: ='Reagent Consumption'!O15 -> 100 | AA13: ='Fuel Consumption'!F10 -> 0 | AB13: ='Reagent Consumption'!Q15 -> 0 | AC13: ='Reagent Consumption'!P15 -> 0 | AD13: ='Reagent Consumption'!R15 -> 0 | AE13: ='Reagent Consumption'!S15 -> 0 | AF13: ='Reagent Consumption'!T15 -> 0 | AG13: ='Fuel Consumption'!F10 -> 0 | AS13: Flocculant Consumption
B14: 46255 | C14: =Crushing!N20 -> 287.1045 | D14: =D13+C14 -> 1199.085 | E14: =C14/I14 -> 30.435106 | F14: 0.442 | G14: =F14*C14 -> 126.90019 | H14: =G14/1000 -> 0.12690019 | I14: ='Crushing Down Time Hours'!L9 -> 9.4333333 | J14: 0 | K14: ='Crushing Down Time Hours'!M9 -> 0.78611111 | L14: =J14/24 -> 0 | M14: 1 | N14: =IF(L14=100%,I14/24*100%,L14) -> 0 | T14: =(P14*R14)-(S14*P14) -> 0 | U14: =((R14-S14)/R14) -> #DIV/0! | Z14: ='Reagent Consumption'!O16 -> 0 | AA14: ='Fuel Consumption'!F11 -> 0 | AB14: ='Reagent Consumption'!Q16 -> 0 | AC14: ='Reagent Consumption'!P16 -> 0 | AD14: ='Reagent Consumption'!R16 -> 0 | AE14: ='Reagent Consumption'!S16 -> 0 | AF14: ='Reagent Consumption'!T16 -> 0 | AG14: ='Fuel Consumption'!F11 -> 0 | AS14: Cyanide Consumption
B15: 46256 | C15: =Crushing!N22 -> 197.0325 | D15: =D14+C15 -> 1396.1175 | E15: =C15/I15 -> 21.852033 | F15: =AVERAGE('Rom File Inventory'!T93:T101) -> 0.62933333 | G15: =F15*C15 -> 123.99912 | H15: =G15/1000 -> 0.12399912 | I15: ='Crushing Down Time Hours'!L10 -> 9.0166667 | J15: 0 | K15: ='Crushing Down Time Hours'!M10 -> 0.75138889 | L15: =J15/24 -> 0 | M15: 1 | N15: =IF(L15=100%,I15/24*100%,L15) -> 0 | T15: =(P15*R15)-(S15*P15) -> 0 | U15: =((R15-S15)/R15) -> #DIV/0! | Z15: ='Reagent Consumption'!O17 -> 50 | AA15: ='Fuel Consumption'!F12 -> 0 | AB15: ='Reagent Consumption'!Q17 -> 0 | AC15: ='Reagent Consumption'!P17 -> 0 | AD15: ='Reagent Consumption'!R17 -> 0 | AE15: ='Reagent Consumption'!S17 -> 0 | AF15: ='Reagent Consumption'!T17 -> 0 | AG15: ='Fuel Consumption'!F12 -> 0 | AS15: Lime Consumption
B16: 46257 | C16: =Crushing!N24 -> 0 | D16: =D15+C16 -> 1396.1175 | E16: =C16/I16 -> 0 | G16: =F16*C16 -> 0 | H16: =G16/1000 -> 0 | I16: ='Crushing Down Time Hours'!L11 -> 0.033333333 | J16: 0 | K16: ='Crushing Down Time Hours'!M11 -> 0.0027777778 | L16: =J16/24 -> 0 | M16: 1 | N16: =IF(L16=100%,I16/24*100%,L16) -> 0 | T16: =(P16*R16)-(S16*P16) -> 0 | U16: =((R16-S16)/R16) -> #DIV/0! | Z16: ='Reagent Consumption'!O18 -> 175 | AA16: ='Fuel Consumption'!F13 -> 0 | AB16: ='Reagent Consumption'!Q18 -> 0 | AC16: ='Reagent Consumption'!P18 -> 500 | AD16: ='Reagent Consumption'!R18 -> 0 | AE16: ='Reagent Consumption'!S18 -> 0 | AF16: ='Reagent Consumption'!T18 -> 0 | AG16: ='Fuel Consumption'!F13 -> 0 | AS16: Carbon Consumption
B17: 46258 | C17: =Crushing!N26 -> 162.0045 | D17: =D16+C17 -> 1558.122 | E17: =C17/I17 -> 16.173494 | F17: =AVERAGE('Rom File Inventory'!T102:T110) -> 1.0302222 | G17: =F17*C17 -> 166.90064 | H17: =G17/1000 -> 0.16690064 | I17: ='Crushing Down Time Hours'!L12 -> 10.016667 | J17: 0 | K17: ='Crushing Down Time Hours'!M12 -> 0.83472222 | L17: =J17/24 -> 0 | M17: 1 | N17: =IF(L17=100%,I17/24*100%,L17) -> 0 | T17: =(P17*R17)-(S17*P17) -> 0 | U17: =((R17-S17)/R17) -> #DIV/0! | Z17: ='Reagent Consumption'!O19 -> 150 | AA17: ='Fuel Consumption'!F14 -> 0 | AB17: ='Reagent Consumption'!Q19 -> 0 | AC17: ='Reagent Consumption'!P19 -> 250 | AD17: ='Reagent Consumption'!R19 -> 0 | AE17: ='Reagent Consumption'!S19 -> 0 | AF17: ='Reagent Consumption'!T19 -> 0 | AG17: ='Fuel Consumption'!F14 -> 0
B18: 46259 | C18: =Crushing!N28 -> 0 | D18: =D17+C18 -> 1558.122 | E18: =C18/I18 -> 0 | G18: =F18*C18 -> 0 | H18: =G18/1000 -> 0 | I18: ='Crushing Down Time Hours'!L13 -> 0.033333333 | J18: 0 | K18: ='Crushing Down Time Hours'!M13 -> 0.0027777778 | L18: =J18/24 -> 0 | M18: 1 | N18: =IF(L18=100%,I18/24*100%,L18) -> 0 | T18: =(P18*R18)-(S18*P18) -> 0 | U18: =((R18-S18)/R18) -> #DIV/0! | Z18: ='Reagent Consumption'!O21 -> 0 | AA18: ='Fuel Consumption'!F15 -> 0 | AB18: ='Reagent Consumption'!Q21 -> 0 | AC18: ='Reagent Consumption'!P21 -> 0 | AD18: ='Reagent Consumption'!R21 -> 0 | AE18: ='Reagent Consumption'!S21 -> 0 | AF18: ='Reagent Consumption'!T21 -> 0 | AG18: ='Fuel Consumption'!F15 -> 0
B19: 46260 | C19: 0 | D19: =D18+C19 -> 1558.122 | E19: =C19/I19 -> 0 | G19: =F19*C19 -> 0 | H19: =G19/1000 -> 0 | I19: ='Crushing Down Time Hours'!L14 -> 0.033333333 | J19: 0 | K19: ='Crushing Down Time Hours'!M14 -> 0.0027777778 | L19: =J19/24 -> 0 | M19: ='Milling Down Time Hours'!N5 -> 0.93472222 | N19: =IF(L19=100%,I19/24*100%,L19) -> 0 | T19: =(P19*R19)-(S19*P19) -> 0 | U19: =((R19-S19)/R19) -> #DIV/0! | Z19: ='Reagent Consumption'!O22 -> 0 | AA19: ='Fuel Consumption'!F16 -> 0 | AB19: ='Reagent Consumption'!Q22 -> 0 | AC19: ='Reagent Consumption'!P22 -> 0 | AD19: ='Reagent Consumption'!R22 -> 0 | AE19: ='Reagent Consumption'!S22 -> 0 | AF19: ='Reagent Consumption'!T22 -> 0 | AG19: ='Fuel Consumption'!F16 -> 0
B20: 46261 | C20: =Crushing!N32 -> 124.9471 | D20: =D19+C20 -> 1683.0691 | E20: =C20/I20 -> 23.724133 | F20: =AVERAGE('Rom File Inventory'!T111:T117) -> 0.75114286 | G20: =F20*C20 -> 93.853122 | H20: =G20/1000 -> 0.093853122 | I20: ='Crushing Down Time Hours'!L15 -> 5.2666667 | J20: 0 | K20: ='Crushing Down Time Hours'!M15 -> 0.43888889 | L20: =J20/24 -> 0 | M20: ='Milling Down Time Hours'!N6 -> 0.95416667 | N20: =IF(L20=100%,I20/24*100%,L20) -> 0 | T20: =(P20*R20)-(S20*P20) -> 0 | U20: =((R20-S20)/R20) -> #DIV/0! | Z20: ='Reagent Consumption'!O23 -> 0 | AA20: ='Fuel Consumption'!F17 -> 0 | AB20: ='Reagent Consumption'!Q23 -> 0 | AC20: ='Reagent Consumption'!P23 -> 0 | AD20: ='Reagent Consumption'!R23 -> 0 | AE20: ='Reagent Consumption'!S23 -> 0 | AF20: ='Reagent Consumption'!T23 -> 0 | AG20: ='Fuel Consumption'!F17 -> 0
B21: 46262 | C21: =Crushing!N34 -> 167.765 | D21: =D20+C21 -> 1850.8341 | E21: =C21/I21 -> 20.927027 | F21: =AVERAGE('Rom File Inventory'!T118:T126) -> 0.66411111 | G21: =F21*C21 -> 111.4146 | H21: =G21/1000 -> 0.1114146 | I21: ='Crushing Down Time Hours'!L16 -> 8.0166667 | J21: 0 | K21: ='Crushing Down Time Hours'!M16 -> 0.66805556 | L21: =J21/24 -> 0 | M21: ='Milling Down Time Hours'!N7 -> 0.91666667 | N21: =IF(L21=100%,I21/24*100%,L21) -> 0 | T21: =(P21*R21)-(S21*P21) -> 0 | U21: =((R21-S21)/R21) -> #DIV/0! | Z21: ='Reagent Consumption'!O24 -> 0 | AA21: ='Fuel Consumption'!F18 -> 0 | AB21: ='Reagent Consumption'!Q24 -> 0 | AC21: ='Reagent Consumption'!P24 -> 0 | AD21: ='Reagent Consumption'!R24 -> 0 | AE21: ='Reagent Consumption'!S24 -> 0 | AF21: ='Reagent Consumption'!T24 -> 0 | AG21: ='Fuel Consumption'!F18 -> 0
B22: 46263 | C22: =Crushing!N36 -> 240.435 | D22: =D21+C22 -> 2091.2691 | E22: =C22/I22 -> 24.003494 | F22: =AVERAGE('Rom File Inventory'!T127:T137) -> 0.872 | G22: =F22*C22 -> 209.65932 | H22: =G22/1000 -> 0.20965932 | I22: ='Crushing Down Time Hours'!L17 -> 10.016667 | J22: 0 | K22: ='Crushing Down Time Hours'!M17 -> 0.83472222 | L22: =J22/24 -> 0 | M22: ='Milling Down Time Hours'!N8 -> 0.45902778 | N22: =IF(L22=100%,I22/24*100%,L22) -> 0 | T22: =(P22*R22)-(S22*P22) -> 0 | U22: =((R22-S22)/R22) -> #DIV/0! | Z22: ='Reagent Consumption'!O25 -> 0 | AA22: ='Fuel Consumption'!F19 -> 0 | AB22: ='Reagent Consumption'!Q25 -> 0 | AC22: ='Reagent Consumption'!P25 -> 0 | AD22: ='Reagent Consumption'!R25 -> 0 | AE22: ='Reagent Consumption'!S25 -> 0 | AF22: ='Reagent Consumption'!T25 -> 0 | AG22: ='Fuel Consumption'!F19 -> 0
B23: 46264 | C23: =Crushing!N38 -> 53.82 | D23: =D22+C23 -> 2145.0891 | E23: =C23/I23 -> 26.468852 | F23: =AVERAGE('Rom File Inventory'!T138:T141) -> 0.989 | G23: =F23*C23 -> 53.22798 | H23: =G23/1000 -> 0.05322798 | I23: ='Crushing Down Time Hours'!L18 -> 2.0333333 | J23: 0 | K23: ='Crushing Down Time Hours'!M18 -> 0.16944444 | L23: =J23/24 -> 0 | M23: ='Milling Down Time Hours'!N9 -> 0.0013888889 | N23: =IF(L23=100%,I23/24*100%,L23) -> 0 | T23: =(P23*R23)-(S23*P23) -> 0 | U23: =((R23-S23)/R23) -> #DIV/0! | Z23: ='Reagent Consumption'!O26 -> 0 | AA23: ='Fuel Consumption'!F20 -> 0 | AB23: ='Reagent Consumption'!Q26 -> 0 | AC23: ='Reagent Consumption'!P26 -> 0 | AD23: ='Reagent Consumption'!R26 -> 0 | AE23: ='Reagent Consumption'!S26 -> 0 | AF23: ='Reagent Consumption'!T26 -> 0 | AG23: ='Fuel Consumption'!F20 -> 0
B24: 46265 | C24: 0 | D24: =D23+C24 -> 2145.0891 | E24: =C24/I24 -> #DIV/0! | G24: =F24*C24 -> 0 | H24: =G24/1000 -> 0 | I24: ='Crushing Down Time Hours'!L19 -> 0 | J24: ='Milling Down Time Hours'!M5 -> 22.433333 | K24: ='Crushing Down Time Hours'!M24 -> 0 | L24: =J24/24 -> 0.93472222 | M24: ='Milling Down Time Hours'!N10 -> 0.45902778 | N24: =IF(L24=100%,I24/24*100%,L24) -> 0.93472222 | T24: =(P24*R24)-(S24*P24) -> 0 | U24: =((R24-S24)/R24) -> #DIV/0! | Z24: ='Reagent Consumption'!O27 -> 0 | AA24: ='Fuel Consumption'!F21 -> 0 | AB24: ='Reagent Consumption'!Q27 -> 0 | AC24: ='Reagent Consumption'!P27 -> 0 | AD24: ='Reagent Consumption'!R27 -> 0 | AE24: ='Reagent Consumption'!S27 -> 0 | AF24: ='Reagent Consumption'!T27 -> 0 | AG24: ='Fuel Consumption'!F21 -> 0
B25: 46266 | C25: 0 | D25: =D24+C25 -> 2145.0891 | E25: =C25/I25 -> #DIV/0! | G25: =F25*C25 -> 0 | H25: =G25/1000 -> 0 | I25: ='Crushing Down Time Hours'!L20 -> 0 | J25: ='Milling Down Time Hours'!M6 -> 22.9 | K25: ='Crushing Down Time Hours'!M25 -> 0 | L25: =J25/24 -> 0.95416667 | M25: ='Milling Down Time Hours'!N11 -> 0.90972222 | N25: =IF(L25=100%,I25/24*100%,L25) -> 0.95416667 | T25: =(P25*R25)-(S25*P25) -> 0 | U25: =((R25-S25)/R25) -> #DIV/0! | Z25: ='Reagent Consumption'!O28 -> 0 | AA25: ='Fuel Consumption'!F22 -> 0 | AB25: ='Reagent Consumption'!Q28 -> 0 | AC25: ='Reagent Consumption'!P28 -> 0 | AD25: ='Reagent Consumption'!R28 -> 0 | AE25: ='Reagent Consumption'!S28 -> 0 | AF25: ='Reagent Consumption'!T28 -> 0 | AG25: ='Fuel Consumption'!F22 -> 0
B26: 46267 | C26: =Crushing!N25 -> 0 | D26: =D25+C26 -> 2145.0891 | E26: =C26/I26 -> #DIV/0! | G26: =F26*C26 -> 0 | H26: =G26/1000 -> 0 | I26: ='Crushing Down Time Hours'!L21 -> 0 | J26: ='Milling Down Time Hours'!M7 -> 22 | K26: ='Crushing Down Time Hours'!M26 -> 0 | L26: =J26/24 -> 0.91666667 | M26: ='Milling Down Time Hours'!N12 -> 0.93541667 | N26: =IF(L26=100%,I26/24*100%,L26) -> 0.91666667 | T26: =(P26*R26)-(S26*P26) -> 0 | U26: =((R26-S26)/R26) -> #DIV/0! | Z26: ='Reagent Consumption'!O29 -> 0 | AA26: ='Fuel Consumption'!F23 -> 0 | AB26: ='Reagent Consumption'!Q29 -> 0 | AC26: ='Reagent Consumption'!P29 -> 0 | AD26: ='Reagent Consumption'!R29 -> 0 | AE26: ='Reagent Consumption'!S29 -> 0 | AF26: ='Reagent Consumption'!T29 -> 0 | AG26: ='Fuel Consumption'!F23 -> 0
B27: 46268 | C27: 0 | D27: =D26+C27 -> 2145.0891 | E27: =C27/I27 -> #DIV/0! | G27: =F27*C27 -> 0 | H27: =G27/1000 -> 0 | I27: ='Crushing Down Time Hours'!L22 -> 0 | J27: ='Milling Down Time Hours'!M8 -> 11.016667 | K27: ='Crushing Down Time Hours'!M27 -> 0 | L27: =J27/24 -> 0.45902778 | M27: ='Milling Down Time Hours'!N13 -> 0.98680556 | N27: =IF(L27=100%,I27/24*100%,L27) -> 0.45902778 | T27: =(P27*R27)-(S27*P27) -> 0 | U27: =((R27-S27)/R27) -> #DIV/0! | Z27: ='Reagent Consumption'!O30 -> 0 | AA27: ='Fuel Consumption'!F24 -> 0 | AB27: ='Reagent Consumption'!Q30 -> 0 | AC27: ='Reagent Consumption'!P30 -> 0 | AD27: ='Reagent Consumption'!R30 -> 0 | AE27: ='Reagent Consumption'!S30 -> 0 | AF27: ='Reagent Consumption'!T30 -> 0 | AG27: ='Fuel Consumption'!F24 -> 0
B28: 46269 | C28: =Crushing!N27 -> 0 | D28: =D27+C28 -> 2145.0891 | E28: =C28/I28 -> #DIV/0! | G28: =F28*C28 -> 0 | H28: =G28/1000 -> 0 | I28: ='Crushing Down Time Hours'!L23 -> 0 | J28: ='Milling Down Time Hours'!M9 -> 0.033333333 | K28: ='Crushing Down Time Hours'!M28 -> 0 | L28: =J28/24 -> 0.0013888889 | M28: ='Milling Down Time Hours'!N14 -> 0.94861111 | N28: =IF(L28=100%,I28/24*100%,L28) -> 0.0013888889 | T28: =(P28*R28)-(S28*P28) -> 0 | U28: =((R28-S28)/R28) -> #DIV/0! | Z28: ='Reagent Consumption'!O31 -> 0 | AA28: ='Fuel Consumption'!F25 -> 0 | AB28: ='Reagent Consumption'!Q31 -> 0 | AC28: ='Reagent Consumption'!P31 -> 0 | AD28: ='Reagent Consumption'!R31 -> 0 | AE28: ='Reagent Consumption'!S31 -> 0 | AF28: ='Reagent Consumption'!T31 -> 0 | AG28: ='Fuel Consumption'!F25 -> 0
B29: 46270 | C29: 0 | D29: =D28+C29 -> 2145.0891 | E29: =C29/I29 -> #DIV/0! | G29: =F29*C29 -> 0 | H29: =G29/1000 -> 0 | I29: ='Crushing Down Time Hours'!L24 -> 0 | J29: ='Milling Down Time Hours'!M10 -> 11.016667 | K29: ='Crushing Down Time Hours'!M29 -> 0 | L29: =J29/24 -> 0.45902778 | M29: ='Milling Down Time Hours'!N15 -> 0.93055556 | N29: =IF(L29=100%,I29/24*100%,L29) -> 0.45902778 | T29: =(P29*R29)-(S29*P29) -> 0 | U29: =((R29-S29)/R29) -> #DIV/0! | Z29: ='Reagent Consumption'!O32 -> 0 | AA29: ='Fuel Consumption'!F26 -> 0 | AB29: ='Reagent Consumption'!Q32 -> 0 | AC29: ='Reagent Consumption'!P32 -> 0 | AD29: ='Reagent Consumption'!R32 -> 0 | AE29: ='Reagent Consumption'!S32 -> 0 | AF29: ='Reagent Consumption'!T32 -> 0 | AG29: ='Fuel Consumption'!F26 -> 0
B30: 46271 | C30: =Crushing!N52 -> 0 | D30: =D29+C30 -> 2145.0891 | E30: =C30/I30 -> #DIV/0! | G30: =F30*C30 -> 0 | H30: =G30/1000 -> 0 | I30: ='Crushing Down Time Hours'!L25 -> 0 | J30: ='Milling Down Time Hours'!M11 -> 21.833333 | K30: ='Crushing Down Time Hours'!M30 -> 0 | L30: =J30/24 -> 0.90972222 | M30: ='Milling Down Time Hours'!N17 -> 1 | N30: =IF(L30=100%,I30/24*100%,L30) -> 0.90972222 | T30: =(P30*R30)-(S30*P30) -> 0 | U30: =((R30-S30)/R30) -> #DIV/0! | Z30: ='Reagent Consumption'!O33 -> 0 | AA30: ='Fuel Consumption'!F27 -> 0 | AB30: ='Reagent Consumption'!Q33 -> 0 | AC30: ='Reagent Consumption'!P33 -> 0 | AD30: ='Reagent Consumption'!R33 -> 0 | AE30: ='Reagent Consumption'!S33 -> 0 | AF30: ='Reagent Consumption'!T33 -> 0 | AG30: ='Fuel Consumption'!F27 -> 0
B31: 46272 | C31: =Crushing!N30 -> 0 | D31: =D30+C31 -> 2145.0891 | E31: =C31/I31 -> #DIV/0! | G31: =F31*C31 -> 0 | H31: =G31/1000 -> 0 | I31: ='Crushing Down Time Hours'!L26 -> 0 | J31: ='Milling Down Time Hours'!M12 -> 22.45 | K31: ='Crushing Down Time Hours'!M31 -> 0 | L31: =J31/24 -> 0.93541667 | M31: ='Milling Down Time Hours'!N18 -> 1 | N31: =IF(L31=100%,I31/24*100%,L31) -> 0.93541667 | T31: =(P31*R31)-(S31*P31) -> 0 | U31: =((R31-S31)/R31) -> #DIV/0! | Z31: ='Reagent Consumption'!O34 -> 0 | AA31: ='Fuel Consumption'!F28 -> 0 | AB31: ='Reagent Consumption'!Q34 -> 0 | AC31: ='Reagent Consumption'!P34 -> 0 | AD31: ='Reagent Consumption'!R34 -> 0 | AE31: ='Reagent Consumption'!S34 -> 0 | AF31: ='Reagent Consumption'!T34 -> 0 | AG31: ='Fuel Consumption'!F28 -> 0
B32: 46273 | C32: =Crushing!N31 -> 0 | D32: =D31+C32 -> 2145.0891 | E32: =C32/I32 -> #DIV/0! | G32: =F32*C32 -> 0 | H32: =G32/1000 -> 0 | I32: ='Crushing Down Time Hours'!L27 -> 0 | J32: ='Milling Down Time Hours'!M13 -> 23.683333 | K32: ='Crushing Down Time Hours'!M32 -> 0 | L32: =J32/24 -> 0.98680556 | M32: 1 | N32: =IF(L32=100%,I32/24*100%,L32) -> 0.98680556 | T32: =(P32*R32)-(S32*P32) -> 0 | U32: =((R32-S32)/R32) -> #DIV/0! | Z32: ='Reagent Consumption'!O35 -> 0 | AA32: ='Fuel Consumption'!F29 -> 0 | AB32: ='Reagent Consumption'!Q35 -> 0 | AC32: ='Reagent Consumption'!P35 -> 0 | AD32: ='Reagent Consumption'!R35 -> 0 | AE32: ='Reagent Consumption'!S35 -> 0 | AF32: ='Reagent Consumption'!T35 -> 0 | AG32: ='Fuel Consumption'!F29 -> 0
B33: 46274 | C33: =Crushing!N58 -> 0 | D33: =D32+C33 -> 2145.0891 | E33: =C33/I33 -> #DIV/0! | G33: =F33*C33 -> 0 | H33: =G33/1000 -> 0 | I33: ='Crushing Down Time Hours'!L28 -> 0 | J33: ='Milling Down Time Hours'!M14 -> 22.766667 | K33: ='Crushing Down Time Hours'!M33 -> 0 | L33: =J33/24 -> 0.94861111 | M33: 1 | N33: =IF(L33=100%,I33/24*100%,L33) -> 0.94861111 | T33: =(P33*R33)-(S33*P33) -> 0 | U33: =((R33-S33)/R33) -> #DIV/0! | Z33: ='Reagent Consumption'!O36 -> 0 | AA33: ='Fuel Consumption'!F30 -> 0 | AB33: ='Reagent Consumption'!Q36 -> 0 | AC33: ='Reagent Consumption'!P36 -> 0 | AD33: ='Reagent Consumption'!R36 -> 0 | AE33: ='Reagent Consumption'!S36 -> 0 | AF33: ='Reagent Consumption'!T36 -> 0 | AG33: ='Fuel Consumption'!F30 -> 0
B34: 46275 | C34: =Crushing!N33 -> 0 | D34: =D33+C34 -> 2145.0891 | E34: =C34/I34 -> #DIV/0! | G34: =F34*C34 -> 0 | H34: =G34/1000 -> 0 | I34: ='Crushing Down Time Hours'!L29 -> 0 | J34: ='Milling Down Time Hours'!M15 -> 22.333333 | K34: ='Crushing Down Time Hours'!M34 -> 0 | L34: =J34/24 -> 0.93055556 | M34: 1 | N34: =IF(L34=100%,I34/24*100%,L34) -> 0.93055556 | T34: =(P34*R34)-(S34*P34) -> 0 | U34: =((R34-S34)/R34) -> #DIV/0! | Z34: ='Reagent Consumption'!O37 -> 0 | AA34: ='Fuel Consumption'!F31 -> 0 | AB34: ='Reagent Consumption'!Q37 -> 0 | AC34: ='Reagent Consumption'!P37 -> 0 | AD34: ='Reagent Consumption'!R37 -> 0 | AE34: ='Reagent Consumption'!S37 -> 0 | AF34: ='Reagent Consumption'!T37 -> 0 | AG34: ='Fuel Consumption'!F31 -> 0
B35: 46276 | D35: =D34+C35 -> 2145.0891 | E35: =C35/I35 -> #DIV/0! | G35: =F35*C35 -> 0 | H35: =G35/1000 -> 0 | I35: ='Crushing Down Time Hours'!L30 -> 0 | J35: ='Milling Down Time Hours'!M17 -> 24 | K35: ='Crushing Down Time Hours'!M35 -> 0 | L35: =J35/24 -> 1 | M35: 1 | N35: =IF(L35=100%,I35/24*100%,L35) -> 0 | T35: =(P35*R35)-(S35*P35) -> 0 | U35: =((R35-S35)/R35) -> #DIV/0! | Z35: ='Reagent Consumption'!O38 -> 0 | AA35: ='Fuel Consumption'!F32 -> 0 | AB35: ='Reagent Consumption'!Q38 -> 0 | AC35: ='Reagent Consumption'!P38 -> 0 | AD35: ='Reagent Consumption'!R38 -> 0 | AE35: ='Reagent Consumption'!S38 -> 0 | AF35: ='Reagent Consumption'!T38 -> 0 | AG35: ='Fuel Consumption'!F32 -> 0
B36: 46277 | C36: =Crushing!N35 -> 0 | D36: =D35+C36 -> 2145.0891 | E36: =C36/I36 -> #DIV/0! | G36: =F36*C36 -> 0 | H36: =G36/1000 -> 0 | I36: ='Crushing Down Time Hours'!L31 -> 0 | J36: ='Milling Down Time Hours'!M18 -> 24 | K36: ='Crushing Down Time Hours'!M36 -> 0 | L36: =J36/24 -> 1 | M36: 1 | N36: =IF(L36=100%,I36/24*100%,L36) -> 0 | T36: =(P36*R36)-(S36*P36) -> 0 | U36: =((R36-S36)/R36) -> #DIV/0! | Z36: ='Reagent Consumption'!O39 -> 0 | AA36: ='Fuel Consumption'!F33 -> 0 | AB36: ='Reagent Consumption'!Q39 -> 0 | AC36: ='Reagent Consumption'!P39 -> 0 | AD36: ='Reagent Consumption'!R39 -> 0 | AE36: ='Reagent Consumption'!S39 -> 0 | AF36: ='Reagent Consumption'!T39 -> 0 | AG36: ='Fuel Consumption'!F33 -> 0
B37: 46278 | C37: =Crushing!N66 -> 0 | D37: =D36+C37 -> 2145.0891 | E37: =C37/I37 -> #DIV/0! | G37: =F37*C37 -> 0 | H37: =G37/1000 -> 0 | I37: ='Crushing Down Time Hours'!L32 -> 0 | J37: ='Milling Down Time Hours'!M19 -> 24 | K37: ='Crushing Down Time Hours'!M37 -> 0 | L37: =J37/24 -> 1 | M37: 1 | N37: =IF(L37=100%,I37/24*100%,L37) -> 0 | T37: =(P37*R37)-(S37*P37) -> 0 | U37: =((R37-S37)/R37) -> #DIV/0! | Z37: ='Reagent Consumption'!O40 -> 0 | AA37: ='Fuel Consumption'!F34 -> 0 | AB37: ='Reagent Consumption'!Q40 -> 0 | AC37: ='Reagent Consumption'!P40 -> 0 | AD37: ='Reagent Consumption'!R40 -> 0 | AE37: ='Reagent Consumption'!S40 -> 0 | AF37: ='Reagent Consumption'!T40 -> 0 | AG37: ='Fuel Consumption'!F34 -> 0
B38: 46279 | C38: =Crushing!N68 -> 0 | D38: =D37+C38 -> 2145.0891 | E38: =C38/I38 -> #DIV/0! | G38: =F38*C38 -> 0 | H38: =G38/1000 -> 0 | I38: ='Crushing Down Time Hours'!L33 -> 0 | J38: ='Milling Down Time Hours'!M20 -> 24 | K38: ='Crushing Down Time Hours'!M38 -> 0 | L38: =J38/24 -> 1 | M38: 2 | N38: =IF(L38=100%,I38/24*100%,L38) -> 0 | Z38: ='Reagent Consumption'!O41 -> 0 | AA38: ='Fuel Consumption'!F35 -> 0 | AB38: ='Reagent Consumption'!Q41 -> 0 | AC38: ='Reagent Consumption'!P41 -> 0 | AD38: ='Reagent Consumption'!R41 -> 0 | AE38: ='Reagent Consumption'!S41 -> 0 | AF38: ='Reagent Consumption'!T41 -> 0 | AG38: ='Fuel Consumption'!F35 -> 0
B39: 46280 | D39: =D38+C39 -> 2145.0891 | E39: =C39/I39 -> #DIV/0! | G39: =F39*C39 -> 0 | H39: =G39/1000 -> 0 | I39: ='Crushing Down Time Hours'!L34 -> 0 | J39: ='Milling Down Time Hours'!M21 -> 24 | K39: ='Crushing Down Time Hours'!M39 -> 0 | L39: =J39/24 -> 1 | M39: 3 | N39: =IF(L39=100%,I39/24*100%,L39) -> 0 | Z39: ='Reagent Consumption'!O42 -> 0 | AA39: ='Fuel Consumption'!F36 -> 0 | AB39: ='Reagent Consumption'!Q42 -> 0 | AC39: ='Reagent Consumption'!P42 -> 0 | AD39: ='Reagent Consumption'!R42 -> 0 | AE39: ='Reagent Consumption'!S42 -> 0 | AF39: ='Reagent Consumption'!T42 -> 0 | AG39: ='Fuel Consumption'!F36 -> 0
B40: 46281 | C40: =Crushing!N39 -> 0 | D40: =D39+C40 -> 2145.0891 | E40: =C40/I40 -> #DIV/0! | G40: =F40*C40 -> 0 | H40: =G40/1000 -> 0 | I40: ='Crushing Down Time Hours'!L35 -> 0 | J40: ='Milling Down Time Hours'!M22 -> 24 | K40: ='Crushing Down Time Hours'!M40 -> 0 | L40: =J40/24 -> 1 | M40: 4 | N40: =IF(L40=100%,I40/24*100%,L40) -> 0 | Z40: ='Reagent Consumption'!O43 -> 0 | AA40: ='Fuel Consumption'!F37 -> 0 | AB40: ='Reagent Consumption'!Q43 -> 0 | AC40: ='Reagent Consumption'!P43 -> 0 | AD40: ='Reagent Consumption'!R43 -> 0 | AE40: ='Reagent Consumption'!S43 -> 0 | AF40: ='Reagent Consumption'!T43 -> 0 | AG40: ='Fuel Consumption'!F37 -> 0
B41: 46282 | C41: =Crushing!N40 -> 0 | D41: =D40+C41 -> 2145.0891 | E41: =C41/I41 -> #DIV/0! | G41: =F41*C41 -> 0 | H41: =G41/1000 -> 0 | I41: ='Crushing Down Time Hours'!L36 -> 0 | J41: ='Milling Down Time Hours'!M23 -> 24 | K41: ='Crushing Down Time Hours'!M41 -> 0 | L41: =J41/24 -> 1 | M41: 5 | N41: =IF(L41=100%,I41/24*100%,L41) -> 0 | Z41: ='Reagent Consumption'!O44 -> 0 | AA41: ='Fuel Consumption'!F38 -> 0 | AB41: ='Reagent Consumption'!Q44 -> 0 | AC41: ='Reagent Consumption'!P44 -> 0 | AD41: ='Reagent Consumption'!R44 -> 0 | AE41: ='Reagent Consumption'!S44 -> 0 | AF41: ='Reagent Consumption'!T44 -> 0 | AG41: ='Fuel Consumption'!F38 -> 0
B42: 46283 | C42: =Crushing!N41 -> 0 | D42: =D41+C42 -> 2145.0891 | E42: =C42/I42 -> #DIV/0! | G42: =F42*C42 -> 0 | H42: =G42/1000 -> 0 | I42: ='Crushing Down Time Hours'!L37 -> 0 | J42: ='Milling Down Time Hours'!M24 -> 24 | K42: ='Crushing Down Time Hours'!M42 -> 0 | L42: =J42/24 -> 1 | M42: 6 | N42: =IF(L42=100%,I42/24*100%,L42) -> 0 | Z42: ='Reagent Consumption'!O45 -> 0 | AA42: ='Fuel Consumption'!F39 -> 0 | AB42: ='Reagent Consumption'!Q45 -> 0 | AC42: ='Reagent Consumption'!P45 -> 0 | AD42: ='Reagent Consumption'!R45 -> 0 | AE42: ='Reagent Consumption'!S45 -> 0 | AF42: ='Reagent Consumption'!T45 -> 0 | AG42: ='Fuel Consumption'!F39 -> 0
B43: 46284 | C43: =Crushing!N42 -> 0 | D43: =D42+C43 -> 2145.0891 | E43: =C43/I43 -> #DIV/0! | G43: =F43*C43 -> 0 | H43: =G43/1000 -> 0 | I43: ='Crushing Down Time Hours'!L38 -> 0 | J43: ='Milling Down Time Hours'!M25 -> 24 | K43: ='Crushing Down Time Hours'!M43 -> 0.49962121 | L43: =J43/24 -> 1 | M43: 7 | N43: =IF(L43=100%,I43/24*100%,L43) -> 0 | Z43: ='Reagent Consumption'!O46 -> 0 | AA43: ='Fuel Consumption'!F40 -> 0 | AB43: ='Reagent Consumption'!Q46 -> 0 | AC43: ='Reagent Consumption'!P46 -> 0 | AD43: ='Reagent Consumption'!R46 -> 0 | AE43: ='Reagent Consumption'!S46 -> 0 | AF43: ='Reagent Consumption'!T46 -> 0 | AG43: ='Fuel Consumption'!F40 -> 0
B44: 46285 | C44: =Crushing!N43 -> 0 | D44: =D43+C44 -> 2145.0891 | E44: =C44/I44 -> #DIV/0! | G44: =F44*C44 -> 0 | H44: =G44/1000 -> 0 | I44: ='Crushing Down Time Hours'!L39 -> 0 | J44: ='Milling Down Time Hours'!M26 -> 24 | K44: ='Crushing Down Time Hours'!M44 -> 0 | L44: =J44/24 -> 1 | M44: 8 | N44: =IF(L44=100%,I44/24*100%,L44) -> 0 | Z44: ='Reagent Consumption'!O47 -> 0 | AA44: ='Fuel Consumption'!F41 -> 0 | AB44: ='Reagent Consumption'!Q47 -> 0 | AC44: ='Reagent Consumption'!P47 -> 0 | AD44: ='Reagent Consumption'!R47 -> 0 | AE44: ='Reagent Consumption'!S47 -> 0 | AF44: ='Reagent Consumption'!T47 -> 0 | AG44: ='Fuel Consumption'!F41 -> 0
B45: 46286 | C45: =Crushing!N44 -> 0 | D45: =D44+C45 -> 2145.0891 | E45: =C45/I45 -> #DIV/0! | G45: =F45*C45 -> 0 | H45: =G45/1000 -> 0 | I45: ='Crushing Down Time Hours'!L40 -> 0 | K45: ='Crushing Down Time Hours'!M45 -> 0 | L45: =J45/24 -> 0 | M45: 9 | N45: =IF(L45=100%,I45/24*100%,L45) -> 0 | Z45: ='Reagent Consumption'!O48 -> 0 | AA45: ='Fuel Consumption'!F42 -> 0 | AB45: ='Reagent Consumption'!Q48 -> 0 | AC45: ='Reagent Consumption'!P48 -> 0 | AD45: ='Reagent Consumption'!R48 -> 0 | AE45: ='Reagent Consumption'!S48 -> 0 | AF45: ='Reagent Consumption'!T48 -> 0 | AG45: ='Fuel Consumption'!F42 -> 0
B46: 46287 | C46: =Crushing!N45 -> 0 | D46: =D45+C46 -> 2145.0891 | E46: =C46/I46 -> #DIV/0! | G46: =F46*C46 -> 0 | H46: =G46/1000 -> 0 | I46: ='Crushing Down Time Hours'!L41 -> 0 | Z46: ='Reagent Consumption'!O49 -> 0 | AA46: ='Fuel Consumption'!F43 -> 0 | AB46: ='Reagent Consumption'!Q49 -> 0 | AC46: ='Reagent Consumption'!P49 -> 0 | AD46: ='Reagent Consumption'!R49 -> 0 | AE46: ='Reagent Consumption'!S49 -> 0 | AF46: ='Reagent Consumption'!T49 -> 0 | AG46: ='Fuel Consumption'!F43 -> 0
B47: 46288 | C47: =Crushing!N46 -> 0 | D47: =D46+C47 -> 2145.0891 | E47: =C47/I47 -> #DIV/0! | G47: =F47*C47 -> 0 | H47: =G47/1000 -> 0 | I47: ='Crushing Down Time Hours'!L42 -> 0 | Z47: ='Reagent Consumption'!O50 -> 0 | AA47: ='Fuel Consumption'!F44 -> 0 | AB47: ='Reagent Consumption'!Q50 -> 0 | AC47: ='Reagent Consumption'!P50 -> 0 | AD47: ='Reagent Consumption'!R50 -> 0 | AE47: ='Reagent Consumption'!S50 -> 0 | AF47: ='Reagent Consumption'!T50 -> 0 | AG47: ='Fuel Consumption'!F44 -> 0
B48: 46289 | C48: =Crushing!N47 -> 0 | D48: =D47+C48 -> 2145.0891 | E48: =C48/I48 -> 0 | G48: =F48*C48 -> 0 | H48: =G48/1000 -> 0 | I48: ='Crushing Down Time Hours'!L43 -> 65.95 | Z48: ='Reagent Consumption'!O51 -> 0 | AA48: ='Fuel Consumption'!F45 -> 0 | AB48: ='Reagent Consumption'!Q51 -> 0 | AC48: ='Reagent Consumption'!P51 -> 0 | AD48: ='Reagent Consumption'!R51 -> 0 | AE48: ='Reagent Consumption'!S51 -> 0 | AF48: ='Reagent Consumption'!T51 -> 0 | AG48: ='Fuel Consumption'!F45 -> 0
B49: 46290 | C49: =Crushing!N48 -> 0 | D49: =D48+C49 -> 2145.0891 | E49: =C49/I49 -> 0 | G49: =F49*C49 -> 0 | H49: =G49/1000 -> 0 | I49: ='Crushing Down Time Hours'!L44 -> 0.61064815 | Z49: ='Reagent Consumption'!O52 -> 0 | AA49: ='Fuel Consumption'!F46 -> 0 | AB49: ='Reagent Consumption'!Q52 -> 0 | AC49: ='Reagent Consumption'!P52 -> 0 | AD49: ='Reagent Consumption'!R52 -> 0 | AE49: ='Reagent Consumption'!S52 -> 0 | AF49: ='Reagent Consumption'!T52 -> 0 | AG49: ='Fuel Consumption'!F46 -> 0
B50: Total | C50: =SUM(C7:C49) -> 2145.0891 | G50: =SUM(G7:G49) -> 1775.8371 | H50: =SUM(H7:H37) -> 1.7758371 | I50: ='Crushing Down Time Hours'!L45 -> 0 | O50: =SUM(O7:O36) -> 0 | P50: =SUM(P7:P36) -> 0 | Q50: =SUM(Q7:Q36) -> 0 | T50: =R50-S50 -> 0 | V50: =SUM(V7:V36) -> 0 | W50: =SUM(W7:W36) -> 0 | X50: =SUM(X7:X36) -> 0 | Y50: =SUM(Y7:Y36) -> 0 | Z50: =SUM(Z7:Z49) -> 1125 | AB50: =SUM(AB7:AB49) -> 2000 | AC50: =SUM(AC7:AC49) -> 2250 | AF50: =SUM(AF7:AF49) -> 50 | AG50: =SUM(AG7:AG37) -> 0
B51: Average | C51: =AVERAGE(C7:C15) -> 155.12417 | E51: =AVERAGE(E7:E15) -> #DIV/0! | F51: =AVERAGE(F7:F49) -> 0.93252381 | G51: =AVERAGE(G7:G37) -> 57.285068 | H51: =AVERAGE(H8:H36) -> 0.061235763 | I51: =AVERAGE(I7:I15) -> 9.1291667 | K51: =AVERAGE(K7:K17) -> 0.62619048 | L51: =AVERAGE(L8:L36) -> 0.3598659 | M51: =AVERAGE(M8:M36) -> 0.91159004 | N51: =AVERAGE(N8:N45) -> 0.22200292 | O51: =AVERAGE(O8:O36) -> #DIV/0! | P51: =AVERAGE(P8:P36) -> #DIV/0! | Q51: =AVERAGE(Q8:Q36) -> #DIV/0! | V51: =AVERAGE(V8:V36) -> #DIV/0! | W51: =AVERAGE(W8:W36) -> #DIV/0! | X51: =AVERAGE(X8:X36) -> #DIV/0! | Y51: =AVERAGE(Y8:Y36) -> #DIV/0! | Z51: =AVERAGE(Z8:Z36) -> 38.793103 | AA51: =AVERAGE(AA8:AA36) -> 0 | AB51: =AVERAGE(AB8:AB36) -> 68.965517 | AC51: =AVERAGE(AC8:AC36) -> 77.586207 | AF51: =AVERAGE(AF8:AF36) -> 1.7241379
E53: Median | F53: =MEDIAN(F7:F49) -> 0.872
E54: Max | F54: =MAX(F7:F17) -> 1.45 | W54: Au Grade
E55: Min | F55: =MIN(F7,F9:F19) -> 0.442 | W55: Median | X55: =F53 -> 0.872
G56: Metal Content (gr) | W56: Average | X56: =F51 -> 0.93252381 | AI56: =0.6*1.4 -> 0.84
F57: Estimate By Metal Contenct | G57: =G50/D49 -> 0.8278617 | W57: Min | X57: =F55 -> 0.442
W58: Max | X58: =F54 -> 1.45
W60: Tonage Production Average
W61: Tpd | X61: =C51 -> 155.12417
W62: Tph | X62: =E51 -> #DIV/0!

Sheet AAS lab Crushing Daily 
C3: Assay Lab Result | L3: Assay Lab Result
C4: No | D4: Id Sampel | E4: Date | F4: Au (g/t) | G4: Ag (g/t) | H4: Cu (g/t) | L4: No | M4: Id Sampel | N4: Date | O4: Au (g/t) | P4: Ag (g/t) | Q4: Cu (g/t)
C5: 1 | D5: SR COM 24/06/2026 1 | E5: 46197 | F5: 0.546 | L5: 51 | M5: Crusher 11:00 | N5: 46253 | O5: 0.673
C6: 2 | D6: SR COM 24/06/2026 2 | E6: 46197 | F6: 0.576 | L6: 52 | M6: Crusher 11:30 | N6: 46253 | O6: 0.662
C7: 3 | D7: SR COM 24/06/2026 3 | E7: 46197 | F7: 0.839 | L7: 53 | M7: Crusher 13:00 | N7: 46253 | O7: 0.555
C8: 4 | D8: SR COM 24/06/2026 4 | E8: 46197 | F8: 2.011 | L8: 54 | M8: Crusher 13:30 | N8: 46253 | O8: 0.813
C9: 5 | D9: SR COM 24/06/2026 5 | E9: 46197 | F9: 0.944 | L9: 55 | M9: Crusher 14:00 | N9: 46253 | O9: 1.147
C10: 6 | D10: SR COM 24/06/2026 6 | E10: 46197 | F10: 0.702 | L10: 56 | M10: Crusher 14:30 | N10: 46253 | O10: 1.941
C11: 7 | D11: SR COM 24/06/2026 7 | E11: 46197 | F11: 3.216 | L11: 57 | M11: Crusher 15:00 | N11: 46253 | O11: 0.489
C12: 8 | D12: SR COM 24/06/2026 8 | E12: 46197 | F12: 0.562 | L12: 58 | M12: Crusher 15:30 | N12: 46253 | O12: 0.556
C13: 9 | D13: SR COM 24/06/2026 9 | E13: 46197 | F13: 0.79 | L13: 59 | M13: Crusher 16:00 | N13: 46253 | O13: 3.032
C14: 10 | D14: SR COM 24/06/2026 10 | E14: 46197 | F14: 1.583 | L14: 60 | M14: Crusher 16:30 | N14: 46253 | O14: 0.632
C15: 11 | D15: Clay and Sandly 1 | E15: 46181 | F15: 1.963 | L15: 61 | M15: Crusher 17:00 | N15: 46253 | O15: 1.043
C16: 12 | D16: Clay and Sandly 2 | E16: 46181 | F16: 0.735 | L16: 62 | M16: Crusher 17:30 | N16: 46253 | O16: 1.59
... C54: 50 | D54: Crusher 10:30 | E54: 46253 | F54: 0.506 | L54: 100 | M54: Crusher 15:00 | N54: 46258 | O54: 0.326
L55: 101 | M55: Crusher 16:00 | N55: 46258 | O55: 0.24
L56: 102 | M56: Crusher 17:00 | N56: 46258 | O56: 1.077
L57: 103 | M57: Crusher 13:00 | N57: 46261 | O57: 0.253
L58: 104 | M58: Crusher 14:00 | N58: 46261 | O58: 0.732
L59: 105 | M59: Crusher 15:00 | N59: 46261 | O59: 0.454
L60: 106 | M60: Crusher 16:00 | N60: 46261 | O60: 0.616
L61: 107 | M61: Crusher 17:00 | N61: 46261 | O61: 0.242
L62: 108 | M62: Crusher 18:00 | N62: 46261 | O62: 2.098
L63: 109 | M63: Crusher 19:00 | N63: 46261 | O63: 0.863

Sheet Reagent Consumption
B1: Data Reagent Additional and Reagent Consumption Processing Plant | T1: =125+150 -> 275
B2: PT Bulawan Daya Lestari
B3: Metalurgi PT BDL, PIC DYAN RAMDHANI
A5: Data ragents consumption | D5: Leaching | G5: Goldroom | J5: Thickener Tank | L5: Crushing | U5: Gold Rom
A6: Date | B6: Shift | C6: PIC | D6: Sandios (kg) : | E6: Lime (kg) : | F6: Carbon (kg) : | G6: Sandios (kg) : | H6: NaOH (kg) : | I6: HCL (Jerigen) : | J6: Lime (kg) : | K6: Floculant (kg) : | L6: Cement (kg) | N6: Date | O6: Sandios (kg) : | P6: Lime (kg) : | Q6: Carbon (kg) : | R6: NaOH (kg) : | S6: HCL (Jerigen) : | T6: Floculant (kg) : | U6: Sandios (kg) : | V6: HCL (jerigen) | X6: Reagent Additional (kg)
A7: 46262 | B7: Day | C7: Hadi/Yan | N7: 46262 | O7: =SUMIF(A$7:A$40,N7,D$7:D$40)+SUMIF(A$7:A$40,N7,G$7:G$40) -> 0 | P7: =SUMIF(A$7:A$40,N7,E$7:E$40)+SUMIF(A$7:A$40,N7,J$7:J$40) -> 0 | Q7: =SUMIF(A$7:A$40,N7,F$7:F$40) -> 0 | R7: =SUMIF(A$7:A$53,N7,H$7:H$54) -> 0 | S7: =SUMIF(A$7:A$53,N7,I$7:I$53) -> 0 | T7: =SUMIF(A$7:A$40,N7,K$7:K$40) -> 0 | U7: =SUMIF(A$7:A$54,N7,G$7:G$54) -> 0 | V7: =SUMIF(A$7:A$54,N7,I$7:I$54) -> 0 | X7: Sandios (kg) | Y7: Lime (kg) | Z7: Carbon (kg) | AA7: Floculant (kg) | AB7: NaOH (kg) | AC7: Hcl (jerigen)
A8: 46263 | N8: 46263 | O8: =SUMIF(A$7:A$40,N8,D$7:D$40)+SUMIF(A$7:A$40,N8,G$7:G$40) -> 0 | P8: =SUMIF(A$7:A$40,N8,E$7:E$40)+SUMIF(A$7:A$40,N8,J$7:J$40) -> 0 | Q8: =SUMIF(A$7:A$40,N8,F$7:F$40) -> 0 | R8: =SUMIF(A$7:A$53,N8,H$7:H$54) -> 0 | S8: =SUMIF(A$7:A$53,N8,I$7:I$53) -> 0 | T8: =SUMIF(A$7:A$40,N8,K$7:K$40) -> 0 | U8: =SUMIF(A$7:A$54,N8,G$7:G$54) -> 0 | V8: =SUMIF(A$7:A$54,N8,I$7:I$54) -> 0 | X8: =O54+U54 -> 1125 | Y8: =P54 -> 2250 | Z8: =Q54 -> 2000 | AA8: =T54 -> 50 | AB8: =R54 -> 0 | AC8: =V54 -> 0
A9: 46264 | N9: 46264 | O9: =SUMIF(A$7:A$40,N9,D$7:D$40)+SUMIF(A$7:A$40,N9,G$7:G$40) -> 0 | P9: =SUMIF(A$7:A$40,N9,E$7:E$40)+SUMIF(A$7:A$40,N9,J$7:J$40) -> 0 | Q9: =SUMIF(A$7:A$40,N9,F$7:F$40) -> 0 | R9: =SUMIF(A$7:A$53,N9,H$7:H$54) -> 0 | S9: =SUMIF(A$7:A$53,N9,I$7:I$53) -> 0 | T9: =SUMIF(A$7:A$40,N9,K$7:K$40) -> 0 | U9: =SUMIF(A$7:A$54,N9,G$7:G$54) -> 0 | V9: =SUMIF(A$7:A$54,N9,I$7:I$54) -> 0 | AP9: =30/1.16 -> 25.862069
A10: 46265 | B10: Day | C10: Hadi/Yan | D10: 150 | E10: 250 | N10: 46265 | O10: =SUMIF(A$7:A$40,N10,D$7:D$40)+SUMIF(A$7:A$40,N10,G$7:G$40) -> 150 | P10: =SUMIF(A$7:A$40,N10,E$7:E$40)+SUMIF(A$7:A$40,N10,J$7:J$40) -> 250 | Q10: =SUMIF(A$7:A$40,N10,F$7:F$40) -> 0 | R10: =SUMIF(A$7:A$53,N10,H$7:H$54) -> 0 | S10: =SUMIF(A$7:A$53,N10,I$7:I$53) -> 0 | T10: =SUMIF(A$7:A$40,N10,K$7:K$40) -> 0 | U10: =SUMIF(A$7:A$54,N10,G$7:G$54) -> 0 | V10: =SUMIF(A$7:A$54,N10,I$7:I$54) -> 0 | X10: Reagent Consumption
A11: 46266 | B11: Day | C11: Yanli/Hadi | D11: 100 | E11: 1250 | F11: 1000 | K11: 25 | N11: 46266 | O11: =SUMIF(A$7:A$40,N11,D$7:D$40)+SUMIF(A$7:A$40,N11,G$7:G$40) -> 225 | P11: =SUMIF(A$7:A$40,N11,E$7:E$40)+SUMIF(A$7:A$40,N11,J$7:J$40) -> 1250 | Q11: =SUMIF(A$7:A$40,N11,F$7:F$40) -> 1000 | R11: =SUMIF(A$7:A$53,N11,H$7:H$54) -> 0 | S11: =SUMIF(A$7:A$53,N11,I$7:I$53) -> 0 | T11: =SUMIF(A$7:A$40,N11,K$7:K$40) -> 25 | U11: =SUMIF(A$7:A$54,N11,G$7:G$54) -> 0 | V11: =SUMIF(A$7:A$54,N11,I$7:I$54) -> 0 | X11: =X8/'Au Cal Leaching Tank'!K61 -> 1.1551942 | Y11: =P54/'Au Cal Leaching Tank'!K61 -> 2.3103884 | Z11: =Z8/'Au Cal Leaching Tank'!K61 -> 2.0536785 | AA11: =AA8/'Au Cal Leaching Tank'!K61 -> 0.051341963 | AB11: =AB8/'Au Cal Leaching Tank'!K61 -> 0 | AC11: =(AC8*25)/'Au Cal Leaching Tank'!K61 -> 0
A12: 46266 | B12: Night | C12: Kristo/Ulan | D12: 125
A13: 46267 | B13: Day | C13: Yanli/Hadi | D13: 150 | K13: 25 | N13: 46267 | O13: 275 | P13: =SUMIF(A$7:A$40,N13,E$7:E$40)+SUMIF(A$7:A$40,N13,J$7:J$40) -> 0 | Q13: =SUMIF(A$7:A$40,N13,F$7:F$40) -> 1000 | R13: =SUMIF(A$7:A$53,N13,H$7:H$54) -> 0 | S13: =SUMIF(A$7:A$53,N13,I$7:I$53) -> 0 | T13: =SUMIF(A$7:A$40,N13,K$7:K$40) -> 25 | U13: =SUMIF(A$7:A$54,N13,G$7:G$54) -> 0 | V13: =SUMIF(A$7:A$54,N13,I$7:I$54) -> 0 | X13: Sandios (kg/t) | Y13: Lime (kg/t) | Z13: Carbon (kg/t) | AA13: Floculant (kg/t) | AB13: NaOH (kg/t) | AC13: HCL (L/t)
A14: 46267 | B14: Night | C14: Kristo/Ulan | D14: 125 | F14: 1000
A15: 46268 | B15: Day | C15: Yanli/Hadi | D15: 100 | N15: 46268 | O15: =SUMIF(A$7:A$40,N15,D$7:D$40)+SUMIF(A$7:A$40,N15,G$7:G$40) -> 100 | P15: =SUMIF(A$7:A$40,N15,E$7:E$40)+SUMIF(A$7:A$40,N15,J$7:J$40) -> 0 | Q15: =SUMIF(A$7:A$40,N15,F$7:F$40) -> 0 | R15: =SUMIF(A$7:A$53,N15,H$7:H$54) -> 0 | S15: =SUMIF(A$7:A$53,N15,I$7:I$53) -> 0 | T15: =SUMIF(A$7:A$40,N15,K$7:K$40) -> 0 | U15: =SUMIF(A$7:A$54,N15,G$7:G$54) -> 0 | V15: =SUMIF(A$7:A$54,N15,I$7:I$54) -> 0
A16: 46269 | N16: 46269 | O16: =SUMIF(A$7:A$40,N16,D$7:D$40)+SUMIF(A$7:A$40,N16,G$7:G$40) -> 0 | P16: =SUMIF(A$7:A$40,N16,E$7:E$40)+SUMIF(A$7:A$40,N16,J$7:J$40) -> 0 | Q16: =SUMIF(A$7:A$40,N16,F$7:F$40) -> 0 | R16: =SUMIF(A$7:A$53,N16,H$7:H$54) -> 0 | S16: =SUMIF(A$7:A$53,N16,I$7:I$53) -> 0 | T16: =SUMIF(A$7:A$40,N16,K$7:K$40) -> 0 | U16: =SUMIF(A$7:A$54,N16,G$7:G$54) -> 0 | V16: =SUMIF(A$7:A$54,N16,I$7:I$54) -> 0
A17: 46270 | B17: Night | C17: Kristo/Ulan | D17: 50 | N17: 46270 | O17: =SUMIF(A$7:A$40,N17,D$7:D$40)+SUMIF(A$7:A$40,N17,G$7:G$40) -> 50 | P17: =SUMIF(A$7:A$40,N17,E$7:E$40)+SUMIF(A$7:A$40,N17,J$7:J$40) -> 0 | Q17: =SUMIF(A$7:A$40,N17,F$7:F$40) -> 0 | R17: =SUMIF(A$7:A$53,N17,H$7:H$54) -> 0 | S17: =SUMIF(A$7:A$53,N17,I$7:I$53) -> 0 | T17: =SUMIF(A$7:A$40,N17,K$7:K$40) -> 0 | U17: =SUMIF(A$7:A$54,N17,G$7:G$54) -> 0 | V17: =SUMIF(A$7:A$54,N17,I$7:I$54) -> 0
A18: 46271 | B18: Day | C18: Yanli/Hadi | D18: 175 | E18: 500 | N18: 46271 | O18: =SUMIF(A$7:A$40,N18,D$7:D$40)+SUMIF(A$7:A$40,N18,G$7:G$40) -> 175 | P18: =SUMIF(A$7:A$40,N18,E$7:E$40)+SUMIF(A$7:A$40,N18,J$7:J$40) -> 500 | Q18: =SUMIF(A$7:A$40,N18,F$7:F$40) -> 0 | R18: =SUMIF(A$7:A$53,N18,H$7:H$54) -> 0 | S18: =SUMIF(A$7:A$53,N18,I$7:I$53) -> 0 | T18: =SUMIF(A$7:A$40,N18,K$7:K$40) -> 0 | U18: =SUMIF(A$7:A$54,N18,G$7:G$54) -> 0 | V18: =SUMIF(A$7:A$54,N18,I$7:I$54) -> 0
A19: 46272 | B19: Day | C19: Ulan | D19: 150 | E19: 250 | N19: 46272 | O19: =SUMIF(A$7:A$40,N19,D$7:D$40)+SUMIF(A$7:A$40,N19,G$7:G$40) -> 150 | P19: =SUMIF(A$7:A$40,N19,E$7:E$40)+SUMIF(A$7:A$40,N19,J$7:J$40) -> 250 | Q19: =SUMIF(A$7:A$40,N19,F$7:F$40) -> 0 | R19: =SUMIF(A$7:A$53,N19,H$7:H$54) -> 0 | S19: =SUMIF(A$7:A$53,N19,I$7:I$53) -> 0 | T19: =SUMIF(A$7:A$40,N19,K$7:K$40) -> 0 | U19: =SUMIF(A$7:A$54,N19,G$7:G$54) -> 0 | V19: =SUMIF(A$7:A$54,N19,I$7:I$54) -> 0 | X19: hcl 1 file 35 kg/30 Liter
A20: 46272 | B20: Night
A21: 46273 | N21: 46273 | O21: =SUMIF(A$7:A$40,N21,D$7:D$40)+SUMIF(A$7:A$40,N21,G$7:G$40) -> 0 | P21: =SUMIF(A$7:A$40,N21,E$7:E$40)+SUMIF(A$7:A$40,N21,J$7:J$40) -> 0 | Q21: =SUMIF(A$7:A$40,N21,F$7:F$40) -> 0 | R21: =SUMIF(A$7:A$53,N21,H$7:H$54) -> 0 | S21: =SUMIF(A$7:A$53,N21,I$7:I$53) -> 0 | T21: =SUMIF(A$7:A$40,N21,K$7:K$40) -> 0 | U21: =SUMIF(A$7:A$54,N21,G$7:G$54) -> 0 | V21: =SUMIF(A$7:A$54,N21,I$7:I$54) -> 0 | X21: Sandios | Y21: Lime | Z21: Floculant | AA21: Carbon
A22: 46274 | N22: 46274 | O22: =SUMIF(A$7:A$40,N22,D$7:D$40)+SUMIF(A$7:A$40,N22,G$7:G$40) -> 0 | P22: =SUMIF(A$7:A$40,N22,E$7:E$40)+SUMIF(A$7:A$40,N22,J$7:J$40) -> 0 | Q22: =SUMIF(A$7:A$40,N22,F$7:F$40) -> 0 | R22: =SUMIF(A$7:A$53,N22,H$7:H$54) -> 0 | S22: =SUMIF(A$7:A$53,N22,I$7:I$53) -> 0 | T22: =SUMIF(A$7:A$40,N22,K$7:K$40) -> 0 | U22: =SUMIF(A$7:A$54,N22,G$7:G$54) -> 0 | V22: =SUMIF(A$7:A$54,N22,I$7:I$54) -> 0 | X22: 48000 | Y22: 2300 | Z22: 30000 | AA22: 44000
A23: 46275 | N23: 46275 | O23: =SUMIF(A$7:A$40,N23,D$7:D$40)+SUMIF(A$7:A$40,N23,G$7:G$40) -> 0 | P23: =SUMIF(A$7:A$40,N23,E$7:E$40)+SUMIF(A$7:A$40,N23,J$7:J$40) -> 0 | Q23: =SUMIF(A$7:A$40,N23,F$7:F$40) -> 0 | R23: =SUMIF(A$7:A$53,N23,H$7:H$54) -> 0 | S23: =SUMIF(A$7:A$53,N23,I$7:I$53) -> 0 | T23: =SUMIF(A$7:A$40,N23,K$7:K$40) -> 0 | U23: =SUMIF(A$7:A$54,N23,G$7:G$54) -> 0 | V23: =SUMIF(A$7:A$54,N23,I$7:I$54) -> 0
A24: 46276 | N24: 46276 | O24: =SUMIF(A$7:A$40,N24,D$7:D$40)+SUMIF(A$7:A$40,N24,G$7:G$40) -> 0 | P24: =SUMIF(A$7:A$40,N24,E$7:E$40)+SUMIF(A$7:A$40,N24,J$7:J$40) -> 0 | Q24: =SUMIF(A$7:A$40,N24,F$7:F$40) -> 0 | R24: =SUMIF(A$7:A$53,N24,H$7:H$54) -> 0 | S24: =SUMIF(A$7:A$53,N24,I$7:I$53) -> 0 | T24: =SUMIF(A$7:A$40,N24,K$7:K$40) -> 0 | U24: =SUMIF(A$7:A$54,N24,G$7:G$54) -> 0 | V24: =SUMIF(A$7:A$54,N24,I$7:I$54) -> 0 | X24: =X22*O54 -> 54000000 | Y24: =P54*Y22 -> 5175000 | Z24: =Z22*T54 -> 1500000 | AA24: =AA22*Q54 -> 88000000
A25: 46277 | N25: 46277 | O25: =SUMIF(A$7:A$40,N25,D$7:D$40)+SUMIF(A$7:A$40,N25,G$7:G$40) -> 0 | P25: =SUMIF(A$7:A$40,N25,E$7:E$40)+SUMIF(A$7:A$40,N25,J$7:J$40) -> 0 | Q25: =SUMIF(A$7:A$40,N25,F$7:F$40) -> 0 | R25: =SUMIF(A$7:A$53,N25,H$7:H$54) -> 0 | S25: =SUMIF(A$7:A$53,N25,I$7:I$53) -> 0 | T25: =SUMIF(A$7:A$40,N25,K$7:K$40) -> 0 | U25: =SUMIF(A$7:A$54,N25,G$7:G$54) -> 0 | V25: =SUMIF(A$7:A$54,N25,I$7:I$54) -> 0
A26: 46278 | N26: 46278 | O26: =SUMIF(A$7:A$40,N26,D$7:D$40)+SUMIF(A$7:A$40,N26,G$7:G$40) -> 0 | P26: =SUMIF(A$7:A$40,N26,E$7:E$40)+SUMIF(A$7:A$40,N26,J$7:J$40) -> 0 | Q26: =SUMIF(A$7:A$40,N26,F$7:F$40) -> 0 | R26: =SUMIF(A$7:A$53,N26,H$7:H$54) -> 0 | S26: =SUMIF(A$7:A$53,N26,I$7:I$53) -> 0 | T26: =SUMIF(A$7:A$40,N26,K$7:K$40) -> 0 | U26: =SUMIF(A$7:A$54,N26,G$7:G$54) -> 0 | V26: =SUMIF(A$7:A$54,N26,I$7:I$54) -> 0
A27: 46279 | N27: 46279 | O27: =SUMIF(A$7:A$40,N27,D$7:D$40)+SUMIF(A$7:A$40,N27,G$7:G$40) -> 0 | P27: =SUMIF(A$7:A$40,N27,E$7:E$40)+SUMIF(A$7:A$40,N27,J$7:J$40) -> 0 | Q27: =SUMIF(A$7:A$40,N27,F$7:F$40) -> 0 | R27: =SUMIF(A$7:A$53,N27,H$7:H$54) -> 0 | S27: =SUMIF(A$7:A$53,N27,I$7:I$53) -> 0 | T27: =SUMIF(A$7:A$40,N27,K$7:K$40) -> 0 | U27: =SUMIF(A$7:A$54,N27,G$7:G$54) -> 0 | V27: =SUMIF(A$7:A$54,N27,I$7:I$54) -> 0
A28: 46280 | N28: 46280 | O28: =SUMIF(A$7:A$40,N28,D$7:D$40)+SUMIF(A$7:A$40,N28,G$7:G$40) -> 0 | P28: =SUMIF(A$7:A$40,N28,E$7:E$40)+SUMIF(A$7:A$40,N28,J$7:J$40) -> 0 | Q28: =SUMIF(A$7:A$40,N28,F$7:F$40) -> 0 | R28: =SUMIF(A$7:A$53,N28,H$7:H$54) -> 0 | S28: =SUMIF(A$7:A$53,N28,I$7:I$53) -> 0 | T28: =SUMIF(A$7:A$40,N28,K$7:K$40) -> 0 | U28: =SUMIF(A$7:A$54,N28,G$7:G$54) -> 0 | V28: =SUMIF(A$7:A$54,N28,I$7:I$54) -> 0
A29: 46281 | N29: 46281 | O29: =SUMIF(A$7:A$40,N29,D$7:D$40)+SUMIF(A$7:A$40,N29,G$7:G$40) -> 0 | P29: =SUMIF(A$7:A$40,N29,E$7:E$40)+SUMIF(A$7:A$40,N29,J$7:J$40) -> 0 | Q29: =SUMIF(A$7:A$40,N29,F$7:F$40) -> 0 | R29: =SUMIF(A$7:A$53,N29,H$7:H$54) -> 0 | S29: =SUMIF(A$7:A$53,N29,I$7:I$53) -> 0 | T29: =SUMIF(A$7:A$40,N29,K$7:K$40) -> 0 | U29: =SUMIF(A$7:A$54,N29,G$7:G$54) -> 0 | V29: =SUMIF(A$7:A$54,N29,I$7:I$54) -> 0
A30: 46282 | N30: 46282 | O30: =SUMIF(A$7:A$40,N30,D$7:D$40)+SUMIF(A$7:A$40,N30,G$7:G$40) -> 0 | P30: =SUMIF(A$7:A$40,N30,E$7:E$40)+SUMIF(A$7:A$40,N30,J$7:J$40) -> 0 | Q30: =SUMIF(A$7:A$40,N30,F$7:F$40) -> 0 | R30: =SUMIF(A$7:A$53,N30,H$7:H$54) -> 0 | S30: =SUMIF(A$7:A$53,N30,I$7:I$53) -> 0 | T30: =SUMIF(A$7:A$40,N30,K$7:K$40) -> 0 | U30: =SUMIF(A$7:A$54,N30,G$7:G$54) -> 0 | V30: =SUMIF(A$7:A$54,N30,I$7:I$54) -> 0
A31: 46283 | N31: 46283 | O31: =SUMIF(A$7:A$40,N31,D$7:D$40)+SUMIF(A$7:A$40,N31,G$7:G$40) -> 0 | P31: =SUMIF(A$7:A$40,N31,E$7:E$40)+SUMIF(A$7:A$40,N31,J$7:J$40) -> 0 | Q31: =SUMIF(A$7:A$40,N31,F$7:F$40) -> 0 | R31: =SUMIF(A$7:A$53,N31,H$7:H$54) -> 0 | S31: =SUMIF(A$7:A$53,N31,I$7:I$53) -> 0 | T31: =SUMIF(A$7:A$40,N31,K$7:K$40) -> 0 | U31: =SUMIF(A$7:A$54,N31,G$7:G$54) -> 0 | V31: =SUMIF(A$7:A$54,N31,I$7:I$54) -> 0
A32: 46284 | N32: 46284 | O32: =SUMIF(A$7:A$40,N32,D$7:D$40)+SUMIF(A$7:A$40,N32,G$7:G$40) -> 0 | P32: =SUMIF(A$7:A$40,N32,E$7:E$40)+SUMIF(A$7:A$40,N32,J$7:J$40) -> 0 | Q32: =SUMIF(A$7:A$40,N32,F$7:F$40) -> 0 | R32: =SUMIF(A$7:A$53,N32,H$7:H$54) -> 0 | S32: =SUMIF(A$7:A$53,N32,I$7:I$53) -> 0 | T32: =SUMIF(A$7:A$40,N32,K$7:K$40) -> 0 | U32: =SUMIF(A$7:A$54,N32,G$7:G$54) -> 0 | V32: =SUMIF(A$7:A$54,N32,I$7:I$54) -> 0
A33: 46285 | N33: 46285 | O33: =SUMIF(A$7:A$40,N33,D$7:D$40)+SUMIF(A$7:A$40,N33,G$7:G$40) -> 0 | P33: =SUMIF(A$7:A$40,N33,E$7:E$40)+SUMIF(A$7:A$40,N33,J$7:J$40) -> 0 | Q33: =SUMIF(A$7:A$40,N33,F$7:F$40) -> 0 | R33: =SUMIF(A$7:A$53,N33,H$7:H$54) -> 0 | S33: =SUMIF(A$7:A$53,N33,I$7:I$53) -> 0 | T33: =SUMIF(A$7:A$40,N33,K$7:K$40) -> 0 | U33: =SUMIF(A$7:A$54,N33,G$7:G$54) -> 0 | V33: =SUMIF(A$7:A$54,N33,I$7:I$54) -> 0
A34: 46286 | N34: 46286 | O34: =SUMIF(A$7:A$40,N34,D$7:D$40)+SUMIF(A$7:A$40,N34,G$7:G$40) -> 0 | P34: =SUMIF(A$7:A$40,N34,E$7:E$40)+SUMIF(A$7:A$40,N34,J$7:J$40) -> 0 | Q34: =SUMIF(A$7:A$40,N34,F$7:F$40) -> 0 | R34: =SUMIF(A$7:A$53,N34,H$7:H$54) -> 0 | S34: =SUMIF(A$7:A$53,N34,I$7:I$53) -> 0 | T34: =SUMIF(A$7:A$40,N34,K$7:K$40) -> 0 | U34: =SUMIF(A$7:A$54,N34,G$7:G$54) -> 0 | V34: =SUMIF(A$7:A$54,N34,I$7:I$54) -> 0
A35: 46287 | N35: 46287 | O35: =SUMIF(A$7:A$40,N35,D$7:D$40)+SUMIF(A$7:A$40,N35,G$7:G$40) -> 0 | P35: =SUMIF(A$7:A$40,N35,E$7:E$40)+SUMIF(A$7:A$40,N35,J$7:J$40) -> 0 | Q35: =SUMIF(A$7:A$40,N35,F$7:F$40) -> 0 | R35: =SUMIF(A$7:A$53,N35,H$7:H$54) -> 0 | S35: =SUMIF(A$7:A$53,N35,I$7:I$53) -> 0 | T35: =SUMIF(A$7:A$53,N35,K$7:K$54) -> 0 | U35: =SUMIF(A$7:A$54,N35,G$7:G$54) -> 0 | V35: =SUMIF(A$7:A$54,N35,I$7:I$54) -> 0
A36: 46288 | N36: 46288 | O36: =SUMIF(A$7:A$40,N36,D$7:D$40)+SUMIF(A$7:A$40,N36,G$7:G$40) -> 0 | P36: =SUMIF(A$7:A$40,N36,E$7:E$40)+SUMIF(A$7:A$40,N36,J$7:J$40) -> 0 | Q36: =SUMIF(A$7:A$40,N36,F$7:F$40) -> 0 | R36: =SUMIF(A$7:A$53,N36,H$7:H$54) -> 0 | S36: =SUMIF(A$7:A$53,N36,I$7:I$53) -> 0 | T36: =SUMIF(A$7:A$53,N36,K$7:K$54) -> 0 | U36: =SUMIF(A$7:A$54,N36,G$7:G$54) -> 0 | V36: =SUMIF(A$7:A$54,N36,I$7:I$54) -> 0
A37: 46289 | N37: 46289 | O37: =SUMIF(A$7:A$54,N37,D$7:D$54)+SUMIF(A$7:A$40,N37,G$7:G$54) -> 0 | P37: =SUMIF(A$7:A$40,N37,E$7:E$40)+SUMIF(A$7:A$40,N37,J$7:J$40) -> 0 | Q37: =SUMIF(A$7:A$40,N37,F$7:F$40) -> 0 | R37: =SUMIF(A$7:A$53,N37,H$7:H$54) -> 0 | S37: =SUMIF(A$7:A$53,N37,I$7:I$53) -> 0 | T37: =SUMIF(A$7:A$53,N37,K$7:K$54) -> 0 | U37: =SUMIF(A$7:A$54,N37,G$7:G$54) -> 0 | V37: =SUMIF(A$7:A$54,N37,I$7:I$54) -> 0
A38: 46290 | N38: 46290 | O38: =SUMIF(A$7:A$54,N38,D$7:D$54)+SUMIF(A$7:A$40,N38,G$7:G$54) -> 0 | P38: =SUMIF(A$7:A$40,N38,E$7:E$40)+SUMIF(A$7:A$40,N38,J$7:J$40) -> 0 | Q38: =SUMIF(A$7:A$40,N38,F$7:F$40) -> 0 | R38: =SUMIF(A$7:A$53,N38,H$7:H$54) -> 0 | S38: =SUMIF(A$7:A$53,N38,I$7:I$53) -> 0 | T38: =SUMIF(A$7:A$53,N38,K$7:K$54) -> 0 | U38: =SUMIF(A$7:A$54,N38,G$7:G$54) -> 0 | V38: =SUMIF(A$7:A$54,N38,I$7:I$54) -> 0
A39: 46291 | N39: 46291 | O39: =SUMIF(A$7:A$54,N39,D$7:D$54)+SUMIF(A$7:A$40,N39,G$7:G$54) -> 0 | P39: =SUMIF(A$7:A$40,N39,E$7:E$40)+SUMIF(A$7:A$40,N39,J$7:J$40) -> 0 | Q39: =SUMIF(A$7:A$40,N39,F$7:F$40) -> 0 | R39: =SUMIF(A$7:A$53,N39,H$7:H$54) -> 0 | S39: =SUMIF(A$7:A$53,N39,I$7:I$53) -> 0 | T39: =SUMIF(A$7:A$53,N39,K$7:K$54) -> 0 | U39: =SUMIF(A$7:A$54,N39,G$7:G$54) -> 0 | V39: =SUMIF(A$7:A$54,N39,I$7:I$54) -> 0
A40: 46292 | N40: 46292 | O40: =SUMIF(A$7:A$54,N40,D$7:D$54)+SUMIF(A$7:A$40,N40,G$7:G$54) -> 0 | P40: =SUMIF(A$7:A$40,N40,E$7:E$40)+SUMIF(A$7:A$40,N40,J$7:J$40) -> 0 | Q40: =SUMIF(A$7:A$40,N40,F$7:F$40) -> 0 | R40: =SUMIF(A$7:A$53,N40,H$7:H$54) -> 0 | S40: =SUMIF(A$7:A$53,N40,I$7:I$53) -> 0 | T40: =SUMIF(A$7:A$53,N40,K$7:K$54) -> 0 | U40: =SUMIF(A$7:A$54,N40,G$7:G$54) -> 0 | V40: =SUMIF(A$7:A$54,N40,I$7:I$54) -> 0
A41: 46293 | N41: 46293 | O41: =SUMIF(A$7:A$54,N41,D$7:D$54)+SUMIF(A$7:A$40,N41,G$7:G$54) -> 0 | P41: =SUMIF(A$7:A$40,N41,E$7:E$40)+SUMIF(A$7:A$40,N41,J$7:J$40) -> 0 | Q41: =SUMIF(A$7:A$40,N41,F$7:F$40) -> 0 | R41: =SUMIF(A$7:A$53,N41,H$7:H$54) -> 0 | S41: =SUMIF(A$7:A$53,N41,I$7:I$53) -> 0 | T41: =SUMIF(A$7:A$53,N41,K$7:K$54) -> 0 | U41: =SUMIF(A$7:A$54,N41,G$7:G$54) -> 0 | V41: =SUMIF(A$7:A$54,N41,I$7:I$54) -> 0
A42: 46294 | N42: 46294 | O42: =SUMIF(A$7:A$54,N42,D$7:D$54)+SUMIF(A$7:A$40,N42,G$7:G$54) -> 0 | P42: =SUMIF(A$7:A$40,N42,E$7:E$40)+SUMIF(A$7:A$40,N42,J$7:J$40) -> 0 | Q42: =SUMIF(A$7:A$40,N42,F$7:F$40) -> 0 | R42: =SUMIF(A$7:A$53,N42,H$7:H$54) -> 0 | S42: =SUMIF(A$7:A$53,N42,I$7:I$53) -> 0 | T42: =SUMIF(A$7:A$53,N42,K$7:K$54) -> 0 | U42: =SUMIF(A$7:A$54,N42,G$7:G$54) -> 0 | V42: =SUMIF(A$7:A$54,N42,I$7:I$54) -> 0
A43: 46295 | N43: 46295 | O43: =SUMIF(A$7:A$54,N43,D$7:D$54)+SUMIF(A$7:A$40,N43,G$7:G$54) -> 0 | P43: =SUMIF(A$7:A$40,N43,E$7:E$40)+SUMIF(A$7:A$40,N43,J$7:J$40) -> 0 | Q43: =SUMIF(A$7:A$40,N43,F$7:F$40) -> 0 | R43: =SUMIF(A$7:A$53,N43,H$7:H$54) -> 0 | S43: =SUMIF(A$7:A$53,N43,I$7:I$53) -> 0 | T43: =SUMIF(A$7:A$53,N43,K$7:K$54) -> 0 | U43: =SUMIF(A$7:A$54,N43,G$7:G$54) -> 0 | V43: =SUMIF(A$7:A$54,N43,I$7:I$54) -> 0
A44: 46296 | N44: 46296 | O44: =SUMIF(A$7:A$54,N44,D$7:D$54)+SUMIF(A$7:A$40,N44,G$7:G$54) -> 0 | P44: =SUMIF(A$7:A$40,N44,E$7:E$40)+SUMIF(A$7:A$40,N44,J$7:J$40) -> 0 | Q44: =SUMIF(A$7:A$40,N44,F$7:F$40) -> 0 | R44: =SUMIF(A$7:A$53,N44,H$7:H$54) -> 0 | S44: =SUMIF(A$7:A$53,N44,I$7:I$53) -> 0 | T44: =SUMIF(A$7:A$53,N44,K$7:K$54) -> 0 | U44: =SUMIF(A$7:A$54,N44,G$7:G$54) -> 0 | V44: =SUMIF(A$7:A$54,N44,I$7:I$54) -> 0
A45: 46297 | N45: 46297 | O45: =SUMIF(A$7:A$54,N45,D$7:D$54)+SUMIF(A$7:A$40,N45,G$7:G$54) -> 0 | P45: =SUMIF(A$7:A$40,N45,E$7:E$40)+SUMIF(A$7:A$40,N45,J$7:J$40) -> 0 | Q45: =SUMIF(A$7:A$40,N45,F$7:F$40) -> 0 | R45: =SUMIF(A$7:A$53,N45,H$7:H$54) -> 0 | S45: =SUMIF(A$7:A$53,N45,I$7:I$53) -> 0 | T45: =SUMIF(A$7:A$53,N45,K$7:K$54) -> 0 | U45: =SUMIF(A$7:A$54,N45,G$7:G$54) -> 0 | V45: =SUMIF(A$7:A$54,N45,I$7:I$54) -> 0
A46: 46298 | N46: 46298 | O46: =SUMIF(A$7:A$54,N46,D$7:D$54)+SUMIF(A$7:A$40,N46,G$7:G$54) -> 0 | P46: =SUMIF(A$7:A$40,N46,E$7:E$40)+SUMIF(A$7:A$40,N46,J$7:J$40) -> 0 | Q46: =SUMIF(A$7:A$40,N46,F$7:F$40) -> 0 | R46: =SUMIF(A$7:A$53,N46,H$7:H$54) -> 0 | S46: =SUMIF(A$7:A$53,N46,I$7:I$53) -> 0 | T46: =SUMIF(A$7:A$53,N46,K$7:K$54) -> 0 | U46: =SUMIF(A$7:A$54,N46,G$7:G$54) -> 0 | V46: =SUMIF(A$7:A$54,N46,I$7:I$54) -> 0
A47: 46299 | N47: 46299 | O47: =SUMIF(A$7:A$54,N47,D$7:D$54)+SUMIF(A$7:A$40,N47,G$7:G$54) -> 0 | P47: =SUMIF(A$7:A$40,N47,E$7:E$40)+SUMIF(A$7:A$40,N47,J$7:J$40) -> 0 | Q47: =SUMIF(A$7:A$40,N47,F$7:F$40) -> 0 | R47: =SUMIF(A$7:A$53,N47,H$7:H$54) -> 0 | S47: =SUMIF(A$7:A$53,N47,I$7:I$53) -> 0 | T47: =SUMIF(A$7:A$53,N47,K$7:K$54) -> 0 | U47: =SUMIF(A$7:A$54,N47,G$7:G$54) -> 0 | V47: =SUMIF(A$7:A$54,N47,I$7:I$54) -> 0
A48: 46300 | N48: 46300 | O48: =SUMIF(A$7:A$54,N48,D$7:D$54)+SUMIF(A$7:A$40,N48,G$7:G$54) -> 0 | P48: =SUMIF(A$7:A$40,N48,E$7:E$40)+SUMIF(A$7:A$40,N48,J$7:J$40) -> 0 | Q48: =SUMIF(A$7:A$40,N48,F$7:F$40) -> 0 | R48: =SUMIF(A$7:A$53,N48,H$7:H$54) -> 0 | S48: =SUMIF(A$7:A$53,N48,I$7:I$53) -> 0 | T48: =SUMIF(A$7:A$53,N48,K$7:K$54) -> 0 | U48: =SUMIF(A$7:A$54,N48,G$7:G$54) -> 0 | V48: =SUMIF(A$7:A$54,N48,I$7:I$54) -> 0
... A53: 46305 | N53: 46305 | O53: =SUMIF(A$7:A$54,N53,D$7:D$54)+SUMIF(A$7:A$40,N53,G$7:G$54) -> 0 | P53: =SUMIF(A$7:A$40,N53,E$7:E$40)+SUMIF(A$7:A$40,N53,J$7:J$40) -> 0 | Q53: =SUMIF(A$7:A$40,N53,F$7:F$40) -> 0 | R53: =SUMIF(A$7:A$53,N53,H$7:H$54) -> 0 | S53: =SUMIF(A$7:A$53,N53,I$7:I$53) -> 0 | T53: =SUMIF(A$7:A$53,N53,K$7:K$54) -> 0 | U53: =SUMIF(A$7:A$54,N53,G$7:G$54) -> 0 | V53: =SUMIF(A$7:A$54,N53,I$7:I$54) -> 0
N54: Total | O54: =SUM(O7:O53) -> 1125 | P54: =SUM(P7:P53) -> 2250 | Q54: =SUM(Q7:Q53) -> 2000 | R54: =SUM(R7:R53) -> 0 | S54: =SUM(S7:S53) -> 0 | T54: =SUM(T7:T53) -> 50 | U54: =SUM(U7:U53) -> 0 | V54: =SUM(V7:V53) -> 0
O56: =O54*X22 -> 54000000 | P56: =P54*Y22 -> 5175000 | Q56: =Q54*AA22 -> 88000000 | T56: =Z22*T54 -> 1500000

Sheet Crushing
B4: Data Crushing February 2025
B5: Date | D5: Shift | E5: PIC | F5: Bucket | G5: Type | H5: Moisture % | I5: Volume Bucket | J5: SG Bulk Density (ton/m3) | K5: WMT/SHIFT (wet metrix ton) | L5: DMT/SHIFT (dry metrix ton) | M5: Ton/hour (tph) | N5: Tonage/Day (Tpd) | O5: Keterangan | S5: Volume Unit (m3) | W5: Moisture Check Daily
B6: 46174 | D6: Day | I6: =IFERROR((VLOOKUP(G6,S$6:T$8,2,FALSE)),"") | K6: =IFERROR((F6*I6*J6),"") | L6: =IFERROR(((F6*I6)*J6)*(1-H6),"") | M6: =IFERROR((K6/12),"") | N6: =SUM(L6:L7) -> 0 | S6: Exca PC 130 | T6: 0.5 | U6: 0.6 | W6: Tanggal | X6: BT | Y6: Wet | Z6: Dry | AA6: %
D7: Night | I7: =IFERROR((VLOOKUP(G7,S$6:T$8,2,FALSE)),"") | K7: =IFERROR((F7*I7*J7),"") | L7: =IFERROR(((F7*I7)*J7)*(1-H7),"") | M7: =IFERROR((K7/12),"") | S7: Exca PC 200 | T7: 0.8 | X7: 185 | Y7: 2860 | Z7: 2795 | AA7: =(Y7-Z7)/Y7 -> 0.022727273
B8: 46175 | D8: Day | E8: Toni | F8: 141 | G8: Exca PC 130 | H8: 0.18 | I8: =IFERROR((VLOOKUP(G8,S$6:T$8,2,FALSE)),"") -> 0.5 | J8: 1.35 | K8: =IFERROR((F8*I8*J8),"") -> 95.175 | L8: =IFERROR(((F8*I8)*J8)*(1-H8),"") -> 78.0435 | M8: =IFERROR((K8/6),"") -> 15.8625 | N8: =SUM(L8:L9) -> 78.0435 | S8: Loader | T8: 2.5 | U8: 3 | X8: 180 | Y8: 3025 | Z8: 2935 | AA8: =(Y8-Z8)/Y8 -> 0.029752066
D9: Night | I9: =IFERROR((VLOOKUP(G9,S$6:T$8,2,FALSE)),"") | K9: =IFERROR((F9*I9*J9),"") | L9: =IFERROR(((F9*I9)*J9)*(1-H9),"") | M9: =IFERROR((K9/12),"") | X9: 175 | Y9: 2535 | Z9: 2430 | AA9: =(Y9-Z9)/Y9 -> 0.041420118
B10: 46176 | D10: Day | E10: Toni | F10: 32 | G10: Exca PC 130 | H10: 0.18 | I10: =IFERROR((VLOOKUP(G10,S$6:T$8,2,FALSE)),"") -> 0.5 | J10: 1.35 | K10: =IFERROR((F10*I10*J10),"") -> 21.6 | L10: =IFERROR(((F10*I10)*J10)*(1-H10),"") -> 17.712 | M10: =IFERROR((K10/12),"") -> 1.8 | N10: =SUM(L10:L11) -> 17.712 | Y10: 2695 | Z10: 2555 | AA10: =(Y10-Z10)/Y10 -> 0.051948052
D11: Night | I11: =IFERROR((VLOOKUP(G11,S$6:T$8,2,FALSE)),"") | K11: =IFERROR((F11*I11*J11),"") | L11: =IFERROR(((F11*I11)*J11)*(1-H11),"") | M11: =IFERROR((K11/12),"") | Y11: 2530 | Z11: 2460 | AA11: =(Y11-Z11)/Y11 -> 0.027667984
B12: 46177 | D12: Day | E12: Deni | F12: 282 | G12: Exca PC 130 | H12: 0.17 | I12: =IFERROR((VLOOKUP(G12,S$6:T$8,2,FALSE)),"") -> 0.5 | J12: 1.35 | K12: =IFERROR((F12*I12*J12),"") -> 190.35 | L12: =IFERROR(((F12*I12)*J12)*(1-H12),"") -> 157.9905 | M12: =IFERROR((K12/12),"") -> 15.8625 | N12: =SUM(L12:L13) -> 157.9905 | Y12: 2130 | Z12: 2075 | AA12: =(Y12-Z12)/Y12 -> 0.025821596
D13: Night | I13: =IFERROR((VLOOKUP(G13,S$6:T$8,2,FALSE)),"") | K13: =IFERROR((F13*I13*J13),"") | L13: =IFERROR(((F13*I13)*J13)*(1-H13),"") | M13: =IFERROR((K13/12),"") | Y13: 2235 | Z13: 2185 | AA13: =(Y13-Z13)/Y13 -> 0.022371365
B14: 46252 | D14: Day | E14: Adi | F14: 62 | G14: Exca PC 130 | H14: 0.12 | I14: =IFERROR((VLOOKUP(G14,S$6:T$8,2,FALSE)),"") -> 0.5 | J14: 1.39 | K14: =IFERROR((F14*I14*J14),"") -> 43.09 | L14: =IFERROR(((F14*I14)*J14)*(1-H14),"") -> 37.9192 | M14: =IFERROR((K14/12),"") -> 3.5908333 | N14: =SUM(L14:L15) -> 37.9192 | O14: perbaikan conveyor cone crusher to ball mill | S14: =16*4 -> 64 | Y14: 2450 | Z14: 2415 | AA14: =(Y14-Z14)/Y14 -> 0.014285714
D15: Night | I15: =IFERROR((VLOOKUP(G15,S$6:T$8,2,FALSE)),"") | K15: =IFERROR((F15*I15*J15),"") | L15: =IFERROR(((F15*I15)*J15)*(1-H15),"") | M15: =IFERROR((K15/12),"")
B16: 46253 | D16: Day | E16: Adi | F16: 463 | G16: Exca PC 130 | H16: 0.12 | I16: =IFERROR((VLOOKUP(G16,S$6:T$8,2,FALSE)),"") -> 0.5 | J16: 1.39 | K16: =IFERROR((F16*I16*J16),"") -> 321.785 | L16: =IFERROR(((F16*I16)*J16)*(1-H16),"") -> 283.1708 | M16: =IFERROR((K16/12),"") -> 26.815417 | N16: =SUM(L16:L17) -> 283.1708 | O16: Istirahat jam 12:00-13:00 | S16: =S14/1.4 -> 45.714286
D17: Night | I17: =IFERROR((VLOOKUP(G17,S$6:T$8,2,FALSE)),"") | K17: =IFERROR((F17*I17*J17),"") | L17: =IFERROR(((F17*I17)*J17)*(1-H17),"") | M17: =IFERROR((K17/12),"") | O17: material vein bolder agustus 2026
B18: 46254 | D18: Day | E18: Adi | F18: 539 | G18: Exca PC 130 | H18: 0.1 | I18: =IFERROR((VLOOKUP(G18,S$6:T$8,2,FALSE)),"") -> 0.5 | J18: 1.39 | K18: =IFERROR((F18*I18*J18),"") -> 374.605 | L18: =IFERROR(((F18*I18)*J18)*(1-H18),"") -> 337.1445 | M18: =IFERROR((K18/12),"") -> 31.217083 | N18: =SUM(L18:L19)-V20 -> 337.1445 | O18: Istirahat jam 12:00-13:00 | V18: =(T8*3)*(1-12%) -> 6.6 | W18: 3 bucket louder 24 april 2026
D19: Night | I19: =IFERROR((VLOOKUP(G19,S$6:T$8,2,FALSE)),"") | K19: =IFERROR((F19*I19*J19),"") | L19: =IFERROR(((F19*I19)*J19)*(1-H19),"") | M19: =IFERROR((K19/12),"") | O19: Vein Bolder Agustus
B20: 46255 | D20: Day | E20: Adi | F20: 409 | G20: Exca PC 130 | H20: 0.1 | I20: =IFERROR((VLOOKUP(G20,S$6:T$8,2,FALSE)),"") -> 0.5 | J20: 1.39 | K20: =IFERROR((F20*I20*J20),"") -> 284.255 | L20: =IFERROR(((F20*I20)*J20)*(1-H20),"") -> 255.8295 | M20: =IFERROR(((K20+K21)/12),"") -> 26.58375 | N20: =SUM(L20:L21) -> 287.1045 | O20: ='Crushing Down Time Hours'!G9 -> isitrahat jumat 11-13, 16:20-16:55 Perbaikan Cone Crusher
D21: Night | F21: 10 | G21: Loader | H21: 0.1 | I21: =IFERROR((VLOOKUP(G21,S$6:T$8,2,FALSE)),"") -> 2.5 | J21: 1.39 | K21: =IFERROR((F21*I21*J21),"") -> 34.75 | L21: =IFERROR(((F21*I21)*J21)*(1-H21),"") -> 31.275
B22: 46256 | D22: Day | E22: Adi | F22: 315 | G22: Exca PC 130 | H22: 0.1 | I22: =IFERROR((VLOOKUP(G22,S$6:T$8,2,FALSE)),"") -> 0.5 | J22: 1.39 | K22: =IFERROR((F22*I22*J22),"") -> 218.925 | L22: =IFERROR(((F22*I22)*J22)*(1-H22),"") -> 197.0325 | M22: =IFERROR((K22/12),"") -> 18.24375 | N22: =SUM(L22:L23)-V24 -> 197.0325 | O22: ='Crushing Down Time Hours'!G10 -> Material Habis hanya running 9 Jam
D23: Night | I23: =IFERROR((VLOOKUP(G23,S$6:T$8,2,FALSE)),"") | K23: =IFERROR((F23*I23*J23),"") | L23: =IFERROR(((F23*I23)*J23)*(1-H23),"") | M23: =IFERROR((K23/12),"")
B24: 46257 | D24: Day | I24: =IFERROR((VLOOKUP(G24,S$6:T$8,2,FALSE)),"") | K24: =IFERROR((F24*I24*J24),"") | L24: =IFERROR(((F24*I24)*J24)*(1-H24),"") | M24: =IFERROR((K24/12),"") | N24: =SUM(L24:L25)-V26 -> 0
D25: Night | I25: =IFERROR((VLOOKUP(G25,S$6:T$8,2,FALSE)),"") | K25: =IFERROR((F25*I25*J25),"") | L25: =IFERROR(((F25*I25)*J25)*(1-H25),"") | M25: =IFERROR((K25/12),"")
B26: 46258 | D26: Day | E26: Adi | F26: 234 | G26: Exca PC 130 | H26: 0.1 | I26: =IFERROR((VLOOKUP(G26,S$6:T$8,2,FALSE)),"") -> 0.5 | J26: 1.39 | K26: =IFERROR((F26*I26*J26),"") -> 162.63 | L26: =IFERROR(((F26*I26)*J26)*(1-H26),"") -> 146.367 | M26: =IFERROR((K26/12),"") -> 13.5525 | N26: =SUM(L26:L27)-V28 -> 162.0045 | O26: ='Crushing Down Time Hours'!G12 -> istirahat jam 12-13, material habis dan selesai jam 17:30
D27: Night | E27: Toni | F27: 5 | G27: Loader | H27: 0.1 | I27: =IFERROR((VLOOKUP(G27,S$6:T$8,2,FALSE)),"") -> 2.5 | J27: 1.39 | K27: =IFERROR((F27*I27*J27),"") -> 17.375 | L27: =IFERROR(((F27*I27)*J27)*(1-H27),"") -> 15.6375 | M27: =IFERROR((K27/12),"") -> 1.4479167
B28: 46259 | D28: Day | I28: =IFERROR((VLOOKUP(G28,S$6:T$8,2,FALSE)),"") | K28: =IFERROR((F28*I28*J28),"") | L28: =IFERROR(((F28*I28)*J28)*(1-H28),"") | M28: =IFERROR((K28/12),"") | N28: =SUM(L28:L29) -> 0
D29: Night | I29: =IFERROR((VLOOKUP(G29,S$6:T$8,2,FALSE)),"") | K29: =IFERROR((F29*I29*J29),"") | L29: =IFERROR(((F29*I29)*J29)*(1-H29),"") | M29: =IFERROR((K29/12),"")
B30: 46260 | D30: Day | I30: =IFERROR((VLOOKUP(G30,S$6:T$8,2,FALSE)),"") | K30: =IFERROR((F30*I30*J30),"") | L30: =IFERROR(((F30*I30)*J30)*(1-H30),"") | M30: =IFERROR((K30/12),"") | N30: =SUM(L30:L31) -> 0
D31: Night | I31: =IFERROR((VLOOKUP(G31,S$6:T$8,2,FALSE)),"") | K31: =IFERROR((F31*I31*J31),"") | L31: =IFERROR(((F31*I31)*J31)*(1-H31),"") | M31: =IFERROR((K31/12),"")
B32: 46261 | D32: Day | E32: Toni | F32: 202 | G32: Exca PC 130 | H32: 0.11 | I32: =IFERROR((VLOOKUP(G32,S$6:T$8,2,FALSE)),"") -> 0.5 | J32: 1.39 | K32: =IFERROR((F32*I32*J32),"") -> 140.39 | L32: =IFERROR(((F32*I32)*J32)*(1-H32),"") -> 124.9471 | M32: =IFERROR((K32/12),"") -> 11.699167 | N32: =SUM(L32:L33) -> 124.9471 | O32: ='Crushing Down Time Hours'!G15 -> Start Crusher jam 10:00, dikarenakan bari loading material jam 08:00, pada jam 15:30-17:15 stop dikarenakan material stuck pada cone crusher
D33: Night | I33: =IFERROR((VLOOKUP(G33,S$6:T$8,2,FALSE)),"") | K33: =IFERROR((F33*I33*J33),"") | L33: =IFERROR(((F33*I33)*J33)*(1-H33),"") | M33: =IFERROR((K33/12),"")
B34: 46262 | D34: Day | E34: Toni | F34: 290 | G34: Exca PC 130 | H34: 0.11 | I34: =IFERROR((VLOOKUP(G34,S$6:T$8,2,FALSE)),"") -> 0.5 | J34: 1.3 | K34: =IFERROR((F34*I34*J34),"") -> 188.5 | L34: =IFERROR(((F34*I34)*J34)*(1-H34),"") -> 167.765 | M34: =IFERROR((K34/12),"") -> 15.708333 | N34: =SUM(L34:L35) -> 167.765 | O34: ='Crushing Down Time Hours'!G16 -> Start Crusher jam 08:00, istirahat jam 11:00-13:00
D35: Night | I35: =IFERROR((VLOOKUP(G35,S$6:T$8,2,FALSE)),"") | K35: =IFERROR((F35*I35*J35),"") | L35: =IFERROR(((F35*I35)*J35)*(1-H35),"") | M35: =IFERROR((K35/12),"")
B36: 46263 | D36: Day | E36: Toni | F36: 411 | G36: Exca PC 130 | H36: 0.1 | I36: =IFERROR((VLOOKUP(G36,S$6:T$8,2,FALSE)),"") -> 0.5 | J36: 1.3 | K36: =IFERROR((F36*I36*J36),"") -> 267.15 | L36: =IFERROR(((F36*I36)*J36)*(1-H36),"") -> 240.435 | M36: =IFERROR((K36/12),"") -> 22.2625 | N36: =SUM(L36:L37) -> 240.435 | O36: ='Crushing Down Time Hours'!G17 -> istirahat jam 12-13, 14:00-15:00 ada loading material dari mining
D37: Night | I37: =IFERROR((VLOOKUP(G37,S$6:T$8,2,FALSE)),"") | K37: =IFERROR((F37*I37*J37),"") | L37: =IFERROR(((F37*I37)*J37)*(1-H37),"") | M37: =IFERROR((K37/12),"")
B38: 46264 | D38: Day | E38: Toni | F38: 92 | G38: Exca PC 130 | H38: 0.1 | I38: =IFERROR((VLOOKUP(G38,S$6:T$8,2,FALSE)),"") -> 0.5 | J38: 1.3 | K38: =IFERROR((F38*I38*J38),"") -> 59.8 | L38: =IFERROR(((F38*I38)*J38)*(1-H38),"") -> 53.82 | M38: =IFERROR((K38/12),"") -> 4.9833333 | N38: =SUM(L38:L39) -> 53.82
D39: Night | I39: =IFERROR((VLOOKUP(G39,S$6:T$8,2,FALSE)),"") | K39: =IFERROR((F39*I39*J39),"") | L39: =IFERROR(((F39*I39)*J39)*(1-H39),"") | M39: =IFERROR((K39/12),"")
B40: 46265 | D40: Day | I40: =IFERROR((VLOOKUP(G40,S$6:T$8,2,FALSE)),"") | K40: =IFERROR((F40*I40*J40),"") | L40: =IFERROR(((F40*I40)*J40)*(1-H40),"") | M40: =IFERROR((K40/12),"") | N40: =SUM(L40:L41) -> 0
D41: Night | I41: =IFERROR((VLOOKUP(G41,S$6:T$8,2,FALSE)),"") | K41: =IFERROR((F41*I41*J41),"") | L41: =IFERROR(((F41*I41)*J41)*(1-H41),"") | M41: =IFERROR((K41/12),"")
B42: 46266 | D42: Day | I42: =IFERROR((VLOOKUP(G42,S$6:T$8,2,FALSE)),"") | K42: =IFERROR((F42*I42*J42),"") | L42: =IFERROR(((F42*I42)*J42)*(1-H42),"") | M42: =IFERROR((K42/12),"") | N42: =SUM(L42:L43) -> 0
D43: Night | I43: =IFERROR((VLOOKUP(G43,S$6:T$8,2,FALSE)),"") | K43: =IFERROR((F43*I43*J43),"") | L43: =IFERROR(((F43*I43)*J43)*(1-H43),"") | M43: =IFERROR((K43/12),"")
B44: 46267 | D44: Day | I44: =IFERROR((VLOOKUP(G44,S$6:T$8,2,FALSE)),"") | K44: =IFERROR((F44*I44*J44),"") | L44: =IFERROR(((F44*I44)*J44)*(1-H44),"") | M44: =IFERROR((K44/12),"") | N44: =SUM(L44:L45) -> 0
D45: Night | I45: =IFERROR((VLOOKUP(G45,S$6:T$8,2,FALSE)),"") | K45: =IFERROR((F45*I45*J45),"") | L45: =IFERROR(((F45*I45)*J45)*(1-H45),"") | M45: =IFERROR((K45/12),"")
B46: 46268 | D46: Day | I46: =IFERROR((VLOOKUP(G46,S$6:T$8,2,FALSE)),"") | K46: =IFERROR((F46*I46*J46),"") | L46: =IFERROR(((F46*I46)*J46)*(1-H46),"") | M46: =IFERROR((K46/12),"") | N46: =SUM(L46:L47) -> 0
D47: Night | I47: =IFERROR((VLOOKUP(G47,S$6:T$8,2,FALSE)),"") | K47: =IFERROR((F47*I47*J47),"") | L47: =IFERROR(((F47*I47)*J47)*(1-H47),"") | M47: =IFERROR((K47/12),"")
B48: 46269 | D48: Day | I48: =IFERROR((VLOOKUP(G48,S$6:T$8,2,FALSE)),"") | K48: =IFERROR((F48*I48*J48),"") | L48: =IFERROR(((F48*I48)*J48)*(1-H48),"") | M48: =IFERROR((K48/12),"") | N48: =SUM(L48:L49) -> 0
D49: Night | I49: =IFERROR((VLOOKUP(G49,S$6:T$8,2,FALSE)),"") | K49: =IFERROR((F49*I49*J49),"") | L49: =IFERROR(((F49*I49)*J49)*(1-H49),"") | M49: =IFERROR((K49/12),"")
B50: 46270 | D50: Day | I50: =IFERROR((VLOOKUP(G50,S$6:T$8,2,FALSE)),"") | K50: =IFERROR((F50*I50*J50),"") | L50: =IFERROR(((F50*I50)*J50)*(1-H50),"") | M50: =IFERROR((K50/12),"") | N50: =SUM(L50:L51) -> 0 | R50: =180/12 -> 15
D51: Night | I51: =IFERROR((VLOOKUP(G51,S$6:T$8,2,FALSE)),"") | K51: =IFERROR((F51*I51*J51),"") | L51: =IFERROR(((F51*I51)*J51)*(1-H51),"") | M51: =IFERROR((K51/12),"")
B52: 46271 | D52: Day | I52: =IFERROR((VLOOKUP(G52,S$6:T$8,2,FALSE)),"") | K52: =IFERROR((F52*I52*J52),"") | L52: =IFERROR(((F52*I52)*J52)*(1-H52),"") | M52: =IFERROR((K52/12),"") | N52: =SUM(L52:L53) -> 0
D53: Night | I53: =IFERROR((VLOOKUP(G53,S$6:T$8,2,FALSE)),"") | K53: =IFERROR((F53*I53*J53),"") | L53: =IFERROR(((F53*I53)*J53)*(1-H53),"") | M53: =IFERROR((K53/12),"") | R53: =R50*4 -> 60
B54: 46272 | D54: Day | I54: =IFERROR((VLOOKUP(G54,S$6:T$8,2,FALSE)),"") | K54: =IFERROR((F54*I54*J54),"") | L54: =IFERROR(((F54*I54)*J54)*(1-H54),"") | M54: =IFERROR((K54/12),"") | N54: =SUM(L54:L55) -> 0
D55: Night | I55: =IFERROR((VLOOKUP(G55,S$6:T$8,2,FALSE)),"") | K55: =IFERROR((F55*I55*J55),"") | L55: =IFERROR(((F55*I55)*J55)*(1-H55),"") | M55: =IFERROR((K55/12),"") | R55: =R53*1.7 -> 102 | S55: 9570
B56: 46273 | D56: Day | I56: =IFERROR((VLOOKUP(G56,S$6:T$8,2,FALSE)),"") | K56: =IFERROR((F56*I56*J56),"") | L56: =IFERROR(((F56*I56)*J56)*(1-H56),"") | M56: =IFERROR((K56/12),"") | N56: =SUM(L56:L57) -> 0 | S56: 9795
D57: Night | I57: =IFERROR((VLOOKUP(G57,S$6:T$8,2,FALSE)),"") | K57: =IFERROR((F57*I57*J57),"") | L57: =IFERROR(((F57*I57)*J57)*(1-H57),"") | M57: =IFERROR((K57/12),"") | S57: 1190
B58: 46274 | D58: Day | I58: =IFERROR((VLOOKUP(G58,S$6:T$8,2,FALSE)),"") | K58: =IFERROR((F58*I58*J58),"") | L58: =IFERROR(((F58*I58)*J58)*(1-H58),"") | M58: =IFERROR((K58/12),"") | N58: =SUM(L58:L59) -> 0 | S58: =S56-S57 -> 8605
D59: Night | I59: =IFERROR((VLOOKUP(G59,S$6:T$8,2,FALSE)),"") | K59: =IFERROR((F59*I59*J59),"") | L59: =IFERROR(((F59*I59)*J59)*(1-H59),"") | M59: =IFERROR((K59/12),"") | S59: =(S55-S58)/S55 -> 0.10083595
B60: 46275 | D60: Day | I60: =IFERROR((VLOOKUP(G60,S$6:T$8,2,FALSE)),"") | K60: =IFERROR((F60*I60*J60),"") | L60: =IFERROR(((F60*I60)*J60)*(1-H60),"") | M60: =IFERROR((K60/12),"") | N60: =SUM(L60:L61) -> 0
D61: Night | I61: =IFERROR((VLOOKUP(G61,S$6:T$8,2,FALSE)),"") | K61: =IFERROR((F61*I61*J61),"") | L61: =IFERROR(((F61*I61)*J61)*(1-H61),"") | M61: =IFERROR((K61/12),"")
B62: 46276 | D62: Day | I62: =IFERROR((VLOOKUP(G62,S$6:T$8,2,FALSE)),"") | K62: =IFERROR((F62*I62*J62),"") | L62: =IFERROR(((F62*I62)*J62)*(1-H62),"") | M62: =IFERROR((K62/12),"") | N62: =SUM(L62:L63) -> 0
D63: Night | I63: =IFERROR((VLOOKUP(G63,S$6:T$8,2,FALSE)),"") | K63: =IFERROR((F63*I63*J63),"") | L63: =IFERROR(((F63*I63)*J63)*(1-H63),"") | M63: =IFERROR((K63/12),"")
B64: 46277 | D64: Day | I64: =IFERROR((VLOOKUP(G64,S$6:T$8,2,FALSE)),"") | K64: =IFERROR((F64*I64*J64),"") | L64: =IFERROR(((F64*I64)*J64)*(1-H64),"") | M64: =IFERROR((K64/12),"") | N64: =SUM(L64:L65) -> 0
D65: Night | I65: =IFERROR((VLOOKUP(G65,S$6:T$8,2,FALSE)),"") | K65: =IFERROR((F65*I65*J65),"") | L65: =IFERROR(((F65*I65)*J65)*(1-H65),"") | M65: =IFERROR((K65/12),"")
B66: 46278 | D66: Day | I66: =IFERROR((VLOOKUP(G66,S$6:T$8,2,FALSE)),"") | K66: =IFERROR((F66*I66*J66),"") | L66: =IFERROR(((F66*I66)*J66)*(1-H66),"") | M66: =IFERROR((K66/12),"") | N66: =SUM(L66:L67) -> 0
D67: Night | I67: =IFERROR((VLOOKUP(G67,S$6:T$8,2,FALSE)),"") | K67: =IFERROR((F67*I67*J67),"") | L67: =IFERROR(((F67*I67)*J67)*(1-H67),"") | M67: =IFERROR((K67/12),"")
B68: 46279 | D68: Day | I68: =IFERROR((VLOOKUP(G68,S$6:T$8,2,FALSE)),"") | K68: =IFERROR((F68*I68*J68),"") | L68: =IFERROR(((F68*I68)*J68)*(1-H68),"") | M68: =IFERROR((K68/12),"") | N68: =SUM(L68:L69) -> 0
D69: Night | I69: =IFERROR((VLOOKUP(G69,S$6:T$8,2,FALSE)),"") | K69: =IFERROR((F69*I69*J69),"") | L69: =IFERROR(((F69*I69)*J69)*(1-H69),"") | M69: =IFERROR((K69/12),"")
B70: 46280 | D70: Day | I70: =IFERROR((VLOOKUP(G70,S$6:T$8,2,FALSE)),"") | K70: =IFERROR((F70*I70*J70),"") | L70: =IFERROR(((F70*I70)*J70)*(1-H70),"") | M70: =IFERROR((K70/12),"") | N70: =SUM(L70:L71) -> 0
D71: Night | I71: =IFERROR((VLOOKUP(G71,S$6:T$8,2,FALSE)),"") | K71: =IFERROR((F71*I71*J71),"") | L71: =IFERROR(((F71*I71)*J71)*(1-H71),"") | M71: =IFERROR((K71/12),"")
B72: 46281 | D72: Day | I72: =IFERROR((VLOOKUP(G72,S$6:T$8,2,FALSE)),"") | K72: =IFERROR((F72*I72*J72),"") | L72: =IFERROR(((F72*I72)*J72)*(1-H72),"") | M72: =IFERROR((K72/12),"") | N72: =SUM(L72:L73) -> 0
D73: Night | I73: =IFERROR((VLOOKUP(G73,S$6:T$8,2,FALSE)),"") | K73: =IFERROR((F73*I73*J73),"") | L73: =IFERROR(((F73*I73)*J73)*(1-H73),"") | M73: =IFERROR((K73/12),"")
B74: 46282 | D74: Day | I74: =IFERROR((VLOOKUP(G74,S$6:T$8,2,FALSE)),"") | K74: =IFERROR((F74*I74*J74),"") | L74: =IFERROR(((F74*I74)*J74)*(1-H74),"") | M74: =IFERROR((K74/12),"") | N74: =SUM(L74:L75) -> 0
D75: Night | I75: =IFERROR((VLOOKUP(G75,S$6:T$8,2,FALSE)),"") | K75: =IFERROR((F75*I75*J75),"") | L75: =IFERROR(((F75*I75)*J75)*(1-H75),"") | M75: =IFERROR((K75/12),"")
B76: 46283 | D76: Day | I76: =IFERROR((VLOOKUP(G76,S$6:T$8,2,FALSE)),"") | K76: =IFERROR((F76*I76*J76),"") | L76: =IFERROR(((F76*I76)*J76)*(1-H76),"") | M76: =IFERROR((K76/12),"") | N76: =SUM(L76:L77) -> 0
D77: Night | I77: =IFERROR((VLOOKUP(G77,S$6:T$8,2,FALSE)),"") | K77: =IFERROR((F77*I77*J77),"") | L77: =IFERROR(((F77*I77)*J77)*(1-H77),"") | M77: =IFERROR((K77/12),"")
B78: 46284 | D78: Day | I78: =IFERROR((VLOOKUP(G78,S$6:T$8,2,FALSE)),"") | K78: =IFERROR((F78*I78*J78),"") | L78: =IFERROR(((F78*I78)*J78)*(1-H78),"") | M78: =IFERROR((K78/12),"") | N78: =SUM(L78:L79) -> 0
D79: Night | I79: =IFERROR((VLOOKUP(G79,S$6:T$8,2,FALSE)),"") | K79: =IFERROR((F79*I79*J79),"") | L79: =IFERROR(((F79*I79)*J79)*(1-H79),"") | M79: =IFERROR((K79/12),"")
B80: 46285 | D80: Day | I80: =IFERROR((VLOOKUP(G80,S$6:T$8,2,FALSE)),"") | K80: =IFERROR((F80*I80*J80),"") | L80: =IFERROR(((F80*I80)*J80)*(1-H80),"") | M80: =IFERROR((K80/12),"") | N80: =SUM(L80:L81) -> 0
D81: Night | I81: =IFERROR((VLOOKUP(G81,S$6:T$8,2,FALSE)),"") | K81: =IFERROR((F81*I81*J81),"") | L81: =IFERROR(((F81*I81)*J81)*(1-H81),"") | M81: =IFERROR((K81/12),"")
B82: 46286 | D82: Day | I82: =IFERROR((VLOOKUP(G82,S$6:T$8,2,FALSE)),"") | K82: =IFERROR((F82*I82*J82),"") | L82: =IFERROR(((F82*I82)*J82)*(1-H82),"") | M82: =IFERROR((K82/12),"") | N82: =SUM(L82:L83) -> 0
D83: Night | I83: =IFERROR((VLOOKUP(G83,S$6:T$8,2,FALSE)),"") | K83: =IFERROR((F83*I83*J83),"") | L83: =IFERROR(((F83*I83)*J83)*(1-H83),"") | M83: =IFERROR((K83/12),"")
B84: 46287 | D84: Day | I84: =IFERROR((VLOOKUP(G84,S$6:T$8,2,FALSE)),"") | K84: =IFERROR((F84*I84*J84),"") | L84: =IFERROR(((F84*I84)*J84)*(1-H84),"") | M84: =IFERROR((K84/12),"") | N84: =SUM(L84:L85) -> 0
D85: Night | I85: =IFERROR((VLOOKUP(G85,S$6:T$8,2,FALSE)),"") | K85: =IFERROR((F85*I85*J85),"") | L85: =IFERROR(((F85*I85)*J85)*(1-H85),"") | M85: =IFERROR((K85/12),"")
B86: Rata-rata | F86: =AVERAGE(F6:F85) -> 232.46667 | H86: =AVERAGE(H6:H83) -> 0.11933333 | I86: =IFERROR((VLOOKUP(G86,S$6:T$8,2,FALSE)),"") | K86: =AVERAGE(K6:K67) -> 161.35867 | L86: =AVERAGE(L6:L79) -> 143.00594 | M86: =AVERAGE(M6:M16) -> 12.78625 | N86: =AVERAGE(N6:N83) -> 55.002285
B87: Total | F87: =SUM(F6:F83) -> 3487 | N87: =SUM(N6:N85) -> 2145.0891

Sheet Rom File Inventory
AD1: 1 | AE1: 0.047
B2: Stock ROM CIL APRIL-Agustus 2026 | AD2: 2 | AE2: 0.099
B3: PT BULAWAN DAYA LESTARI | AD3: 3 | AE3: 0.16
AD4: 4 | AE4: 0.167
O5: =1.42*0.95 -> 1.349 | AD5: 5 | AE5: 0.178
AD6: 6 | AE6: 0.179
B7: No | C7: Date | D7: Sampel ID | E7: Ore Stacking (Dome) | F7: Ore Type - Lithology | G7: Truckcount (m3) | H7: Survey (m3) | I7: Bulk Density | J7: Tonage by survey | K7: Toange By Truckcount | L7: Grade (g/t) | M7: Metal Content (gr) | Q7: Assay Lab Result | AD7: 7 | AE7: 0.21
B8: 1 | C8: 46174 | D8: G 00290-00313 BB | E8: RP_VM_1 | F8: Vein | H8: 41 | I8: 1.35 | J8: =H8*I8 -> 55.35 | K8: =I8*G8 -> 0 | L8: 1.027 | M8: =L8*J8 -> 56.84445 | N8: Median | O8: =MEDIAN(L8:L39) -> 1.116 | Q8: No | R8: Id Sampel | S8: Date | T8: Au (g/t) | U8: Ag (g/t) | V8: Cu (g/t) | AD8: 8 | AE8: 0.212
B9: 2 | C9: 46174 | D9: G 00272-00279 BB | E9: RP_SV_1 | F9: Sandy Oxide | H9: 16 | I9: 1.35 | J9: =H9*I9 -> 21.6 | K9: =I9*G9 -> 0 | L9: 1.228 | M9: =L9*J9 -> 26.5248 | N9: Averge | O9: =AVERAGE(L8:L39) -> 1.7895 | Q9: 1 | R9: SR COM 24/06/2026 1 | S9: 46197 | T9: 0.546 | Y9: Average | Z9: =AVERAGE(T9:T261) -> 0.89901504 | AD9: 9 | AE9: 0.231
B10: 3 | C10: 46175 | D10: G 00318-00329 BB | E10: RP_VM-2 | F10: Sisa Sandy Oxide | H10: 93 | I10: 1.35 | J10: =H10*I10 -> 125.55 | K10: =I10*G10 -> 0 | L10: 0.6 | M10: =L10*J10 -> 75.33 | Q10: 2 | R10: SR COM 24/06/2026 2 | S10: 46197 | T10: 0.576 | Y10: Median | Z10: =MEDIAN(T9:T330) -> 0.662 | AD10: 10 | AE10: 0.24
B11: 4 | C11: 46175 | D11: G 00330-00333 BB | E11: RP_SV_2 | F11: Vein | H11: 40 | I11: 1.35 | J11: =H11*I11 -> 54 | K11: =I11*G11 -> 0 | L11: 1.027 | M11: =L11*J11 -> 55.458 | Q11: 3 | R11: SR COM 24/06/2026 3 | S11: 46197 | T11: 0.839 | Y11: Min | Z11: =MIN(T9:T353) -> 0.047 | AD11: 11 | AE11: 0.242
B12: 5 | C12: 46175 | D12: G 00350-00352 BB | E12: RP_VM_3 | F12: Sandy Oxide | H12: 13 | I12: 1.35 | J12: =H12*I12 -> 17.55 | K12: =I12*G12 -> 0 | L12: 1.228 | M12: =L12*J12 -> 21.5514 | Q12: 4 | R12: SR COM 24/06/2026 4 | S12: 46197 | T12: 2.011 | Y12: Max | Z12: =MAX(T9:T242) -> 4.383 | AD12: 12 | AE12: 0.252
B13: 6 | C13: 46249 | E13: Vein Sandly | F13: Vein Sandly | G13: 200 | H13: 310 | I13: 1.39 | J13: =H13*I13 -> 430.9 | K13: =I13*G13 -> 278 | L13: 1.122 | M13: =L13*J13 -> 483.4698 | Q13: 5 | R13: SR COM 24/06/2026 5 | S13: 46197 | T13: 0.944 | Y13: %Different Avg Vs Median | Z13: =((Z9-Z10)/(Z9+Z10)/2) -> 0.075916962 | AD13: 13 | AE13: 0.253
B14: 7 | C14: 46250 | E14: Bolder Vein | F14: Bolder Vein | G14: 220 | H14: 190 | I14: 1.39 | J14: =H14*I14 -> 264.1 | K14: =I14*G14 -> 305.8 | L14: 1.122 | M14: =L14*J14 -> 296.3202 | O14: =MEDIAN(L8:L22) -> 1.11 | Q14: 6 | R14: SR COM 24/06/2026 6 | S14: 46197 | T14: 0.702 | Y14: Au Variance | Z14: =Z9-Z10 -> 0.23701504 | AD14: 14 | AE14: 0.304
B15: 8 | C15: 46251 | F15: Vein | G15: 210 | H15: 34 | I15: 1.39 | J15: =H15*I15 -> 47.26 | K15: =I15*G15 -> 291.9 | L15: 1.02 | M15: =L15*J15 -> 48.2052 | Q15: 7 | R15: SR COM 24/06/2026 7 | S15: 46197 | T15: 3.216 | AD15: 15 | AE15: 0.308
B16: 9 | C16: 46252 | F16: Vein | G16: 30 | H16: 64 | I16: 1.39 | J16: =H16*I16 -> 88.96 | K16: =I16*G16 -> 41.7 | L16: 1.02 | M16: =L16*J16 -> 90.7392 | Q16: 8 | R16: SR COM 24/06/2026 8 | S16: 46197 | T16: 0.562 | AD16: 16 | AE16: 0.31
B17: 10 | C17: 46253 | F17: Vein | G17: 60 | H17: 62 | I17: 1.39 | J17: =H17*I17 -> 86.18 | K17: =I17*G17 -> 83.4 | L17: 0.935 | M17: =L17*J17 -> 80.5783 | Q17: 9 | R17: SR COM 24/06/2026 9 | S17: 46197 | T17: 0.79 | AD17: 17 | AE17: 0.318
B18: 11 | C18: 46254 | F18: Vein | G18: 60 | H18: 108 | I18: 1.39 | J18: =H18*I18 -> 150.12 | K18: =I18*G18 -> 83.4 | L18: 1.11 | M18: =L18*J18 -> 166.6332 | N18: 1358 | Q18: 10 | R18: SR COM 24/06/2026 10 | S18: 46197 | T18: 1.583 | AD18: 18 | AE18: 0.323
B19: 12 | C19: 46255 | F19: Vein | G19: 150 | H19: 130 | I19: 1.39 | J19: =H19*I19 -> 180.7 | K19: =I19*G19 -> 208.5 | L19: 12.309 | M19: =L19*J19 -> 2224.2363 | Q19: 11 | R19: Clay and Sandly 1 | S19: 46181 | T19: 1.963 | AD19: 19 | AE19: 0.326
B20: 13 | C20: 46257 | F20: Vein | G20: 110 | H20: 94 | I20: 1.39 | J20: =H20*I20 -> 130.66 | K20: =I20*G20 -> 152.9 | L20: 0.86 | M20: =L20*J20 -> 112.3676 | O20: =N18*1.39 -> 1887.62 | Q20: 12 | R20: Clay and Sandly 2 | S20: 46181 | T20: 0.735 | AD20: 20 | AE20: 0.336
B21: 14 | C21: 46261 | F21: Vein | G21: 100 | H21: 310 | I21: 1.3 | J21: =H21*I21 -> 403 | K21: =I21*G21 -> 130 | L21: 1.297 | M21: =L21*J21 -> 522.691 | Q21: 13 | R21: Clay and Sandly 3 | S21: 46181 | T21: 0.348 | AD21: 21 | AE21: 0.337
B22: 15 | C22: 46262 | F22: Vein | G22: 280 | H22: 56 | I22: 1.3 | J22: =H22*I22 -> 72.8 | K22: =I22*G22 -> 364 | L22: 1.497 | M22: =L22*J22 -> 108.9816 | O22: =366*1.39 -> 508.74 | Q22: 14 | R22: Clay and Sandly 4 | S22: 46181 | T22: 1.293 | AD22: 22 | AE22: 0.34
B23: 16 | C23: 46263 | M23: =L23*J23 -> 0 | Q23: 15 | R23: Clay and Sandly 5 | S23: 46181 | T23: 0.43 | AD23: 23 | AE23: 0.344
B24: 17 | C24: 46264 | I24: 1.35 | J24: =H24*I24 -> 0 | M24: =L24*J24 -> 0 | Q24: 16 | R24: Crusher DS 1 | S24: 46180 | T24: 0.558 | AD24: 24 | AE24: 0.348
B25: 18 | C25: 46265 | F25: Vein | H25: 23 | I25: 1.3 | J25: =H25*I25 -> 29.9 | L25: 1.23 | M25: =L25*J25 -> 36.777 | Q25: 17 | R25: Crusher DS 2 | S25: 46180 | T25: 0.604 | AD25: 25 | AE25: 0.351
B26: 19 | I26: 1.35 | J26: =H26*I26 -> 0 | M26: =L26*J26 -> 0 | Q26: 18 | R26: Crusher DS 3 | S26: 46180 | T26: 4.383 | AD26: 26 | AE26: 0.351
B27: 20 | I27: 1.35 | J27: =H27*I27 -> 0 | M27: =L27*J27 -> 0 | O27: =4/7 -> 0.57142857 | Q27: 19 | R27: Crusher DS 4 | S27: 46180 | T27: 3.233 | AD27: 27 | AE27: 0.351
B28: 21 | I28: 1.35 | J28: =H28*I28 -> 0 | M28: =L28*J28 -> 0 | O28: =3/7 -> 0.42857143 | Q28: 20 | R28: Crusher DS 5 | S28: 46180 | T28: 1.635 | AD28: 28 | AE28: 0.354
B29: 22 | I29: 1.35 | J29: =H29*I29 -> 0 | M29: =L29*J29 -> 0 | Q29: 21 | R29: Crusher DS 6 | S29: 46180 | T29: 1.239 | AD29: 29 | AE29: 0.357
B30: 23 | I30: 1.35 | J30: =H30*I30 -> 0 | M30: =L30*J30 -> 0 | Q30: 22 | R30: Crusher DS 7 | S30: 46180 | T30: 0.847 | AD30: 30 | AE30: 0.358
B31: 24 | I31: 1.35 | J31: =H31*I31 -> 0 | M31: =L31*J31 -> 0 | Q31: 23 | R31: Crusher DS 1 | S31: 46176 | T31: 2.72 | AD31: 31 | AE31: 0.388
B32: 25 | I32: 1.35 | J32: =H32*I32 -> 0 | M32: =L32*J32 -> 0 | Q32: 24 | R32: Crusher DS 2 | S32: 46176 | T32: 0.576 | AD32: 32 | AE32: 0.388
B33: 26 | I33: 1.35 | J33: =H33*I33 -> 0 | M33: =L33*J33 -> 0 | Q33: 25 | R33: Crusher DS 3 | S33: 46176 | T33: 0.663 | AD33: 33 | AE33: 0.407
B34: 27 | I34: 1.35 | J34: =H34*I34 -> 0 | M34: =L34*J34 -> 0 | Q34: 26 | R34: Crusher DS 4 | S34: 46176 | T34: 1.822 | AD34: 34 | AE34: 0.42
B35: 28 | I35: 1.35 | J35: =H35*I35 -> 0 | M35: =L35*J35 -> 0 | Q35: 27 | R35: Crusher DS 5 | S35: 46176 | T35: 0.797 | AD35: 35 | AE35: 0.422
B36: 29 | I36: 1.35 | J36: =H36*I36 -> 0 | M36: =L36*J36 -> 0 | Q36: 28 | R36: Crusher DS 6 | S36: 46176 | T36: 1.392 | AD36: 36 | AE36: 0.43
B37: 30 | I37: 1.35 | J37: =H37*I37 -> 0 | M37: =L37*J37 -> 0 | Q37: 29 | R37: Crusher DS 7 | S37: 46176 | T37: 0.707 | AD37: 37 | AE37: 0.438
B38: 31 | I38: 1.35 | J38: =H38*I38 -> 0 | M38: =L38*J38 -> 0 | Q38: 30 | R38: Crusher DS 8 | S38: 46176 | T38: 1.552 | AD38: 38 | AE38: 0.454
B39: 32 | I39: 1.35 | J39: =H39*I39 -> 0 | M39: =L39*J39 -> 0 | Q39: 31 | R39: Crusher DS 9 | S39: 46176 | T39: 0.765 | AD39: 39 | AE39: 0.455 | AG39: Untuk Grafik Line
B40: Average | L40: =AVERAGE(L8:L22) -> 1.8268 | M40: =SUM(M8:M39) -> 4406.7081 | Q40: 32 | R40: Crusher DS 10 | S40: 46176 | T40: 1.235 | AD40: 40 | AE40: 0.458
B41: Total | G41: =SUM(G8:G39) -> 1420 | H41: =SUM(H8:H39) -> 1584 | J41: =SUM(J8:J39) -> 2158.63 | K41: =SUM(K8:K39) -> 1939.6 | L41: =MEDIAN(L8:L22) -> 1.11 | M41: =L41*J41 -> 2396.0793 | Q41: 33 | R41: SR_1 Composite | S41: 46251 | T41: 1.035 | AD41: 41 | AE41: 0.488 | AG41: 1 | AH41: 0.81 | AJ41: 1 | AK41: 1.6
Q42: 34 | R42: SR_1 Rock | S42: 46251 | T42: 0.526 | AD42: 42 | AE42: 0.489 | AG42: 2 | AH42: 0.81 | AJ42: 2 | AK42: 1.6
L43: Estimate by metal contenct | M43: =M40/J41 -> 2.0414374 | Q43: 35 | R43: SR_1 Sandly | S43: 46251 | T43: 0.816 | AD43: 43 | AE43: 0.501 | AG43: 3 | AH43: 0.81 | AJ43: 3 | AK43: 1.6
Q44: 36 | R44: SR_2 Composite | S44: 46251 | T44: 0.344 | AD44: 44 | AE44: 0.502 | AG44: 4 | AH44: 0.81 | AJ44: 4 | AK44: 1.6
Q45: 37 | R45: SR_2 Rock | S45: 46251 | T45: 0.304 | AD45: 45 | AE45: 0.506 | AG45: 5 | AH45: 0.81 | AJ45: 5 | AK45: 1.6
Q46: 38 | R46: SR_2 Sandly | S46: 46251 | T46: 0.744 | AD46: 46 | AE46: 0.526 | AG46: 6 | AH46: 0.81 | AJ46: 6 | AK46: 1.6
B47: Pengukuran pada sr setelah crusher | C47: 46245 | D47: Total Material after Crusher | E47: SR Agustus 2026 | H47: 271 | I47: 1.35 | J47: =H47*I47 -> 365.85 | Q47: 39 | R47: SR_3 Composite | S47: 46251 | T47: 0.563 | AD47: 47 | AE47: 0.538 | AG47: 7 | AH47: 0.81 | AJ47: 7 | AK47: 1.6
Q48: 40 | R48: SR_3 Rock | S48: 46251 | T48: 0.438 | AD48: 48 | AE48: 0.546 | AG48: 8 | AH48: 0.81 | AJ48: 8 | AK48: 1.6
Q49: 41 | R49: SR_3 Sandly | S49: 46251 | T49: 0.458 | AD49: 49 | AE49: 0.555 | AG49: 9 | AH49: 0.81 | AJ49: 9 | AK49: 1.6
G50: 41 | Q50: 42 | R50: Crusher 16:30 | S50: 46252 | T50: 0.558 | AD50: 50 | AE50: 0.556 | AG50: 10 | AH50: 0.81 | AJ50: 10 | AK50: 1.6
G51: 16 | Q51: 43 | R51: Crusher 17:00 | S51: 46252 | T51: 0.501 | AD51: 51 | AE51: 0.558 | AG51: 11 | AH51: 0.81 | AJ51: 11 | AK51: 1.6
G52: 93 | Q52: 44 | R52: Crusher 17:30 | S52: 46252 | T52: 1.25 | AD52: 52 | AE52: 0.558 | AG52: 12 | AH52: 0.81 | AJ52: 12 | AK52: 1.6
G53: 40 | H53: =1800+1000 -> 2800 | Q53: 45 | R53: Crusher 08:00 | S53: 46253 | T53: 0.351 | AD53: 53 | AE53: 0.562 | AG53: 13 | AH53: 0.81 | AJ53: 13 | AK53: 1.6
G54: 13 | Q54: 46 | R54: Crusher 08:30 | S54: 46253 | T54: 2.028 | AD54: 54 | AE54: 0.563 | AG54: 14 | AH54: 0.81 | AJ54: 14 | AK54: 1.6
G55: 190 | Q55: 47 | R55: Crusher 09:00 | S55: 46253 | T55: 1.838 | AD55: 55 | AE55: 0.574 | AG55: 15 | AH55: 0.81 | AJ55: 15 | AK55: 1.6
G56: 220 | Q56: 48 | R56: Crusher 09:30 | S56: 46253 | T56: 1.322 | AD56: 56 | AE56: 0.576 | AG56: 16 | AH56: 0.81 | AJ56: 16 | AK56: 1.6
Q57: 49 | R57: Crusher 10:00 | S57: 46253 | T57: 0.651 | AD57: 57 | AE57: 0.576 | AG57: 17 | AH57: 0.81 | AJ57: 17 | AK57: 1.6
Q58: 50 | R58: Crusher 10:30 | S58: 46253 | T58: 0.506 | AD58: 58 | AE58: 0.604 | AG58: 18 | AH58: 0.81 | AJ58: 18 | AK58: 1.6
Q59: 51 | R59: Crusher 11:00 | S59: 46253 | T59: 0.673 | AD59: 59 | AE59: 0.604 | AG59: 19 | AH59: 0.81 | AJ59: 19 | AK59: 1.6
Q60: 52 | R60: Crusher 11:30 | S60: 46253 | T60: 0.662 | AD60: 60 | AE60: 0.611 | AG60: 20 | AH60: 0.81 | AJ60: 20 | AK60: 1.6
Q61: 53 | R61: Crusher 13:00 | S61: 46253 | T61: 0.555 | AD61: 61 | AE61: 0.613 | AG61: 21 | AH61: 0.81 | AJ61: 21 | AK61: 1.6
Q62: 54 | R62: Crusher 13:30 | S62: 46253 | T62: 0.813 | AD62: 62 | AE62: 0.613 | AG62: 22 | AH62: 0.81 | AJ62: 22 | AK62: 1.6
Q63: 55 | R63: Crusher 14:00 | S63: 46253 | T63: 1.147 | AD63: 63 | AE63: 0.616 | AG63: 23 | AH63: 0.81 | AJ63: 23 | AK63: 1.6
Q64: 56 | R64: Crusher 14:30 | S64: 46253 | T64: 1.941 | AD64: 64 | AE64: 0.632 | AG64: 24 | AH64: 0.81 | AJ64: 24 | AK64: 1.6
Q65: 57 | R65: Crusher 15:00 | S65: 46253 | T65: 0.489 | AD65: 65 | AE65: 0.635 | AG65: 25 | AH65: 0.81 | AJ65: 25 | AK65: 1.6
Q66: 58 | R66: Crusher 15:30 | S66: 46253 | T66: 0.556 | AD66: 66 | AE66: 0.651 | AG66: 26 | AH66: 0.81 | AJ66: 26 | AK66: 1.6
Q67: 59 | R67: Crusher 16:00 | S67: 46253 | T67: 3.032 | AD67: 67 | AE67: 0.662 | AG67: 27 | AH67: 0.81 | AJ67: 27 | AK67: 1.6
Q68: 60 | R68: Crusher 16:30 | S68: 46253 | T68: 0.632 | AD68: 68 | AE68: 0.663 | AG68: 28 | AH68: 0.81 | AJ68: 28 | AK68: 1.6
... Q92: 84 | R92: Crusher 17:00 | S92: 46255 | T92: 0.231 | AD92: 92 | AE92: 0.982 | AG92: 52 | AH92: 0.81 | AJ92: 52 | AK92: 1.6
Q93: 85 | R93: Crusher 09:00 | S93: 46256 | T93: 2.521 | U93: =T93*18 -> 45.378 | W93: =SUM(U93:U101)/Crushing!N22 -> 0.51743748 | X93: =AVERAGE(T93:T101) -> 0.62933333 | AD93: 93 | AE93: 0.986 | AG93: 53 | AH93: 0.81 | AJ93: 53 | AK93: 1.6
Q94: 86 | R94: Crusher 10:00 | S94: 46256 | T94: 0.308 | U94: =T94*18 -> 5.544 | X94: =X93-W93 -> 0.11189585 | AD94: 94 | AE94: 1.035 | AG94: 54 | AH94: 0.81 | AJ94: 54 | AK94: 1.6
Q95: 87 | R95: Crusher 11:00 | S95: 46256 | T95: 0.351 | U95: =T95*18 -> 6.318 | X95: =L19-X93 -> 11.679667 | AD95: 95 | AE95: 1.041 | AG95: 55 | AH95: 0.81 | AJ95: 55 | AK95: 1.6
Q96: 88 | R96: Crusher 13:00 | S96: 46256 | T96: 0.751 | U96: =T96*18 -> 13.518 | X96: =X95*18 -> 210.234 | AD96: 96 | AE96: 1.043 | AG96: 56 | AH96: 0.81 | AJ96: 56 | AK96: 1.6
Q97: 89 | R97: Crusher 14:00 | S97: 46256 | T97: 0.604 | U97: =T97*18 -> 10.872 | AD97: 97 | AE97: 1.044 | AG97: 57 | AH97: 0.81 | AJ97: 57 | AK97: 1.6
Q98: 90 | R98: Crusher 15:00 | S98: 46256 | T98: 0.047 | U98: =T98*18 -> 0.846 | AD98: 98 | AE98: 1.077 | AG98: 58 | AH98: 0.81 | AJ98: 58 | AK98: 1.6
Q99: 91 | R99: Crusher 16:00 | S99: 46256 | T99: 0.357 | U99: =T99*18 -> 6.426 | AD99: 99 | AE99: 1.088 | AG99: 59 | AH99: 0.81 | AJ99: 59 | AK99: 1.6
Q100: 92 | R100: Crusher 17:00 | S100: 46256 | T100: 0.407 | U100: =T100*18 -> 7.326 | AD100: 100 | AE100: 1.1 | AG100: 60 | AH100: 0.81 | AJ100: 60 | AK100: 1.6
Q101: 93 | R101: Crusher 18:00 | S101: 46256 | T101: 0.318 | U101: =T101*18 -> 5.724 | AD101: 101 | AE101: 1.125 | AG101: 61 | AH101: 0.81 | AJ101: 61 | AK101: 1.6
Q102: 94 | R102: Crusher 08:00 | S102: 46258 | T102: 0.502 | AD102: 102 | AE102: 1.147 | AG102: 62 | AH102: 0.81 | AJ102: 62 | AK102: 1.6
Q103: 95 | R103: Crusher 09:00 | S103: 46258 | T103: 0.388 | AD103: 103 | AE103: 1.217 | AG103: 63 | AH103: 0.81 | AJ103: 63 | AK103: 1.6
Q104: 96 | R104: Crusher 10:00 | S104: 46258 | T104: 1.041 | AD104: 104 | AE104: 1.235 | AG104: 64 | AH104: 0.81 | AJ104: 64 | AK104: 1.6
Q105: 97 | R105: Crusher 11:00 | S105: 46258 | T105: 1.47 | AD105: 105 | AE105: 1.239 | AG105: 65 | AH105: 0.81 | AJ105: 65 | AK105: 1.6
Q106: 98 | R106: Crusher 13:00 | S106: 46258 | T106: 3.877 | AD106: 106 | AE106: 1.25 | AG106: 66 | AH106: 0.81 | AJ106: 66 | AK106: 1.6
Q107: 99 | R107: Crusher 14:00 | S107: 46258 | T107: 0.351 | AD107: 107 | AE107: 1.293 | AG107: 67 | AH107: 0.81 | AJ107: 67 | AK107: 1.6
Q108: 100 | R108: Crusher 15:00 | S108: 46258 | T108: 0.326 | AD108: 108 | AE108: 1.295 | AG108: 68 | AH108: 0.81 | AJ108: 68 | AK108: 1.6
Q109: 101 | R109: Crusher 16:00 | S109: 46258 | T109: 0.24 | AD109: 109 | AE109: 1.308 | AG109: 69 | AH109: 0.81 | AJ109: 69 | AK109: 1.6
Q110: 102 | R110: Crusher 17:00 | S110: 46258 | T110: 1.077 | AD110: 110 | AE110: 1.322 | AG110: 70 | AH110: 0.81 | AJ110: 70 | AK110: 1.6
Q111: 103 | R111: Crusher 13:00 | S111: 46261 | T111: 0.253 | AD111: 111 | AE111: 1.328 | AG111: 71 | AH111: 0.81 | AJ111: 71 | AK111: 1.6
B112: Update data topo surveyor material stock rom dan seduah crusher pada area ball mill | Q112: 104 | R112: Crusher 14:00 | S112: 46261 | T112: 0.732 | AD112: 112 | AE112: 1.392 | AG112: 72 | AH112: 0.81 | AJ112: 72 | AK112: 1.6
Q113: 105 | R113: Crusher 15:00 | S113: 46261 | T113: 0.454 | AD113: 113 | AE113: 1.47 | AG113: 73 | AH113: 0.81 | AJ113: 73 | AK113: 1.6
Q114: 106 | R114: Crusher 16:00 | S114: 46261 | T114: 0.616 | AD114: 114 | AE114: 1.552 | AG114: 74 | AH114: 0.81 | AJ114: 74 | AK114: 1.6
Q115: 107 | R115: Crusher 17:00 | S115: 46261 | T115: 0.242 | AD115: 115 | AE115: 1.583 | AG115: 75 | AH115: 0.81 | AJ115: 75 | AK115: 1.6
Q116: 108 | R116: Crusher 18:00 | S116: 46261 | T116: 2.098 | AD116: 116 | AE116: 1.59 | AG116: 76 | AH116: 0.81 | AJ116: 76 | AK116: 1.6
Q117: 109 | R117: Crusher 19:00 | S117: 46261 | T117: 0.863 | AD117: 117 | AE117: 1.635 | AG117: 77 | AH117: 0.81 | AJ117: 77 | AK117: 1.6
Q118: 110 | R118: Crusher 08:00 | S118: 46262 | T118: 0.179 | AD118: 118 | AE118: 1.718 | AG118: 78 | AH118: 0.81 | AJ118: 78 | AK118: 1.6
Q119: 111 | R119: Crusher 09:00 | S119: 46262 | T119: 0.178 | AD119: 119 | AE119: 1.719 | AG119: 79 | AH119: 0.81 | AJ119: 79 | AK119: 1.6
Q120: 112 | R120: Crusher 10:00 | S120: 46262 | T120: 1.1 | AD120: 120 | AE120: 1.822 | AG120: 80 | AH120: 0.81 | AJ120: 80 | AK120: 1.6
Q121: 113 | R121: Crusher 13:00 | S121: 46262 | T121: 0.613 | AD121: 121 | AE121: 1.838 | AG121: 81 | AH121: 0.81 | AJ121: 81 | AK121: 1.6
Q122: 114 | R122: Crusher 14:00 | S122: 46262 | T122: 0.336 | AD122: 122 | AE122: 1.941 | AG122: 82 | AH122: 0.81 | AJ122: 82 | AK122: 1.6
Q123: 115 | R123: Crusher 15:00 | S123: 46262 | T123: 0.613 | AD123: 123 | AE123: 1.963 | AG123: 83 | AH123: 0.81 | AJ123: 83 | AK123: 1.6
...

Sheet Au Cal Leaching Tank
D2: CIP Batch Process Month To Date
D3: PT BULAWAN DAYA LESTARI
D4: 46143
B7: Batch Process | C7: Running Hours | D7: Tank CIP | E7: Date start | F7: Time Start | G7: Date Finish | H7: Time Finish | I7: Volume Slurry (m3) | J7: %solid | K7: Solid (Ton) | L7: Solid (Ton) | M7: Sg Slurry | N7: Leaching | O7: %solid sisa pada tanki | P7: sg slurry | Q7: Volume slurry | R7: Solid on Tank, | S7: Solution (m3) | T7: Cumulative | U7: Head Grade LF Ball Mill | X7: Lab AAS Result (gpt) | AA7: Au Variance | AB7: %Different | AC7: Lab AAS Result Tail | AI7: Metal Content Head Grade Calculated (gr) | AL7: Metal Content Calculated Solid Tail (gr) | AP7: Batch | AQ7: Estimasi %Recovery Metal | AU7: Carbon | AV7: Lab AAS Loaded Carbon | AY7: Batch | AZ7: Estimasi Metal Content Recovered
C8: milling process | L8: pengurangan oleh batch sebelum | N8: Tank | O8: setelah selesai batch | P8: sisa pada tanki | Q8: sisa pada tanki | R8: After Finish | T8: Tonage | U8: gpt | X8: Leach Feed Head Grade Calculated | AC8: Solid (gpt) | AF8: Solution (gr/m3) | AI8: Solid | AL8: Solid | AO8: Solution | AP8: Process | AT8: Leach Tank No | AV8: gpt | AY8: Process | AZ8: gr
C9: to tank leaching | L9: Solid Before-After Batch | N9: No | P9: selesai batch | Q9: selesai batch | R9: Process Batch | T9: Production | U9: Au | V9: Ag | W9: Cu | X9: Au | Y9: Ag | Z9: Cu | AC9: Au | AD9: Ag | AE9: Cu | AF9: Au | AG9: Ag | AH9: Cu | AI9: Au | AJ9: Ag | AK9: Cu | AL9: Au | AM9: Ag | AN9: Cu | AO9: Au | AP9: No | AQ9: Au | AR9: Ag | AS9: Cu | AU9: Usage (Ton) | AV9: Au | AW9: Ag | AX9: Cu | AY9: No | AZ9: Au | BA9: Ag | BB9: Cu | BE9: %Au | BF9: %Ag | BG9: %Cu
B10: 1 | C10: =SUM('Milling and Leach Feed'!P5:P8) -> 45.333333 | D10: 2 | E10: 46267 | F10: 0.25 | G10: 46269 | H10: 0.25 | I10: 557 | J10: 0.41 | K10: =J10*I10*M10 -> 292.3136 | M10: 1.28 | N10: 2 | O10: 0.399 | P10: 1.265 | Q10: 107.85 | R10: =Q10*P10*O10 -> 54.43567 | S10: =K10*((1-J10)/J10) -> 420.6464 | T10: =K10 -> 292.3136 | U10: =AVERAGE('Milling and Leach Feed'!T5:T8) -> 0.708 | V10: =AVERAGE('Milling and Leach Feed'!U5:U8) -> 0.53525 | W10: =AVERAGE('Milling and Leach Feed'!V5:V8) -> 7.2224167 | X10: =SUM('Milling and Leach Feed'!W5:W8)/'Au Cal Leaching Tank'!K10 -> 0.65897436 | Y10: =SUM('Milling and Leach Feed'!X5:X8)/'Au Cal Leaching Tank'!K10 -> 0.56643604 | Z10: =SUM('Milling and Leach Feed'!Y5:Y8)/'Au Cal Leaching Tank'!K10 -> 7.4363798 | AA10: =U10-X10 -> 0.049025642 | AB10: =((U10-X10)/(U10+X10)/2) -> 0.017932173 | AC10: ='LT Floculation'!G6 -> 0.113 | AD10: ='LT Floculation'!H6 -> 0.6175 | AE10: ='LT Floculation'!I6 -> 8.6916667 | AF10: 0.02 | AI10: =U10*$K$10 -> 206.95803 | AJ10: =Y10*$K$10 -> 165.57696 | AK10: =Z10*$K$10 -> 2173.755 | AL10: =AC10*K10 -> 33.031437 | AM10: =AD10*K10 -> 180.50365 | AN10: =AE10*K10 -> 2540.6924 | AO10: =AF10*S10 -> 8.412928 | AP10: 1 | AQ10: =((AI10-(AL10+AO10))/AI10) -> 0.79974507 | AR10: =((AJ10-AM10)/AJ10)*0.95 -> -0.085642086 | AS10: =((AK10-AN10)/AK10)*0.95 -> -0.16036331 | AT10: 2 | AU10: 1 | AV10: =AZ10/$AU10 -> 165.51366 | AW10: =BA10/$AU10 -> -14.926691 | AX10: =BB10/$AU10 -> -366.93742 | AY10: 1 | AZ10: =(AI10-AL10-AO10) -> 165.51366 | BA10: =(AJ10-AM10) -> -14.926691 | BB10: =(AK10-AN10) -> -366.93742 | BD10: =SUM(AZ10:BB10) -> -216.35044 | BE10: =AZ10/BD10 -> -0.76502577 | BF10: =BA10/BD10 -> 0.068993113 | BG10: =BB10/BD10 -> 1.6960327
B11: 2 | C11: =SUM('Milling and Leach Feed'!P9:P12) -> 33.016667 | D11: 3 | E11: 46268 | F11: 0.75 | G11: 46270 | H11: 0.29166667 | I11: 539 | J11: 0.43 | K11: =J11*I11*M11 -> 300.14215 | M11: 1.295 | N11: 3 | O11: 0.4 | P11: 1.265 | Q11: 107.85 | R11: =Q11*P11*O11 -> 54.5721 | S11: =K11*((1-J11)/J11) -> 397.86285 | T11: =K11+K10 -> 592.45575 | U11: =AVERAGE('Milling and Leach Feed'!T9:T11) -> 0.684 | V11: =AVERAGE('Milling and Leach Feed'!U9:U11) -> 0.79333333 | W11: =AVERAGE('Milling and Leach Feed'!V9:V11) -> 9.0511111 | X11: =SUM('Milling and Leach Feed'!W9:W11)/'Au Cal Leaching Tank'!$K$11 -> 0.68534608 | Y11: =SUM('Milling and Leach Feed'!X9:X11)/'Au Cal Leaching Tank'!$K$11 -> 0.79554044 | Z11: =SUM('Milling and Leach Feed'!Y9:Y11)/'Au Cal Leaching Tank'!$K$11 -> 9.1008204 | AA11: =X11-U11 -> 0.0013460797 | AB11: =((X11-U11)/(X11+U11)/2) -> 0.00049150458 | AC11: ='LT Floculation'!G7 -> 0.05575 | AD11: ='LT Floculation'!H7 -> 0.25 | AE11: ='LT Floculation'!I7 -> 8.3525 | AF11: 0.029 | AI11: =U11*$K11 -> 205.29723 | AJ11: =V11*$K11 -> 238.11277 | AK11: =W11*$K11 -> 2716.6199 | AL11: =AC11*$K11 -> 16.732925 | AM11: =AD11*$K11 -> 75.035538 | AN11: =AE11*$K11 -> 2506.9373 | AO11: =AF11*S11 -> 11.538023 | AP11: 2 | AQ11: =((AI11-(AL11+AO11))/AI11) -> 0.8622926 | AR11: =(AJ11-AM11)/AJ11 -> 0.68487395 | AS11: =(AK11-AN11)/AK11 -> 0.077185122 | AT11: 3 | AU11: 1 | AV11: =AZ11/$AU11 -> 177.02628 | AW11: =BA11/$AU11 -> 163.07723 | AX11: =BB11/$AU11 -> 209.68264 | AY11: 2 | AZ11: =(AI11-AL11-AO11) -> 177.02628 | BA11: =(AJ11-AM11) -> 163.07723 | BB11: =(AK11-AN11) -> 209.68264
B12: 3 | C12: =SUM('Milling and Leach Feed'!P16:P19) -> 47.333333 | D12: 2 | E12: 46272 | F12: 0.91666667 | G12: 46274 | I12: 647 | J12: 0.45 | K12: =J12*I12*M12 -> 381.4065 | L12: =K12-R10 -> 326.97083 | M12: 1.31 | N12: 2 | U12: =AVERAGE('Milling and Leach Feed'!T16:T18) -> 0.93455556 | V12: =AVERAGE('Milling and Leach Feed'!U16:U18) -> 0.65888889 | W12: =AVERAGE('Milling and Leach Feed'!V16:V18) -> 9.0688889 | X12: =SUM('Milling and Leach Feed'!W16:W18)/'Au Cal Leaching Tank'!$L$12 -> 0.53359037 | Y12: =SUM('Milling and Leach Feed'!X16:X18)/'Au Cal Leaching Tank'!$L$12 -> 0.38757072 | Z12: =SUM('Milling and Leach Feed'!Y16:Y18)/'Au Cal Leaching Tank'!$L$12 -> 5.6910691 | AI12: =$L12*U12 -> 305.57241 | AJ12: =$L12*V12 -> 215.43745 | AK12: =$L12*W12 -> 2965.2621 | AL12: =AC12*$L12 -> 0 | AM12: =AD12*$L12 -> 0 | AN12: =AE12*$L12 -> 0 | AO12: =AF12*S12 -> 0 | AP12: 3 | AQ12: =IFERROR(((AI12-(AL12+AO12))/AI12),"") -> 1 | AR12: =IFERROR((AJ12-AM12)/AJ12,"") -> 1 | AS12: =IFERROR((AK12-AN12)/AK12,"") -> 1 | AT12: 2 | AU12: 1 | AV12: =(AZ10+AZ12)/AU12 -> 471.08607 | AW12: =(BA10+BA12)/AU12 -> 200.51076 | AX12: =(AX10+BB12)/AU12 -> 2598.3247 | AY12: 3 | AZ12: =(AI12-AL12-AO12) -> 305.57241 | BA12: =(AJ12-AM12) -> 215.43745 | BB12: =(AK12-AN12) -> 2965.2621 | BD12: =AZ10+AZ12+AZ14 -> 471.08607 | BE12: =BA10+BA12+BA14 -> 200.51076 | BF12: =BB10+BB12+BB14 -> 2598.3247
B13: 4 | D13: 3 | N13: 3 | AI13: =$L13*U13 -> 0 | AJ13: =$L13*V13 -> 0 | AK13: =$L13*W13 -> 0 | AL13: =AC13*$L13 -> 0 | AM13: =AD13*$L13 -> 0 | AN13: =AE13*$L13 -> 0 | AO13: =AF13*S13 -> 0 | AP13: 4 | AQ13: =IFERROR(((AI13-(AL13+AO13))/AI13),"") | AR13: =IFERROR((AJ13-AM13)/AJ13,"") | AS13: =IFERROR((AK13-AN13)/AK13,"") | AT13: 3 | AU13: 1 | AV13: =(AZ11+AZ13)/AU13 -> 177.02628 | AW13: =(AZ11+AZ13)/AU13 -> 177.02628 | AX13: =(BA11+BA13)/AU13 -> 163.07723 | AY13: 4 | AZ13: =(AI13-AL13-AO13) -> 0 | BA13: =(AJ13-AM13) -> 0 | BB13: =(AK13-AN13) -> 0 | BD13: =AZ11+AZ13 -> 177.02628 | BE13: =BA11+BA13 -> 163.07723 | BF13: =BB11+BB13 -> 209.68264 | BJ13: =0.4*16000 -> 6400
B14: 5 | D14: 2 | AI14: =$L14*U14 -> 0 | AJ14: =$L14*V14 -> 0 | AK14: =$L14*W14 -> 0 | AL14: =AC14*$L14 -> 0 | AM14: =AD14*$L14 -> 0 | AN14: =AE14*$L14 -> 0 | AO14: =AF14*S14 -> 0 | AP14: 5 | AQ14: =IFERROR(((AI14-(AL14+AO14))/AI14),"") | AR14: =IFERROR((AJ14-AM14)/AJ14,"") | AS14: =IFERROR((AK14-AN14)/AK14,"") | AT14: 2 | AU14: 1 | AV14: =(AZ10+AZ12+AZ14)/AU14 -> 471.08607 | AW14: =(BA10+BA12+BA14)/AU14 -> 200.51076 | AX14: =(BB10+BB12+BB14)/AU14 -> 2598.3247 | AY14: 5 | AZ14: =(AI14-AL14-AO14) -> 0 | BA14: =(AJ14-AM14) -> 0 | BB14: =(AK14-AN14) -> 0 | BD14: =BD12+BD13 -> 648.11235 | BE14: =BE12+BE13 -> 363.58799 | BF14: =BF12+BF13 -> 2808.0074 | BJ14: =BJ13*40% -> 2560
B15: 6 | D15: 3 | AI15: =$L15*U15 -> 0 | AJ15: =$L15*V15 -> 0 | AK15: =$L15*W15 -> 0 | AL15: =AC15*$L15 -> 0 | AM15: =AD15*$L15 -> 0 | AN15: =AE15*$L15 -> 0 | AO15: =AF15*S15 -> 0 | AP15: 6 | AQ15: =IFERROR(((AI15-(AL15+AO15))/AI15),"") | AR15: =IFERROR((AJ15-AM15)/AJ15,"") | AS15: =IFERROR((AK15-AN15)/AK15,"") | AT15: 3 | AU15: 1 | AV15: =(AZ11+AZ13+AZ15)/AU15 -> 177.02628 | AW15: =(BA11+BA13+BA15)/AU15 -> 163.07723 | AX15: =(BB11+BB13+BB15)/AU15 -> 209.68264 | AY15: 6 | AZ15: =(AI15-AL15-AO15) -> 0 | BA15: =(AJ15-AM15) -> 0 | BB15: =(AK15-AN15) -> 0 | BJ15: =BJ14*0.85 -> 2176
B16: 7 | D16: 2 | AQ16: =IFERROR(((AI16-(AL16+AO16))/AI16),"") | AR16: =IFERROR((AJ16-AM16)/AJ16,"") | AS16: =IFERROR((AK16-AN16)/AK16,"") | BJ16: =BJ15*0.4 -> 870.4
B17: 8 | D17: 3 | AQ17: =IFERROR(((AI17-(AL17+AO17))/AI17),"") | AR17: =IFERROR((AJ17-AM17)/AJ17,"") | AS17: =IFERROR((AK17-AN17)/AK17,"") | BJ17: =BJ15*0.6 -> 1305.6
B18: 9 | D18: 2 | AQ18: =IFERROR(((AI18-(AL18+AO18))/AI18),"") | AR18: =IFERROR((AJ18-AM18)/AJ18,"") | AS18: =IFERROR((AK18-AN18)/AK18,"")
B19: 10 | D19: 3 | AQ19: =IFERROR(((AI19-(AL19+AO19))/AI19),"") | AR19: =IFERROR((AJ19-AM19)/AJ19,"") | AS19: =IFERROR((AK19-AN19)/AK19,"")
AQ20: =IFERROR(((AI20-(AL20+AO20))/AI20),"") | AR20: =IFERROR((AJ20-AM20)/AJ20,"") | AS20: =IFERROR((AK20-AN20)/AK20,"") | BE20: =AV14*$AU14 -> 471.08607 | BF20: =AW14*$AU14 -> 200.51076 | BG20: =AX14*$AU14 -> 2598.3247
AQ21: =IFERROR(((AI21-(AL21+AO21))/AI21),"") | AR21: =IFERROR((AJ21-AM21)/AJ21,"") | AS21: =IFERROR((AK21-AN21)/AK21,"")
AQ22: =IFERROR(((AI22-(AL22+AO22))/AI22),"") | AR22: =IFERROR((AJ22-AM22)/AJ22,"") | AS22: =IFERROR((AK22-AN22)/AK22,"") | BE22: =SUM(BE20:BG20)/AU14 -> 3269.9215
AQ23: =IFERROR(((AI23-(AL23+AO23))/AI23),"") | AR23: =IFERROR((AJ23-AM23)/AJ23,"") | AS23: =IFERROR((AK23-AN23)/AK23,"")
AQ24: =IFERROR(((AI24-(AL24+AO24))/AI24),"") | AR24: =IFERROR((AJ24-AM24)/AJ24,"") | AS24: =IFERROR((AK24-AN24)/AK24,"")
R25: x | AQ25: =IFERROR(((AI25-(AL25+AO25))/AI25),"") | AR25: =IFERROR((AJ25-AM25)/AJ25,"") | AS25: =IFERROR((AK25-AN25)/AK25,"")
AQ26: =IFERROR(((AI26-(AL26+AO26))/AI26),"") | AR26: =IFERROR((AJ26-AM26)/AJ26,"") | AS26: =IFERROR((AK26-AN26)/AK26,"")
AQ27: =IFERROR(((AI27-(AL27+AO27))/AI27),"") | AR27: =IFERROR((AJ27-AM27)/AJ27,"") | AS27: =IFERROR((AK27-AN27)/AK27,"")
AQ28: =IFERROR(((AI28-(AL28+AO28))/AI28),"") | AR28: =IFERROR((AJ28-AM28)/AJ28,"") | AS28: =IFERROR((AK28-AN28)/AK28,"")
AQ29: =IFERROR(((AI29-(AL29+AO29))/AI29),"") | AR29: =IFERROR((AJ29-AM29)/AJ29,"") | AS29: =IFERROR((AK29-AN29)/AK29,"")
AQ30: =IFERROR(((AI30-(AL30+AO30))/AI30),"") | AR30: =IFERROR((AJ30-AM30)/AJ30,"") | AS30: =IFERROR((AK30-AN30)/AK30,"")
AQ31: =IFERROR(((AI31-(AL31+AO31))/AI31),"") | AR31: =IFERROR((AJ31-AM31)/AJ31,"") | AS31: =IFERROR((AK31-AN31)/AK31,"")
AQ32: =IFERROR(((AI32-(AL32+AO32))/AI32),"") | AR32: =IFERROR((AJ32-AM32)/AJ32,"") | AS32: =IFERROR((AK32-AN32)/AK32,"")
AQ33: =IFERROR(((AI33-(AL33+AO33))/AI33),"") | AR33: =IFERROR((AJ33-AM33)/AJ33,"") | AS33: =IFERROR((AK33-AN33)/AK33,"")
AQ34: =IFERROR(((AI34-(AL34+AO34))/AI34),"") | AR34: =IFERROR((AJ34-AM34)/AJ34,"") | AS34: =IFERROR((AK34-AN34)/AK34,"")
AQ35: =IFERROR(((AI35-(AL35+AO35))/AI35),"") | AR35: =IFERROR((AJ35-AM35)/AJ35,"") | AS35: =IFERROR((AK35-AN35)/AK35,"")
AQ36: =IFERROR(((AI36-(AL36+AO36))/AI36),"") | AR36: =IFERROR((AJ36-AM36)/AJ36,"") | AS36: =IFERROR((AK36-AN36)/AK36,"")
AQ37: =IFERROR(((AI37-(AL37+AO37))/AI37),"") | AR37: =IFERROR((AJ37-AM37)/AJ37,"") | AS37: =IFERROR((AK37-AN37)/AK37,"")
... AQ59: =IFERROR(((AI59-(AL59+AO59))/AI59),"") | AR59: =IFERROR((AJ59-AM59)/AJ59,"") | AS59: =IFERROR((AK59-AN59)/AK59,"")
B60: Average | C60: =AVERAGE(C10:C59) -> 41.894444 | K60: =AVERAGE(K10:K59) -> 324.62075 | U60: =AVERAGE(U10:U59) -> 0.77551852 | V60: =AVERAGE(V10:V59) -> 0.66249074 | W60: =AVERAGE(W10:W59) -> 8.4474722 | X60: =AVERAGE(X10:X59) -> 0.62597027 | Y60: =AVERAGE(Y10:Y59) -> 0.5831824 | Z60: =AVERAGE(Z10:Z59) -> 7.4094231 | AC60: =AVERAGE(AC10:AC15) -> 0.084375 | AD60: =AVERAGE(AD10:AD15) -> 0.43375 | AE60: =AVERAGE(AE10:AE15) -> 8.5220833 | AF60: =AVERAGE(AF10:AF15) -> 0.0245 | AQ60: =AVERAGE(AQ10:AQ15) -> 0.88734589 | AR60: =AVERAGE(AR10:AR15) -> 0.53307729 | AS60: =AVERAGE(AS10:AS15) -> 0.30560727
B61: Total | C61: =SUM(C10:C59) -> 125.68333 | K61: =SUM(K10:K59)-SUM(R12:R15) -> 973.86225 | AZ61: =SUM(AZ10:AZ15) -> 648.11235 | BA61: =SUM(BA10:BA15) -> 363.58799 | BB61: =SUM(BB10:BB15) -> 2808.0074 | BC61: =SUM(AZ61:BB61) -> 3819.7077
T62: Median | U62: =MEDIAN(U10:U59) -> 0.708 | V62: =MEDIAN(V10:V59) -> 0.65888889 | W62: =MEDIAN(W10:W59) -> 9.0511111 | X62: =MEDIAN(X10:X59) -> 0.65897436 | Y62: =MEDIAN(Y10:Y59) -> 0.56643604 | Z62: =MEDIAN(Z10:Z59) -> 7.4363798 | BC62: =AZ61/BC61 -> 0.1696759 | BD62: =BA61/BC61 -> 0.095187386 | BE62: =BB61/BC61 -> 0.73513671
AI63: =(U60*K61)*AQ60 -> 670.1664
AL65: Leach Feed Ball Mill Head Grade | AZ65: =BC61/2.7 -> 1414.7066
I66: Running Hour | J66: Downtime Hour | K66: Tph Production | M66: Tpd Production | R66: Daily Time Production (Day) | AM66: Au | AN66: Ag | AO66: Cu
I67: =SUM(C10:C15) -> 125.68333 | J67: ='Milling Down Time Hours'!L59 -> 61.533333 | K67: =K61/I67 -> 7.7485393 | M67: =(K61/I68) -> 185.96494 | R67: =(I67+J67)/24 -> 7.8006944 | AL67: Average (Rata-rata) | AM67: =AVERAGE(U10:U15) -> 0.77551852 | AN67: =AVERAGE(V10:V15) -> 0.66249074 | AO67: =AVERAGE(W10:W15) -> 8.4474722
I68: =I67/24 -> 5.2368056 | AA68: Head Grade LF Ball Mill | AL68: Median | AM68: =MEDIAN(U10:U15) -> 0.708 | AN68: =MEDIAN(V10:V15) -> 0.65888889 | AO68: =MEDIAN(W10:W15) -> 9.0511111
AA69: Batch Process | AB69: No Tanki | AC69: gpt | AL69: Min | AM69: =MIN(U10:U15) -> 0.684 | AN69: =MIN(V10:V15) -> 0.53525 | AO69: =MIN(W10:W15) -> 7.2224167
I70: Running Hour | J70: =I67 -> 125.68333 | AC70: Au | AD70: Ag | AE70: Cu | AL70: Max | AM70: =MAX(U10:U15) -> 0.93455556 | AN70: =MAX(V10:V15) -> 0.79333333 | AO70: =MAX(W10:W15) -> 9.0688889
I71: Downtime Hour | J71: =J67 -> 61.533333 | AA71: 1 | AB71: 2 | AC71: 0.708 | AD71: 0.53525 | AE71: 7.2224167
I72: Total Hour Process | J72: =SUM(J70:J71) -> 187.21667 | AA72: 2 | AB72: 3 | AC72: 0.684 | AD72: 0.79333333 | AE72: 9.0511111
I73: %Avabiality | J73: =J70/J72 -> 0.67132556
I74: Tph | J74: =K67 -> 7.7485393
I75: Tpd | J75: =M67 -> 185.96494
I76: Daily Time Production (Day) | J76: =R67 -> 7.8006944
I77: %Losetime Production | J77: =J67/(I67+J67) -> 0.32867444
I92: Batch Process | J92: No Tank | K92: Material Solid (Ton) | L92: Assay Lab Result Fresh Ore | R92: Assay Lab Result Tail
I93: Siklus Pengolahan | J93: Leaching | L93: Au | M93: Ag | N93: Cu | R93: Au | S93: Ag | T93: Cu
I94: 1 | J94: 2 | K94: =K10 -> 292.3136 | L94: =U10 -> 0.708 | M94: =V10 -> 0.53525 | N94: =W10 -> 7.2224167 | R94: =AC10 -> 0.113 | S94: =AD10 -> 0.6175 | T94: =AE10 -> 8.6916667
I95: 2 | J95: 3 | K95: =K11 -> 300.14215 | L95: =U11 -> 0.684 | M95: =V11 -> 0.79333333 | N95: =W11 -> 9.0511111 | R95: =AC11 -> 0.05575 | S95: =AD11 -> 0.25 | T95: =AE11 -> 8.3525
I96: 3 | J96: 2 | K96: =L12 -> 326.97083 | L96: =U12 -> 0.93455556 | M96: =V12 -> 0.65888889 | N96: =W12 -> 9.0688889 | R96: =AC12 -> 0 | S96: =AD12 -> 0 | T96: =AE12 -> 0
I97: 4 | J97: 3 | K97: =L13 -> 0 | L97: =U13 -> 0 | M97: =V13 -> 0 | N97: =W13 -> 0 | R97: =AC13 -> 0 | S97: =AD13 -> 0 | T97: =AE13 -> 0
I98: 5 | J98: 2 | K98: =L14 -> 0 | L98: =U14 -> 0 | M98: =V14 -> 0 | N98: =W14 -> 0 | R98: =AC14 -> 0 | S98: =AD14 -> 0 | T98: =AE14 -> 0
I99: Rata-Rata | L99: =AVERAGE(L94:L98) -> 0.46531111 | M99: =AVERAGE(M94:M98) -> 0.39749444 | N99: =AVERAGE(N94:N98) -> 5.0684833 | R99: =AVERAGE(R94:R98) -> 0.03375 | S99: =AVERAGE(S94:S98) -> 0.1735 | T99: =AVERAGE(T94:T98) -> 3.4088333
I100: Total Material | K100: =SUM(K94:K98) -> 919.42658

Sheet LT Ball Mill
B2: Composite | T2: Average Daily | W2: Variance Com Vs Time
B3: No | C3: id batch | D3: Id sampel | E3: date | F3: au (g/t) | G3: ag (g/t) | H3: Cu (g/t) | M3: No | N3: id batch | O3: Id sampel | P3: date | Q3: au (g/t) | R3: ag (g/t) | S3: Cu (g/t) | T3: Au | U3: Ag | V3: Cu
B4: 1 | C4: 1 | D4: LF Ball Mill DS 1 | E4: 46265 | F4: 1.023 | G4: 0.31 | H4: 6.156 | M4: 1 | N4: 1 | O4: LF Ball Mill DS 10:00 | P4: 46265 | Q4: 0.83 | R4: 0.459 | S4: 4.757
B5: 2 | C5: 1 | D5: LF Ball Mill DS 2 | E5: 46265 | F5: 0.949 | G5: 0.513 | H5: 5.956 | M5: 2 | N5: 1 | O5: LF Ball Mill DS 12:00 | P5: 46265 | Q5: 0.792 | R5: 0.46 | S5: 4.903
B6: 3 | C6: 1 | D6: LF Ball Mill DS 3 | E6: 46265 | F6: 0.929 | G6: 0.407 | H6: 6.217 | I6: =AVERAGE(F4:F6) -> 0.967 | J6: =AVERAGE(G4:G6) -> 0.41 | K6: =AVERAGE(H4:H6) -> 6.1096667 | M6: 3 | N6: 1 | O6: LF Ball Mill DS 14:00 | P6: 46265 | Q6: 0.753 | R6: 0.589 | S6: 6.61
B7: 4 | C7: 1 | D7: LF Ball Mill NS 1 | E7: 46265 | F7: 0.641 | G7: 0.557 | H7: 7.72 | M7: 4 | N7: 1 | O7: LF Ball Mill DS 16:00 | P7: 46265 | Q7: 0.97 | R7: 0.383 | S7: 7.683
B8: 5 | C8: 1 | D8: LF Ball Mill NS 2 | E8: 46265 | F8: 0.637 | G8: 0.502 | H8: 7.51 | M8: 5 | N8: 1 | O8: LF Ball Mill DS 18:00 | P8: 46265 | Q8: 1.123 | R8: 0.289 | S8: 7.577 | T8: =AVERAGE(Q4:Q8) -> 0.8936 | U8: =AVERAGE(R4:R8) -> 0.436 | V8: =AVERAGE(S4:S8) -> 6.306 | W8: =T8-I6 -> -0.0734 | X8: =U8-J6 -> 0.026 | Y8: =V8-K6 -> 0.19633333 | Z8: =MEDIAN(Q4:Q8) -> 0.83 | AA8: =MEDIAN(R4:R8) -> 0.459 | AB8: =MEDIAN(S4:S8) -> 6.61
B9: 6 | C9: 1 | D9: LF Ball Mill NS 3 | E9: 46265 | F9: 0.549 | G9: 0.526 | H9: 7.64 | M9: 6 | N9: 1 | O9: LF Ball Mill DS 08:00 | P9: 46266 | Q9: 1.802 | R9: 1.216 | S9: 9.18
B10: 7 | C10: 1 | D10: LF Ball Mill DS 1 | E10: 46266 | F10: 0.646 | G10: 0.681 | H10: 7.62 | M10: 7 | N10: 1 | O10: LF Ball Mill DS 10:00 | P10: 46266 | Q10: 1.264 | R10: 1.156 | S10: 12.08
B11: 8 | C11: 1 | D11: LF Ball Mill DS 2 | E11: 46266 | F11: 0.645 | G11: 0.687 | H11: 7.55 | I11: =AVERAGE(F10:F12) -> 0.647 | J11: =AVERAGE(G10:G12) -> 0.67433333 | K11: =AVERAGE(H10:H12) -> 7.5333333 | M11: 8 | N11: 1 | O11: LF Ball Mill DS 12:00 | P11: 46266 | Q11: 0.758 | R11: 0.949 | S11: 7.46
B12: 9 | C12: 1 | D12: LF Ball Mill DS 3 | E12: 46266 | F12: 0.65 | G12: 0.655 | H12: 7.43 | M12: 9 | N12: 1 | O12: LF Ball Mill DS 14:00 | P12: 46266 | Q12: 0.777 | R12: 0.775 | S12: 7.2
B13: 10 | C13: 1 | D13: LF Ball Mill NS 1 | E13: 46266 | F13: 0.641 | G13: 0.557 | H13: 7.72 | M13: 10 | N13: 1 | O13: LF Ball Mill DS 18:00 | P13: 46266 | Q13: 0.737 | R13: 0.815 | S13: 7.21 | T13: =AVERAGE(Q9:Q13) -> 1.0676 | U13: =AVERAGE(R9:R13) -> 0.9822 | V13: =AVERAGE(S9:S13) -> 8.626 | W13: =I11-T13 -> -0.4206 | X13: =J11-U13 -> -0.30786667 | Y13: =K11-V13 -> -1.0926667 | Z13: =MEDIAN(Q9:Q13) -> 0.777 | AA13: =MEDIAN(R9:R13) -> 0.949 | AB13: =MEDIAN(S9:S13) -> 7.46
B14: 11 | C14: 1 | D14: LF Ball Mill NS 2 | E14: 46266 | F14: 0.637 | G14: 0.502 | H14: 7.51 | M14: 11 | N14: 1 | O14: LF Ball Mill DS 09:00 | P14: 46267 | Q14: 0.949 | R14: 0.79 | S14: 8.75
B15: 12 | C15: 1 | D15: LF Ball Mill NS 3 | E15: 46266 | F15: 0.549 | G15: 0.526 | H15: 7.64 | M15: 12 | N15: 1 | O15: LF Ball Mill DS 11:00 | P15: 46267 | Q15: 0.971 | R15: 0.6 | S15: 7.56
B16: 13 | C16: 2 | D16: LF Ball Mill DS 1 | E16: 46267 | F16: 0.66 | G16: 0.32 | H16: 9.63 | M16: 13 | N16: 2 | O16: LF Ball Mill DS 13:00 | P16: 46267 | Q16: 0.988 | R16: 0.65 | S16: 8.44
B17: 14 | C17: 2 | D17: LF Ball Mill DS 2 | E17: 46267 | F17: 0.824 | G17: 0.67 | H17: 9.79 | M17: 14 | N17: 2 | O17: LF Ball Mill DS 15:00 | P17: 46267 | Q17: 1.014 | R17: 0.43 | S17: 9.04
B18: 15 | C18: 2 | D18: LF Ball Mill DS 3 | E18: 46267 | F18: 0.75 | G18: 0.78 | H18: 10.1 | I18: =AVERAGE(F16:F18) -> 0.74466667 | J18: =AVERAGE(G16:G18) -> 0.59 | K18: =AVERAGE(H16:H18) -> 9.84 | M18: 15 | N18: 2 | O18: LF Ball Mill DS 18:00 | P18: 46267 | Q18: 0.959 | R18: 0.62 | S18: 8.31 | T18: =AVERAGE(Q14:Q18) -> 0.9762 | U18: =AVERAGE(R14:R18) -> 0.618 | V18: =AVERAGE(S14:S18) -> 8.42 | W18: =I18-T18 -> -0.23153333 | X18: =J18-U18 -> -0.028 | Y18: =K18-V18 -> 1.42 | Z18: =MEDIAN(Q14:Q17) -> 0.9795 | AA18: =MEDIAN(R14:R17) -> 0.625 | AB18: =MEDIAN(S14:S17) -> 8.595
B19: 16 | C19: 2 | D19: LF Ball Mill NS 1 | E19: 46267 | F19: 0.632 | G19: 1.103 | H19: 9.26 | M19: 16 | N19: 2 | O19: LF Ball Mill DS 12:00 | P19: 46268 | Q19: 0.82 | R19: 0.65 | S19: 6.55
B20: 17 | C20: 2 | D20: LF Ball Mill NS 2 | E20: 46267 | F20: 0.631 | G20: 1.008 | H20: 9.24 | M20: 17 | N20: 2 | O20: LF Ball Mill DS 14:00 | P20: 46268 | Q20: 0.809 | R20: 0.66 | S20: 6.62
B21: 18 | C21: 2 | D21: LF Ball Mill NS 3 | E21: 46267 | F21: 0.675 | G21: 1.089 | H21: 9.27 | M21: 18 | N21: 2 | O21: LF Ball Mill DS 18:00 | P21: 46268 | Q21: 0.764 | R21: 0.67 | S21: 7.17 | T21: =AVERAGE(Q19:Q21) -> 0.79766667 | U21: =AVERAGE(R19:R21) -> 0.66 | V21: =AVERAGE(S19:S21) -> 6.78 | W21: =T21-I24 -> 0.13633333 | X21: =U21-J24 -> -0.063333333 | Y21: =V21-K24 -> -1.2766667 | Z21: =MEDIAN(Q19:Q21) -> 0.809 | AA21: =MEDIAN(R19:R21) -> 0.66 | AB21: =MEDIAN(S19:S21) -> 6.62
B22: 19 | C22: 2 | D22: LF Ball Mill DS 1 | E22: 46268 | F22: 0.668 | G22: 0.61 | H22: 8.17 | M22: 19 | N22: 3 | O22: LF Ball Mill DS 08:00 | P22: 46271 | Q22: 1.061 | R22: 0.73 | S22: 8.87
B23: 20 | C23: 2 | D23: LF Ball Mill DS 2 | E23: 46268 | F23: 0.594 | G23: 0.71 | H23: 7.54 | M23: 20 | N23: 3 | O23: LF Ball Mill DS 10:00 | P23: 46271 | Q23: 0.909 | R23: 0.77 | S23: 9.69
B24: 21 | C24: 2 | D24: LF Ball Mill DS 3 | E24: 46268 | F24: 0.722 | G24: 0.85 | H24: 8.46 | I24: =AVERAGE(F22:F24) -> 0.66133333 | J24: =AVERAGE(G22:G24) -> 0.72333333 | K24: =AVERAGE(H22:H24) -> 8.0566667 | M24: 21 | N24: 3 | O24: LF Ball Mill DS 12:00 | P24: 46271 | Q24: 0.848 | R24: 0.66 | S24: 8.73
B25: 22 | C25: 3 | D25: LF Ball Mill NS 1 | E25: 46270 | F25: 1.098 | G25: 0.82 | H25: 8.17 | M25: 21 | N25: 3 | O25: LF Ball Mill DS 16:00 | P25: 46271 | Q25: 0.83 | R25: 0.53 | S25: 8.72
B26: 23 | C26: 3 | D26: LF Ball Mill NS 2 | E26: 46270 | F26: 1.088 | G26: 0.75 | H26: 8.1 | M26: 21 | N26: 3 | O26: LF Ball Mill DS 18:00 | P26: 46271 | Q26: 1.168 | R26: 0.83 | S26: 9.84
B27: 24 | C27: 3 | D27: LF Ball Mill NS 3 | E27: 46270 | F27: 1.075 | G27: 0.75 | H27: 8.08
B28: 25 | C28: 3 | D28: LF Ball Mill DS 1 | E28: 46271 | F28: 0.92 | G28: 0.57 | H28: 9.66
B29: 26 | C29: 3 | D29: LF Ball Mill DS 2 | E29: 46271 | F29: 0.86 | G29: 0.54 | H29: 9.56
B30: 27 | C30: 3 | D30: LF Ball Mill DS 3 | E30: 46271 | F30: 0.927 | G30: 0.6 | H30: 9.74
B31: 28 | C31: 3 | D31: LF Ball Mill NS 1 | E31: 46271 | F31: 0.788 | G31: 0.62 | H31: 9.46
B32: 29 | C32: 3 | D32: LF Ball Mill NS 2 | E32: 46271 | F32: 0.742 | G32: 0.6 | H32: 9.43
B33: 30 | C33: 3 | D33: LF Ball Mill NS 3 | E33: 46271 | F33: 0.913 | G33: 0.68 | H33: 9.42
B34: 31
B35: 32
B36: 33
B37: 34
B38: 35
B39: 36
B40: 37
B41: 38
B42: 39
B43: 40
B44: 41
B45: 42
... B79: 76

Sheet Milling and Leach Feed
B2: PIC | C2: DYAN RAMDHANI | H2: Milling And Leach Feed Material | O2: =720+180 -> 900
B4: Date | D4: PIC | E4: Keterangan | F4: Shift | G4: %Solid | H4: Slurry Pump to Tank Leaching (m3) | I4: Estimasi Flow Rate to leaching (m3/h) | J4: Slurry On Tank Leaching | K4: Sg Slurry | L4: passing -75 micron (%) | M4: Tonage/Shift | N4: Tpd | O4: Tph | P4: Running (hour) | Q4: Running Time (mins) | R4: lose time(Mins) | S4: tonage/Batch ' | T4: Au Lab (g/t) | U4: Ag Lab (g/t) | V4: Cu Lab (g/t) | W4: Au (gr) | X4: Ag (gr) | Y4: Cu (gr) | Z4: Au Recovered Price (rp)
B5: 46265 | D5: Yanli/Hadi | E5: Batch 1 Tank 2 | F5: Day | G5: 0.2271 | H5: 116.84 | I5: =H5/((720-R5)/60) -> 11.198722 | J5: =H5 -> 116.84 | K5: 1.135 | L5: 0.68 | M5: =H5*K5*G5 -> 30.116503 | N5: =SUM(M5:M6) -> 74.069659 | O5: =M5/((720-R5)/60) -> 2.8865658 | P5: ='Milling Down Time Hours'!M5 -> 22.433333 | R5: ='Milling Down Time Hours'!L5 -> 94 | S5: =SUM(M5:M8) -> 292.3136 | T5: =AVERAGE('LT Ball Mill'!F4:F6) -> 0.967 | U5: =AVERAGE('LT Ball Mill'!G4:G6) -> 0.41 | V5: =AVERAGE('LT Ball Mill'!H4:H6) -> 6.1096667 | W5: =T5*M5 -> 29.122659 | X5: =M5*U5 -> 12.347766 | Y5: =M5*V5 -> 184.0018 | Z5: =W5*$AF$6 -> 72806646 | AA5: pct solids from known Pulp Weight
D6: Kristo/Ulan | E6: Batch 1 Tank 2 | F6: Night | G6: 0.36 | H6: =J6-H5 -> 98.86 | I6: =H6/((720-R6)/60) -> 8.2383333 | J6: 215.7 | K6: 1.235 | L6: 0.68 | M6: =H6*K6*G6 -> 43.953156 | O6: =M6/((720-R6)/60) -> 3.662763 | R6: 0 | T6: =AVERAGE('LT Ball Mill'!F7:F9) -> 0.609 | U6: =AVERAGE('LT Ball Mill'!G7:G9) -> 0.52833333 | V6: =AVERAGE('LT Ball Mill'!H7:H9) -> 7.6233333 | W6: =T6*M6 -> 26.767472 | X6: =M6*U6 -> 23.221917 | Y6: =M6*V6 -> 335.06956 | Z6: =W6*$AF$6 -> 66918680 | AF6: 2500000
B7: 46266 | D7: Yanli/Hadi | E7: Batch 1 Tank 2 | F7: Day | G7: 0.3879 | H7: =J7-SUM(H5:H6) -> 143.3 | I7: =H7/((720-R7)/60) -> 12.371223 | J7: 359 | K7: 1.255 | L7: 0.7 | M7: =(K7*J7*G7)-(SUM(M5:M6)) -> 100.69675 | N7: =SUM(M7:M8) -> 218.24394 | O7: =M7/((720-R7)/60) -> 8.6932443 | P7: ='Milling Down Time Hours'!M6 -> 22.9 | R7: 25 | T7: =AVERAGE('LT Ball Mill'!F10:F12) -> 0.647 | U7: =AVERAGE('LT Ball Mill'!G10:G12) -> 0.67433333 | V7: =AVERAGE('LT Ball Mill'!H10:H12) -> 7.5333333 | W7: =T7*M7 -> 65.150795 | X7: =M7*U7 -> 67.903173 | Y7: =M7*V7 -> 758.58216 | Z7: =W7*$AF$6 -> 1.6287699e+08
D8: Kristo/Ulan | E8: Batch 1 Tank 2 finish milling jam 06:00 | F8: Night | G8: 0.41 | H8: =J8-SUM(H5:H7) -> 198 | I8: =H8/((720-R8)/60) -> 17.496318 | J8: 557 | K8: 1.28 | L8: 0.7 | M8: =(K8*J8*G8)-(SUM(M5:M7)) -> 117.54719 | O8: =M8/((720-R8)/60) -> 10.387086 | R8: 41 | T8: =AVERAGE('LT Ball Mill'!F13:F15) -> 0.609 | U8: =AVERAGE('LT Ball Mill'!G13:G15) -> 0.52833333 | V8: =AVERAGE('LT Ball Mill'!H13:H15) -> 7.6233333 | W8: =T8*M8 -> 71.586241 | X8: =M8*U8 -> 62.104101 | Y8: =M8*V8 -> 896.10145 | Z8: =W8*$AF$6 -> 1.789656e+08 | AB8: W Pulp | AC8: 1290 | AD8: gr
B9: 46267 | D9: Yanli/Hadi | E9: Batch 2 Tank 3 start | F9: Day | G9: 0.39 | H9: =J9 -> 215 | I9: =H9/((720-R9)/60) -> 21.5 | J9: 215 | K9: 1.26 | L9: 0.72 | M9: =H9*K9*G9 -> 105.651 | N9: =SUM(M9:M10) -> 209.804 | O9: =M9/((720-R9)/60) -> 10.5651 | P9: ='Milling Down Time Hours'!M7 -> 22 | R9: ='Milling Down Time Hours'!L7 -> 120 | S9: =SUM(M9:M11) -> 300.14215 | T9: =AVERAGE('LT Ball Mill'!F16:F18) -> 0.74466667 | U9: =AVERAGE('LT Ball Mill'!G16:G18) -> 0.59 | V9: =AVERAGE('LT Ball Mill'!H16:H18) -> 9.84 | W9: =T9*M9 -> 78.674778 | X9: =M9*U9 -> 62.33409 | Y9: =M9*V9 -> 1039.6058 | Z9: =W9*$AF$6 -> 196686945 | AB9: V Pulp | AC9: 1000 | AD9: mL
D10: Ulan/Kristo | F10: Night | G10: 0.4 | H10: =J10-H9 -> 198 | I10: =H10/((720-R10)/60) -> 16.5 | J10: 413 | K10: 1.27 | L10: 0.72 | M10: =K10*J10*G10-SUM(M9) -> 104.153 | O10: =M10/((720-R10)/60) -> 8.6794167 | R10: 0 | T10: =AVERAGE('LT Ball Mill'!F19:F21) -> 0.646 | U10: =AVERAGE('LT Ball Mill'!G19:G21) -> 1.0666667 | V10: =AVERAGE('LT Ball Mill'!H19:H21) -> 9.2566667 | W10: =T10*M10 -> 67.282838 | X10: =M10*U10 -> 111.09653 | Y10: =M10*V10 -> 964.1096 | Z10: =W10*$AF$6 -> 1.682071e+08 | AB10: SG pulp | AC10: =+AC8/AC9 -> 1.29 | AD10: g/mL
B11: 46268 | D11: Yanli/Hadi | E11: Finish pump tank 3, batch 2 jam 06:00 | F11: Day | G11: 0.43 | H11: =J11-H10-H9 -> 126 | I11: =H11/((720-R11)/60) -> 11.454545 | J11: 539 | K11: 1.295 | L11: 0.71 | M11: =J11*K11*G11-SUM(M9:M10) -> 90.33815 | N11: =SUM(M11:M12) -> 90.33815 | O11: =M11/((720-R11)/60) -> 8.2125591 | P11: ='Milling Down Time Hours'!M8 -> 11.016667 | R11: 60 | T11: =AVERAGE('LT Ball Mill'!F22:F24) -> 0.66133333 | U11: =AVERAGE('LT Ball Mill'!G22:G24) -> 0.72333333 | V11: =AVERAGE('LT Ball Mill'!H22:H24) -> 8.0566667 | W11: =T11*M11 -> 59.74363 | X11: =M11*U11 -> 65.344595 | Y11: =M11*V11 -> 727.82436 | Z11: =W11*$AF$6 -> 1.4935907e+08 | AB11: SG Solid | AC11: =2.1 -> 2.1 | AD11: g/mL
D12: Ulan/Kristo | E12: Stop Drain slurry tank 2, batch 1 | F12: Night | M12: =H12*K12*G12 -> 0 | R12: 720 | W12: =T12*M12 -> 0 | X12: =M12*U12 -> 0 | Y12: =M12*V12 -> 0 | Z12: =W12*$AF$6 -> 0 | AB12: SG Soln | AC12: 1 | AD12: g/mL
B13: 46269 | D13: Stop drain slurry | F13: Day | M13: =H13*K13*G13 -> 0 | P13: ='Milling Down Time Hours'!M9 -> 0.033333333 | R13: ='Milling Down Time Hours'!L9 -> 1438 | W13: =T13*M13 -> 0 | X13: =M13*U13 -> 0 | Y13: =M13*V13 -> 0 | Z13: =W13*$AF$6 -> 0 | AB13: %sd | AC13: =+(AC10-1)/(AC10-AC10/AC11) -> 0.42917548
F14: Night | M14: =H14*K14*G14 -> 0 | O14: =(N14/SUM(P5:P14)) -> 0 | W14: =T14*M14 -> 0 | X14: =M14*U14 -> 0 | Y14: =M14*V14 -> 0 | Z14: =W14*$AF$6 -> 0 | AB14: W Solid | AC14: =+AC13*AC8 -> 553.63636 | AD14: gr
B15: 46270 | E15: stop genset rusak | F15: Day | M15: =H15*K15*G15 -> 0 | P15: 0 | Q15: =720-R15 -> 0 | R15: 720 | W15: =T15*M15 -> 0 | X15: =M15*U15 -> 0 | Y15: =M15*V15 -> 0 | Z15: =W15*$AF$6 -> 0 | AB15: W Sln | AC15: =(AC8-AC14) -> 736.36364 | AD15: gr
D16: Kristo/Ulan | E16: start batch 3, ball mill no 3 only | F16: Night | G16: 0.38 | H16: =J16-'Au Cal Leaching Tank'!$Q$10 -> 62.15 | I16: 5.57 | J16: 170 | K16: 1.25 | M16: =(J16*K16*G16)-'Au Cal Leaching Tank'!$R$10 -> 26.31433 | N16: =SUM(M15:M16) -> 26.31433 | O16: =M16/P16 -> 2.3252722 | P16: =Q16/60 -> 11.316667 | Q16: =720-R16 -> 679 | R16: 41 | T16: =AVERAGE('LT Ball Mill'!F25:F27) -> 1.087 | U16: =AVERAGE('LT Ball Mill'!G25:G27) -> 0.77333333 | V16: =AVERAGE('LT Ball Mill'!H25:H27) -> 8.1166667 | W16: =T16*M16 -> 28.603677 | X16: =M16*U16 -> 20.349749 | Y16: =M16*V16 -> 213.58465 | Z16: =W16*$AF$6 -> 71509192
B17: 46271 | D17: Kristo/Ulan | E17: Batch 3, tank 2 | F17: Day | G17: 0.47 | H17: =J17-SUM(H16)-'Au Cal Leaching Tank'!$Q$10 -> 45 | I17: =H17/((720-R17)/60) -> 4.5762712 | J17: 215 | K17: 1.33 | L17: 0.65 | M17: =J17*K17*G17-SUM(M16)-'Au Cal Leaching Tank'!$R$10 -> 53.6465 | N17: =SUM(M17:M18) -> 173.3245 | O17: =M17/P17 -> 5.4555763 | P17: =(720-R17)/60 -> 9.8333333 | Q17: =720-R17 -> 590 | R17: ='Milling Down Time Hours'!L11 -> 130 | T17: =AVERAGE('LT Ball Mill'!F28:F30) -> 0.90233333 | U17: =AVERAGE('LT Ball Mill'!G28:G30) -> 0.57 | V17: =AVERAGE('LT Ball Mill'!H28:H30) -> 9.6533333 | W17: =T17*M17 -> 48.407025 | X17: =M17*U17 -> 30.578505 | Y17: =M17*V17 -> 517.86755 | Z17: =W17*$AF$6 -> 1.2101756e+08
D18: Yanli/Hadi | F18: Night | G18: 0.45 | H18: =J18-SUM(H16:H17)-'Au Cal Leaching Tank'!$Q$10 -> 216 | I18: =H18/((720-R18)/60) -> 18 | J18: 431 | K18: 1.31 | L18: 0.65 | M18: =J18*K18*G18-SUM(M16:M17)-'Au Cal Leaching Tank'!$R$10 -> 119.678 | O18: =M18/P18 -> 9.9731667 | P18: =(720-R18)/60 -> 12 | Q18: =720-R18 -> 720 | R18: 0 | T18: =AVERAGE('LT Ball Mill'!F31:F33) -> 0.81433333 | U18: =AVERAGE('LT Ball Mill'!G31:G33) -> 0.63333333 | V18: =AVERAGE('LT Ball Mill'!H31:H33) -> 9.4366667 | W18: =T18*M18 -> 97.457785 | X18: =M18*U18 -> 75.796067 | Y18: =M18*V18 -> 1129.3614 | AC18: =1490-180 -> 1310
B19: 46272 | D19: Toni | E19: batch 3 tank 2 finish pump jam 22:00 | F19: Day | G19: 0.45 | H19: =J19-SUM(H16:H18)-'Au Cal Leaching Tank'!$Q$10 -> 216 | I19: =H19/((720-R19)/60) -> 19.314456 | J19: 647 | K19: 1.31 | L19: 0.73 | M19: =J19*K19*G19-SUM(M16:M18)-'Au Cal Leaching Tank'!$R$10 -> 127.332 | N19: =SUM(M19:M20) -> 185.5919 | O19: =M19/P19 -> 8.9775793 | P19: =(900-R19)/60 -> 14.183333 | Q19: =900-R19 -> 851 | R19: ='Milling Down Time Hours'!G13+30 -> 49 | W19: =T19*M19 -> 0 | X19: =M19*U19 -> 0 | Y19: =M19*V19 -> 0 | AC19: =(AC10-1)/(AC10-AC10/AC11) -> 0.42917548
D20: Yanli | E20: Batch 4 tank 3 | F20: Night | G20: 0.41 | H20: =J20-'Au Cal Leaching Tank'!$Q$11 -> 107.15 | I20: =H20/((720-R20)/60) -> 9.510355 | J20: 215 | K20: 1.28 | L20: 0.73 | M20: =J20*K20*G20-'Au Cal Leaching Tank'!$R$11 -> 58.2599 | O20: =M20/P20 -> 6.2870396 | P20: =(600-R20)/60 -> 9.2666667 | Q20: =600-R20 -> 556 | R20: ='Milling Down Time Hours'!G14-30 -> 44 | W20: =T20*M20 -> 0 | X20: =M20*U20 -> 0 | Y20: =M20*V20 -> 0
B21: 46273 | D21: Toni | E21: jalan bm 1 dan 2, bm no 3 start jam 14:30 | F21: Day | G21: 0.42 | H21: =J21-'Au Cal Leaching Tank'!$Q$11-SUM(H20) -> 189 | I21: =H21/((720-R21)/60) -> 18.290323 | J21: 404 | K21: 1.29 | L21: 0.75 | M21: =J21*K21*G21-'Au Cal Leaching Tank'!$R$11-SUM(M20) -> 106.0552 | N21: =SUM(M21:M22) -> 106.0552 | O21: =M21/P21 -> 10.263406 | P21: =(720-R21)/60 -> 10.333333 | Q21: =720-R21 -> 620 | R21: ='Milling Down Time Hours'!G15 -> 100 | W21: =T21*M21 -> 0 | X21: =M21*U21 -> 0 | Y21: =M21*V21 -> 0 | AA21: Diameter Tank | AB21: 10.7 | AC21: m
F22: Night | I22: =H22/((720-R22)/60) -> 0 | M22: =H22*K22*G22 -> 0 | W22: =T22*M22 -> 0 | X22: =M22*U22 -> 0 | Y22: =M22*V22 -> 0 | AA22: Tinggi | AB22: 2.4 | AC22: m
B23: 46274 | F23: Day | M23: =H23*K23*G23 -> 0 | O23: =S23/(P23+P25) -> 0 | P23: ='Milling Down Time Hours'!M14 -> 22.766667 | R23: ='Milling Down Time Hours'!L24 -> 0 | S23: =SUM(N23:N25) -> 0 | W23: =T23*M23 -> 0 | X23: =M23*U23 -> 0 | Y23: =M23*V23 -> 0 | AA23: r2 | AB23: =AB21*0.5 -> 5.35
F24: Night | M24: =H24*K24*G24 -> 0 | W24: =T24*M24 -> 0 | X24: =M24*U24 -> 0 | Y24: =M24*V24 -> 0 | AA24: Volume Tank | AB24: =3.14*AB23*AB23*AB22 -> 215.69916
B25: 46275 | F25: Day | M25: =H25*K25*G25 -> 0 | P25: 6 | W25: =T25*M25 -> 0 | X25: =M25*U25 -> 0 | Y25: =M25*V25 -> 0 | AA25: Berat solid | AB25: =AB24*AC10*41% -> 114.08329
F26: Night | M26: =H26*K26*G26 -> 0 | O26: =SUM(N26:N29)/SUM(P26:P29) -> 0 | P26: 6 | W26: =T26*M26 -> 0 | X26: =M26*U26 -> 0 | Y26: =M26*V26 -> 0 | AB26: =AB25-33.43 -> 80.653286
B27: 46276 | F27: Day | M27: =H27*K27*G27 -> 0 | P27: 12 | W27: =T27*M27 -> 0 | X27: =M27*U27 -> 0 | Y27: =M27*V27 -> 0
F28: Night | M28: =H28*K28*G28 -> 0 | P28: ='Milling Down Time Hours'!M17 -> 24 | R28: ='Milling Down Time Hours'!L17 -> 0 | W28: =T28*M28 -> 0 | X28: =M28*U28 -> 0 | Y28: =M28*V28 -> 0
B29: 46277 | F29: Day | M29: =H29*K29*G29 -> 0 | W29: =T29*M29 -> 0 | X29: =M29*U29 -> 0 | Y29: =M29*V29 -> 0
F30: Night | M30: =H30*K30*G30 -> 0 | O30: =N31/P30 -> 0 | P30: ='Milling Down Time Hours'!M18 -> 24 | R30: ='Milling Down Time Hours'!L18 -> 0 | W30: =T30*M30 -> 0 | X30: =M30*U30 -> 0 | Y30: =M30*V30 -> 0
B31: 46278 | F31: Day | M31: =H31*K31*G31 -> 0 | W31: =T31*M31 -> 0 | X31: =M31*U31 -> 0 | Y31: =M31*V31 -> 0
F32: Night | M32: =H32*K32*G32 -> 0 | O32: =SUM(N32:N33)/P32 -> 0 | P32: ='Milling Down Time Hours'!M19 -> 24 | R32: ='Milling Down Time Hours'!L19 -> 0 | W32: =T32*M32 -> 0 | X32: =M32*U32 -> 0 | Y32: =M32*V32 -> 0
B33: 46279 | F33: Day | M33: =H33*K33*G33 -> 0 | W33: =T33*M33 -> 0 | X33: =M33*U33 -> 0 | Y33: =M33*V33 -> 0
F34: Night | M34: =H34*K34*G34 -> 0 | O34: =SUM(N34:N35)/P34 -> 0 | P34: ='Milling Down Time Hours'!M20 -> 24 | R34: ='Milling Down Time Hours'!L20 -> 0 | W34: =T34*M34 -> 0 | X34: =M34*U34 -> 0 | Y34: =M34*V34 -> 0
B35: 46280 | F35: Day | M35: =H35*K35*G35 -> 0 | W35: =T35*M35 -> 0 | X35: =M35*U35 -> 0 | Y35: =M35*V35 -> 0
F36: Night | M36: =H36*K36*G36 -> 0 | O36: =SUM(N36:N37)/P36 -> 0 | P36: ='Milling Down Time Hours'!M21 -> 24 | R36: ='Milling Down Time Hours'!L21 -> 0 | W36: =T36*M36 -> 0 | X36: =M36*U36 -> 0 | Y36: =M36*V36 -> 0
B37: 46281 | F37: Day | M37: =H37*K37*G37 -> 0 | W37: =T37*M37 -> 0 | X37: =M37*U37 -> 0 | Y37: =M37*V37 -> 0
F38: Night | M38: =H38*K38*G38 -> 0 | O38: =SUM(N38:N39)/P38 -> 0 | P38: ='Milling Down Time Hours'!M22 -> 24 | R38: ='Milling Down Time Hours'!L22 -> 0 | W38: =T38*M38 -> 0 | X38: =M38*U38 -> 0 | Y38: =M38*V38 -> 0
B39: 46282 | F39: Day | M39: =H39*K39*G39 -> 0 | W39: =T39*M39 -> 0 | X39: =M39*U39 -> 0 | Y39: =M39*V39 -> 0 | AA39: \ | AF39: =53-6-17 -> 30
F40: Night | M40: =H40*K40*G40 -> 0 | O40: =SUM(N40:N41)/P40 -> 0 | P40: ='Milling Down Time Hours'!M23 -> 24 | R40: ='Milling Down Time Hours'!L23 -> 0 | W40: =T40*M40 -> 0 | X40: =M40*U40 -> 0 | Y40: =M40*V40 -> 0
B41: 46283 | F41: Day | M41: =H41*K41*G41 -> 0 | W41: =T41*M41 -> 0 | X41: =M41*U41 -> 0 | Y41: =M41*V41 -> 0
F42: Night | M42: =H42*K42*G42 -> 0 | P42: ='Milling Down Time Hours'!M24 -> 24 | R42: ='Milling Down Time Hours'!L24 -> 0 | W42: =T42*M42 -> 0 | X42: =M42*U42 -> 0 | Y42: =M42*V42 -> 0
B43: 46284 | F43: Day | M43: =H43*K43*G43 -> 0 | W43: =T43*M43 -> 0 | X43: =M43*U43 -> 0 | Y43: =M43*V43 -> 0
F44: Night | M44: =H44*K44*G44 -> 0 | P44: ='Milling Down Time Hours'!M25 -> 24 | R44: ='Milling Down Time Hours'!L25 -> 0 | W44: =T44*M44 -> 0 | X44: =M44*U44 -> 0 | Y44: =M44*V44 -> 0
B45: 46285 | F45: Day | M45: =H45*K45*G45 -> 0 | W45: =T45*M45 -> 0 | X45: =M45*U45 -> 0 | Y45: =M45*V45 -> 0
F46: Night | M46: =H46*K46*G46 -> 0 | P46: ='Milling Down Time Hours'!M26 -> 24 | R46: ='Milling Down Time Hours'!L26 -> 0
B47: 46286 | F47: Day | M47: =H47*K47*G47 -> 0
F48: Night | M48: =H48*K48*G48 -> 0 | P48: ='Milling Down Time Hours'!M54 -> 0 | R48: ='Milling Down Time Hours'!L54 -> 0
B49: 46287 | F49: Day | M49: =H49*K49*G49 -> 0
F50: Night | M50: =H50*K50*G50 -> 0 | P50: ='Milling Down Time Hours'!M56 -> 0 | R50: ='Milling Down Time Hours'!L56 -> 0
B51: 46288 | F51: Day | M51: =H51*K51*G51 -> 0
F52: Night | M52: =H52*K52*G52 -> 0
B53: 46289 | F53: Day | M53: =H53*K53*G53 -> 0 | AB53: 9570
F54: Night | M54: =H54*K54*G54 -> 0 | P54: ='Milling Down Time Hours'!M60 -> 23 | R54: ='Milling Down Time Hours'!L60 -> 0 | AB54: 8795
B55: 46290 | F55: Day | M55: =H55*K55*G55 -> 0 | AB55: =(AB53-AB54)/AB53 -> 0.080982236
F56: Night | M56: =H56*K56*G56 -> 0 | P56: ='Milling Down Time Hours'!M62 -> 0 | R56: ='Milling Down Time Hours'!L62 -> 0
B57: 46291 | F57: Day | M57: =H57*K57*G57 -> 0
F58: Night | M58: =H58*K58*G58 -> 0 | P58: ='Milling Down Time Hours'!M64 -> 0 | R58: ='Milling Down Time Hours'!L64 -> 0
B59: 46292 | F59: Day | M59: =H59*K59*G59 -> 0
F60: Night | M60: =H60*K60*G60 -> 0 | P60: ='Milling Down Time Hours'!M66 -> 0 | R60: ='Milling Down Time Hours'!L66 -> 0
B61: 46293 | F61: Day | M61: =H61*K61*G61 -> 0
F62: Night | M62: =H62*K62*G62 -> 0 | P62: ='Milling Down Time Hours'!M34 -> 24 | R62: ='Milling Down Time Hours'!L68 -> 0 | W62: =T62*M62 -> 0 | X62: =M62*U62 -> 0 | Y62: =M62*V62 -> 0
B63: 46294 | F63: Day | M63: =H63*K63*G63 -> 0 | W63: =T63*M63 -> 0 | X63: =M63*U63 -> 0 | Y63: =M63*V63 -> 0
F64: Night | M64: =H64*K64*G64 -> 0 | P64: ='Milling Down Time Hours'!M35 -> 24 | R64: ='Milling Down Time Hours'!L70 -> 0 | W64: =T64*M64 -> 0 | X64: =M64*U64 -> 0 | Y64: =M64*V64 -> 0
B65: 46295 | F65: Day | M65: =H65*K65*G65 -> 0 | W65: =T65*M65 -> 0 | X65: =M65*U65 -> 0 | Y65: =M65*V65 -> 0
F66: Night | M66: =H66*K66*G66 -> 0 | R66: ='Milling Down Time Hours'!L72 -> 0 | W66: =T66*M66 -> 0 | X66: =M66*U66 -> 0 | Y66: =M66*V66 -> 0
B67: 46296 | F67: Day | M67: =H67*K67*G67 -> 0 | W67: =T67*M67 -> 0 | X67: =M67*U67 -> 0 | Y67: =M67*V67 -> 0
F68: Night | M68: =H68*K68*G68 -> 0 | P68: ='Milling Down Time Hours'!M37 -> 24 | R68: ='Milling Down Time Hours'!L74 -> 0 | W68: =T68*M68 -> 0 | X68: =M68*U68 -> 0 | Y68: =M68*V68 -> 0
B69: 46297 | F69: Day | M69: =H69*K69*G69 -> 0 | W69: =T69*M69 -> 0 | X69: =M69*U69 -> 0 | Y69: =M69*V69 -> 0
F70: Night | M70: =H70*K70*G70 -> 0 | P70: ='Milling Down Time Hours'!M38 -> 24 | R70: ='Milling Down Time Hours'!L76 -> 0 | W70: =T70*M70 -> 0 | X70: =M70*U70 -> 0 | Y70: =M70*V70 -> 0
B71: 46298 | F71: Day | M71: =H71*K71*G71 -> 0 | W71: =T71*M71 -> 0 | X71: =M71*U71 -> 0 | Y71: =M71*V71 -> 0
F72: Night | M72: =H72*K72*G72 -> 0 | P72: ='Milling Down Time Hours'!M39 -> 24 | R72: ='Milling Down Time Hours'!L78 -> 0 | W72: =T72*M72 -> 0 | X72: =M72*U72 -> 0 | Y72: =M72*V72 -> 0
B73: 46299 | F73: Day | M73: =H73*K73*G73 -> 0 | W73: =T73*M73 -> 0 | X73: =M73*U73 -> 0 | Y73: =M73*V73 -> 0 | AD73: 0.419
F74: Night | M74: =H74*K74*G74 -> 0 | P74: ='Milling Down Time Hours'!M40 -> 24 | R74: ='Milling Down Time Hours'!L80 -> 0 | W74: =T74*M74 -> 0 | X74: =M74*U74 -> 0 | Y74: =M74*V74 -> 0 | AD74: 0.413
B75: 46300 | F75: Day | M75: =H75*K75*G75 -> 0 | W75: =T75*M75 -> 0 | X75: =M75*U75 -> 0 | Y75: =M75*V75 -> 0 | AD75: 0.404
F76: Night | M76: =H76*K76*G76 -> 0 | P76: ='Milling Down Time Hours'!M41 -> 24 | R76: ='Milling Down Time Hours'!L82 -> 0 | W76: =T76*M76 -> 0 | X76: =M76*U76 -> 0 | Y76: =M76*V76 -> 0 | AD76: 0.47
B77: 46301 | F77: Day | M77: =H77*K77*G77 -> 0 | W77: =T77*M77 -> 0 | X77: =M77*U77 -> 0 | Y77: =M77*V77 -> 0 | AD77: 0.465
F78: Night | M78: =H78*K78*G78 -> 0 | P78: ='Milling Down Time Hours'!M42 -> 24 | R78: ='Milling Down Time Hours'!L84 -> 0 | T78: 0.357 | U78: 1.056 | V78: 32.25 | W78: =T78*M78 -> 0 | X78: =M78*U78 -> 0 | Y78: =M78*V78 -> 0 | AD78: 0.516
F79: Day | M79: =H79*K79*G79 -> 0 | W79: =T79*M79 -> 0 | X79: =M79*U79 -> 0 | Y79: =M79*V79 -> 0 | AD79: =AVERAGE(AD73:AD78) -> 0.44783333
F80: Night | M80: =H80*K80*G80 -> 0 | P80: ='Milling Down Time Hours'!M86 -> 0 | R80: ='Milling Down Time Hours'!L86 -> 0 | T80: =SUM(#REF!) -> #REF! | U80: =SUM(T80:T82) -> #REF! | V80: =SUM(U80:U82) -> #REF! | W80: =T80*M80 -> #REF! | X80: =M80*U80 -> #REF! | Y80: =M80*V80 -> #REF!
F81: Day | M81: =H81*K81*G81 -> 0 | W81: =T81*M81 -> 0 | X81: =M81*U81 -> 0 | Y81: =M81*V81 -> 0
F82: Night | M82: =H82*K82*G82 -> 0 | P82: ='Milling Down Time Hours'!M88 -> 0 | R82: ='Milling Down Time Hours'!L88 -> 0 | T82: =SUM(#REF!) -> #REF! | U82: =SUM(T82:T84) -> #REF! | V82: =SUM(U82:U84) -> #REF! | W82: =T82*M82 -> #REF! | X82: =M82*U82 -> #REF! | Y82: =M82*V82 -> #REF!
F83: Day | M83: =H83*K83*G83 -> 0 | W83: =T83*M83 -> 0 | X83: =M83*U83 -> 0 | Y83: =M83*V83 -> 0
F84: Night | M84: =H84*K84*G84 -> 0 | P84: ='Milling Down Time Hours'!M90 -> 0 | R84: ='Milling Down Time Hours'!L90 -> 0 | T84: =SUM(#REF!) -> #REF! | U84: =SUM(T84:T86) -> #REF! | V84: =SUM(U84:U86) -> #REF! | W84: =T84*M84 -> #REF! | X84: =M84*U84 -> #REF! | Y84: =M84*V84 -> #REF!
F85: Day | M85: =H85*K85*G85 -> 0 | W85: =T85*M85 -> 0 | X85: =M85*U85 -> 0 | Y85: =M85*V85 -> 0
F86: Night | M86: =H86*K86*G86 -> 0 | P86: ='Milling Down Time Hours'!M92 -> 0 | R86: ='Milling Down Time Hours'!L92 -> 0 | T86: =SUM(#REF!) -> #REF! | U86: =SUM(T86:T88) -> #REF! | V86: =SUM(U86:U88) -> #REF! | W86: =T86*M86 -> #REF! | X86: =M86*U86 -> #REF! | Y86: =M86*V86 -> #REF!
F87: Day | M87: =H87*K87*G87 -> 0 | W87: =T87*M87 -> 0 | X87: =M87*U87 -> 0 | Y87: =M87*V87 -> 0
F88: Night | M88: =H88*K88*G88 -> 0 | P88: ='Milling Down Time Hours'!M94 -> 0 | R88: ='Milling Down Time Hours'!L94 -> 0 | T88: =SUM(#REF!) -> #REF! | U88: =SUM(T88:T90) -> #REF! | V88: =SUM(U88:U90) -> #REF! | W88: =T88*M88 -> #REF! | X88: =M88*U88 -> #REF! | Y88: =M88*V88 -> #REF!
F89: Day | M89: =H89*K89*G89 -> 0 | W89: =T89*M89 -> 0 | X89: =M89*U89 -> 0 | Y89: =M89*V89 -> 0
F90: Night | M90: =H90*K90*G90 -> 0 | P90: ='Milling Down Time Hours'!M96 -> 0 | R90: ='Milling Down Time Hours'!L96 -> 0 | T90: =SUM(#REF!) -> #REF! | U90: =SUM(T90:T92) -> #REF! | V90: =SUM(U90:U92) -> #REF! | W90: =T90*M90 -> #REF! | X90: =M90*U90 -> #REF! | Y90: =M90*V90 -> #REF!
F91: Day | M91: =H91*K91*G91 -> 0 | W91: =T91*M91 -> 0 | X91: =M91*U91 -> 0 | Y91: =M91*V91 -> 0
F92: Night | M92: =H92*K92*G92 -> 0 | P92: ='Milling Down Time Hours'!M98 -> 0 | R92: ='Milling Down Time Hours'!L98 -> 0 | T92: =SUM(#REF!) -> #REF! | U92: =SUM(T92:T94) -> #REF! | V92: =SUM(U92:U94) -> #REF! | W92: =T92*M92 -> #REF! | X92: =M92*U92 -> #REF! | Y92: =M92*V92 -> #REF!
F93: Day | M93: =H93*K93*G93 -> 0 | W93: =T93*M93 -> 0 | X93: =M93*U93 -> 0 | Y93: =M93*V93 -> 0
F94: Night | M94: =H94*K94*G94 -> 0 | P94: ='Milling Down Time Hours'!M100 -> 0 | R94: ='Milling Down Time Hours'!L100 -> 0 | T94: =SUM(#REF!) -> #REF! | U94: =SUM(T94:T98) -> #REF! | V94: =SUM(U94:U98) -> #REF! | W94: =T94*M94 -> #REF! | X94: =M94*U94 -> #REF! | Y94: =M94*V94 -> #REF!
F95: Day | M95: =H95*K95*G95 -> 0 | W95: =T95*M95 -> 0 | X95: =M95*U95 -> 0 | Y95: =M95*V95 -> 0
F96: Night | M96: =H96*K96*G96 -> 0 | P96: ='Milling Down Time Hours'!M42 -> 24 | W96: =T96*M96 -> 0 | X96: =M96*U96 -> 0 | Y96: =M96*V96 -> 0
F97: Day | M97: =H97*K97*G97 -> 0 | W97: =T97*M97 -> 0 | X97: =M97*U97 -> 0 | Y97: =M97*V97 -> 0 | AA97: =SUM(Z5:Z17) -> 1.1883478e+09
B98: Average | L98: =AVERAGE(L5:L97) -> 0.70166667 | M98: =SUM(M5:M97) -> 1083.7417 | P98: ='Milling Down Time Hours'!M58 -> 490.46667 | T98: =AVERAGE(T5:T26)*0.9 -> 0.69189 | U98: =AVERAGE(U5:U26)*0.9 -> 0.58479 | V98: =AVERAGE(V5:V26)*0.9 -> 7.49247 | W98: =SUM(W5:W16) -> 426.93209 | X98: =SUM(X5:X16) -> 424.70192 | Y98: =SUM(Y5:Y16) -> 5118.8794
Z100: Min | AA100: =MIN(Z5:Z97) -> 0
Z101: Max | AA101: =MAX(Z5:Z97) -> 196686945

Sheet Crushing Down Time Hours
B1: Down Time Process Crushing PT Bulawan Daya Lestari
F2: Agustus 2026
A3: DOWN TIME (HOUR)
A4: Date | C4: PIC | D4: Stop Time | E4: Start Time | F4: Down Time (Mins) | G4: Reason | J4: Date | K4: Total Down Time (Mins) | L4: Running Time (Hours) | M4: Availability (%) | N4: Down Time (Hours)
A6: 46252 | C6: Toni | D6: 0.00069444444 | E6: 0.91597222 | F6: =(E6-D6)*1440 -> 1318 | G6: Perbaikan Conveyor Cone Crusher, dan satu shift kerja | J6: 46252 | K6: =F6 -> 1318 | L6: =(1440-K6)/60 -> 2.0333333 | M6: =L6/12 -> 0.16944444 | N6: =12-L6 -> 9.9666667
A7: 46253 | C7: Toni | D7: 0.00069444444 | E7: 0.54097222 | F7: =(E7-D7)*1440 -> 778 | G7: Satu shift kerja, istirahat jam 12-13:00 | J7: 46253 | K7: =F7 -> 778 | L7: =(1440-K7)/60 -> 11.033333 | M7: =L7/12 -> 0.91944444 | N7: =12-L7 -> 0.96666667
A8: 46254 | C8: Toni | D8: 0.00069444444 | E8: 0.54097222 | F8: =(E8-D8)*1440 -> 778 | J8: 46254 | K8: =F8 -> 778 | L8: =(1440-K8)/60 -> 11.033333 | M8: =L8/12 -> 0.91944444 | N8: =12-L8 -> 0.96666667 | Z8: Running Hours Vs Down Time Hours
A9: 46255 | C9: Toni | D9: 0.00069444444 | E9: 0.60763889 | F9: =(E9-D9)*1440 -> 874 | G9: isitrahat jumat 11-13, 16:20-16:55 Perbaikan Cone Crusher | J9: 46255 | K9: =F9 -> 874 | L9: =(1440-K9)/60 -> 9.4333333 | M9: =L9/12 -> 0.78611111 | N9: =12-L9 -> 2.5666667 | Z9: Total Running Hour | AA9: =L43 -> 65.95
A10: 46256 | C10: Toni | D10: 0.00069444444 | E10: 0.625 | F10: =(E10-D10)*1440 -> 899 | G10: Material Habis hanya running 9 Jam | J10: 46256 | K10: =SUM(F10) -> 899 | L10: =(1440-K10)/60 -> 9.0166667 | M10: =L10/12 -> 0.75138889 | N10: =12-L10 -> 2.9833333 | Z10: Total Down Time Hours | AA10: =N43 -> 66.05
A11: 46257 | C11: Toni | D11: 0.00069444444 | E11: 0.99930556 | F11: =(E11-D11)*1440 -> 1438 | G11: Tidak ada material | J11: 46257 | K11: =SUM(F11) -> 1438 | L11: =(1440-K11)/60 -> 0.033333333 | M11: =L11/12 -> 0.0027777778 | N11: =12-L11 -> 11.966667 | Z11: Crushing Availability, % | AA11: =L44 -> 0.61064815
A12: 46258 | C12: Toni | D12: 0.00069444444 | E12: 0.58333333 | F12: =(E12-D12)*1440 -> 839 | G12: istirahat jam 12-13, material habis dan selesai jam 17:30 | J12: 46258 | K12: =F12 -> 839 | L12: =(1440-K12)/60 -> 10.016667 | M12: =L12/12 -> 0.83472222 | N12: =12-L12 -> 1.9833333 | Z12: Crushing %Loss Time | AA12: =N44 -> 0
A13: 46259 | C13: Toni | D13: 0.00069444444 | E13: 0.99930556 | F13: =(E13-D13)*1440 -> 1438 | G13: Tidak ada material | J13: 46259 | K13: =F13 -> 1438 | L13: =(1440-K13)/60 -> 0.033333333 | M13: =L13/12 -> 0.0027777778 | N13: =12-L13 -> 11.966667
A14: 46260 | C14: Toni | D14: 0.00069444444 | E14: 0.99930556 | F14: =(E14-D14)*1440 -> 1438 | G14: Tidak ada material | J14: 46260 | K14: =F14 -> 1438 | L14: =(1440-K14)/60 -> 0.033333333 | M14: =L14/12 -> 0.0027777778 | N14: =12-L14 -> 11.966667
A15: 46261 | C15: Toni | D15: 0.00069444444 | E15: 0.78125 | F15: =(E15-D15)*1440 -> 1124 | G15: Start Crusher jam 10:00, dikarenakan bari loading material jam 08:00, pada jam 15:30-17:15 stop dikarenakan material stuck pada cone crusher | J15: 46261 | K15: =F15 -> 1124 | L15: =(1440-K15)/60 -> 5.2666667 | M15: =L15/12 -> 0.43888889 | N15: =12-L15 -> 6.7333333
A16: 46262 | C16: Toni | D16: 0.00069444444 | E16: 0.66666667 | F16: =(E16-D16)*1440 -> 959 | G16: Start Crusher jam 08:00, istirahat jam 11:00-13:00 | J16: 46262 | K16: =F16 -> 959 | L16: =(1440-K16)/60 -> 8.0166667 | M16: =L16/12 -> 0.66805556 | N16: =12-L16 -> 3.9833333
A17: 46263 | C17: Toni | D17: 0.00069444444 | E17: 0.58333333 | F17: =(E17-D17)*1440 -> 839 | G17: istirahat jam 12-13, 14:00-15:00 ada loading material dari mining | J17: 46263 | K17: =F17 -> 839 | L17: =(1440-K17)/60 -> 10.016667 | M17: =L17/12 -> 0.83472222 | N17: =12-L17 -> 1.9833333
A18: 46264 | C18: Toni | D18: 0.00069444444 | E18: 0.91597222 | F18: =(E18-D18)*1440 -> 1318 | J18: 46264 | K18: =F18 -> 1318 | L18: =(1440-K18)/60 -> 2.0333333 | M18: =L18/12 -> 0.16944444 | N18: =12-L18 -> 9.9666667
A19: 46265 | F19: =(E19-D19)*1440 -> 0 | G19: Habis Material dan jalan ball mill | J19: 46265 | K19: =F19 -> 0 | M19: =L19/12 -> 0
A20: 46266 | F20: =(E20-D20)*1440 -> 0 | J20: 46266 | K20: =F20 -> 0 | M20: =L20/12 -> 0
A21: 46267 | F21: =(E21-D21)*1440 -> 0 | J21: 46267 | K21: =F21 -> 0 | M21: =L21/12 -> 0
A22: 46268 | F22: =(E22-D22)*1440 -> 0 | J22: 46268 | K22: =F22 -> 0 | M22: =L22/12 -> 0
A23: 46269 | F23: =(E23-D23)*1440 -> 0 | J23: 46269 | K23: =F23 -> 0 | M23: =L23/12 -> 0
A24: 46270 | F24: =(E24-D24)*1440 -> 0 | J24: 46270 | K24: =F24 -> 0 | M24: =L24/12 -> 0
A25: 46271 | F25: =(E25-D25)*1440 -> 0 | J25: 46271 | K25: =F25 -> 0 | M25: =L25/12 -> 0
A26: 46272 | F26: =(E26-D26)*1440 -> 0 | J26: 46272 | K26: =F26 -> 0 | M26: =L26/12 -> 0
A27: 46273 | F27: =(E27-D27)*1440 -> 0 | J27: 46273 | K27: =F27 -> 0 | M27: =L27/12 -> 0
A28: 46274 | F28: =(E28-D28)*1440 -> 0 | J28: 46274 | K28: =F28 -> 0 | M28: =L28/12 -> 0
A29: 46275 | J29: 46275 | K29: =SUM(F29:F32) -> 0 | M29: =L29/12 -> 0
A30: 46276 | J30: 46276
A31: 46277 | J31: 46277
A32: 46278 | J32: 46278
A33: 46279 | J33: 46279 | K33: =SUM(F34:F35) -> 0 | M33: =L33/24 -> 0
A34: 46280 | F34: =(E34-D34)*1440 -> 0 | G34: Satu Shift | J34: 46280
A35: 46281 | F35: =(E35-D35)*1440 -> 0 | G35: Satu Shift | J35: 46281
A36: 46282 | F36: =(E36-D36)*1440 -> 0 | J36: 46282 | K36: =SUM(F36:F37) -> 0 | M36: =L36/24 -> 0
A37: 46283
A38: 46284
A39: 46285
A40: 46286
A41: 46287
A42: 46288 | O42: Total Hours
J43: Total | K43: =SUM(K6:K42) -> 14040 | L43: =SUM(L6:L16) -> 65.95 | M43: =L43/O43 -> 0.49962121 | N43: =SUM(N6:N16) -> 66.05 | O43: =L43+N43 -> 132
J44: Hours | K44: =K43/60 -> 234 | L44: =L43/L46 -> 0.61064815
L46: =9*12 -> 108

Sheet Milling Down Time Hours
A3: Data milling
A4: Date | C4: Shift | D4: PIC | E4: Stop Time | F4: Start Time | G4: Down Time (Mins) | H4: Reason | K4: Date | L4: Total Down Time (Mins) | M4: Running Time (Hr) | N4: Availbility (%) | O4: Downtime (hr) | P4: Reason
A5: 46265 | D5: Toni | E5: 0.00069444444 | F5: 0.065972222 | G5: =(F5-E5)*1440 -> 94 | H5: Start Ball Mill 1 08:35, start ball mill 2 13:15, start ball mill 3 16:50, ball mill 1,2 dan 3 ada trouble kebocoran dan baud bermasalah | I5: Day | K5: 46265 | L5: =G5 -> 94 | M5: =(1440-L5)/60 -> 22.433333 | N5: =M5/24 -> 0.93472222 | O5: =L5/60 -> 1.5666667 | P5: =H5 -> Start Ball Mill 1 08:35, start ball mill 2 13:15, start ball mill 3 16:50, ball mill 1,2 dan 3 ada trouble kebocoran dan baud bermasalah
A6: 46266 | D6: Toni | E6: 0.00069444444 | F6: 0.046527778 | G6: =(F6-E6)*1440 -> 66 | H6: shift malam jam 20:59-21:40 stop thicekener tank bermasalah, jam 06:00-07:00 houskepping ball mill 3 meluap | I6: Night | K6: 46266 | L6: =G6 -> 66 | M6: =(1440-L6)/60 -> 22.9 | N6: =M6/24 -> 0.95416667 | O6: =L6/60 -> 1.1 | P6: =H6 -> shift malam jam 20:59-21:40 stop thicekener tank bermasalah, jam 06:00-07:00 houskepping ball mill 3 meluap
A7: 46267 | D7: Hadi | E7: 0.00069444444 | F7: 0.084027778 | G7: =(F7-E7)*1440 -> 120 | H7: Ball mill sampai jam 12 Cuma berjalan 1, housekepping material meluap dari ball mill 3 hingga jam 9 | K7: 46267 | L7: =G7 -> 120 | M7: =(1440-L7)/60 -> 22 | N7: =M7/24 -> 0.91666667 | O7: =L7/60 -> 2 | P7: =H7 -> Ball mill sampai jam 12 Cuma berjalan 1, housekepping material meluap dari ball mill 3 hingga jam 9
A8: 46268 | D8: Toni | E8: 0.00069444444 | F8: 0.54166667 | G8: =(F8-E8)*1440 -> 779 | H8: Stop ball mill jam 18:00 material finish pump ke tank 3, shift malam drain slurry tank 2 | K8: 46268 | L8: =G8 -> 779 | M8: =(1440-L8)/60 -> 11.016667 | N8: =M8/24 -> 0.45902778 | O8: =L8/60 -> 12.983333 | P8: =H8 -> Stop ball mill jam 18:00 material finish pump ke tank 3, shift malam drain slurry tank 2
A9: 46269 | D9: Hadi | E9: 0.00069444444 | F9: 0.99930556 | G9: =(F9-E9)*1440 -> 1438 | H9: drain slurry tank 2 dan 3, batch process 1 dan 2 | K9: 46269 | L9: =G9 -> 1438 | M9: =(1440-L9)/60 -> 0.033333333 | N9: =M9/24 -> 0.0013888889 | O9: =L9/60 -> 23.966667 | P9: =H9 -> drain slurry tank 2 dan 3, batch process 1 dan 2
A10: 46270 | D10: Toni | E10: 0.00069444444 | F10: 0.54166667 | G10: =(F10-E10)*1440 -> 779 | H10: Drain Slurry tank 3, genset 600 dan 750 rusak, ball mill baru mulai shift malam, hanya 1 ball milll dikarenakan genset pakai 300 | K10: 46270 | L10: =G10 -> 779 | M10: =(1440-L10)/60 -> 11.016667 | N10: =M10/24 -> 0.45902778 | O10: =L10/60 -> 12.983333 | P10: =H10 -> Drain Slurry tank 3, genset 600 dan 750 rusak, ball mill baru mulai shift malam, hanya 1 ball milll dikarenakan genset pakai 300
A11: 46271 | C11: Day | D11: Kristo | E11: 0.00069444444 | F11: 0.18125 | G11: =(F11-E11)*720 -> 130 | H11: Genset mengalami masalah sekitar 120 menit | K11: 46271 | L11: =SUM(G11:G12) -> 130 | M11: =(1440-L11)/60 -> 21.833333 | N11: =M11/24 -> 0.90972222 | O11: =L11/60 -> 2.1666667
A12: 46271 | C12: Night | D12: Yanli | G12: =(F12-E12)*1440 -> 0 | H12: Shift malam ada kebocoran pada ball mill 3 jam 06:30, jalan ball mill 1 dan 2 | K12: 46272 | L12: =SUM(G13:G14) -> 93 | M12: =(1440-L12)/60 -> 22.45 | N12: =M12/24 -> 0.93541667 | O12: =L12/60 -> 1.55 | P12: =H13 -> Ball mill 3 yang baru start jam 09:15, pada jam 13:40 ball mill baru kapasitas 300 tpd mati jam 08:37-09:45
A13: 46272 | C13: Day | D13: Toni | E13: 0.00069444444 | F13: 0.013888889 | G13: =(F13-E13)*1440 -> 19 | H13: Ball mill 3 yang baru start jam 09:15, pada jam 13:40 ball mill baru kapasitas 300 tpd mati jam 08:37-09:45 | K13: 46273 | L13: =G13 -> 19 | M13: =(1440-L13)/60 -> 23.683333 | N13: =M13/24 -> 0.98680556 | O13: =L13/60 -> 0.31666667 | P13: =H14 -> Start ball mill 19:30 jalan 2 ball mill no 1 dan 2, jam 21:30 jalan 3 ball mill, no 3 ball mill baru jalan sampai jam 01:45. dari jam 02:25 jalan hanya 1 ball mill, ball mill no 1, karena genset 750 rusak, hanya pakai genset 300
A14: 46272 | C14: Night | D14: Toni | E14: 0.00069444444 | F14: 0.052083333 | G14: =(F14-E14)*1440 -> 74 | H14: Start ball mill 19:30 jalan 2 ball mill no 1 dan 2, jam 21:30 jalan 3 ball mill, no 3 ball mill baru jalan sampai jam 01:45. dari jam 02:25 jalan hanya 1 ball mill, ball mill no 1, karena genset 750 rusak, hanya pakai genset 300 | K14: 46274 | L14: =G14 -> 74 | M14: =(1440-L14)/60 -> 22.766667 | N14: =M14/24 -> 0.94861111 | O14: =L14/60 -> 1.2333333 | P14: =H15 -> start 1 ball mill jam 07:04 masalah pada genset, start 2 ball mill jam 09:19. ball mill baru no 3 start jam 14:46, ball mill baru no 3 hanya berjalan 3 jam, ada masalah pada pompa dan genset. Efektifitas kerja ball mill adalah no 1 dan 2 running hour mencapai 10 hour
A15: 46275 | C15: Day | D15: Toni | E15: 0.00069444444 | F15: 0.070138889 | G15: =(F15-E15)*1440 -> 100 | H15: start 1 ball mill jam 07:04 masalah pada genset, start 2 ball mill jam 09:19. ball mill baru no 3 start jam 14:46, ball mill baru no 3 hanya berjalan 3 jam, ada masalah pada pompa dan genset. Efektifitas kerja ball mill adalah no 1 dan 2 running hour mencapai 10 hour | K15: 46275 | L15: =SUM(G15:G16) -> 100 | M15: =(1440-L15)/60 -> 22.333333 | N15: =M15/24 -> 0.93055556 | O15: =L15/60 -> 1.6666667
A16: 46276 | C16: Night
A17: 46276 | D17: Toni | G17: =(F17-E17)*1440 -> 0 | K17: 46276 | L17: =G17 -> 0 | M17: =(1440-L17)/60 -> 24 | N17: =M17/24 -> 1 | O17: =L17/60 -> 0
A18: 46277 | D18: Toni | G18: =(F18-E18)*1440 -> 0 | K18: 46277 | L18: =G18 -> 0 | M18: =(1440-L18)/60 -> 24 | N18: =M18/24 -> 1 | O18: =L18/60 -> 0
A19: 46278 | D19: Toni | G19: =(F19-E19)*1440 -> 0 | K19: 46278 | L19: =G19 -> 0 | M19: =(1440-L19)/60 -> 24 | N19: =M19/24 -> 1 | O19: =L19/60 -> 0
A20: 46279 | D20: Toni | G20: =(F20-E20)*1440 -> 0 | K20: 46279 | L20: =G20 -> 0 | M20: =(1440-L20)/60 -> 24 | N20: =M20/24 -> 1 | O20: =L20/60 -> 0
A21: 46280 | D21: Toni | G21: =(F21-E21)*1440 -> 0 | K21: 46280 | L21: =G21 -> 0 | M21: =(1440-L21)/60 -> 24 | N21: =M21/24 -> 1 | O21: =L21/60 -> 0
A22: 46281 | D22: Toni | G22: =(F22-E22)*1440 -> 0 | K22: 46281 | L22: =G22 -> 0 | M22: =(1440-L22)/60 -> 24 | N22: =M22/24 -> 1 | O22: =L22/60 -> 0
A23: 46282 | D23: Toni | G23: =(F23-E23)*1440 -> 0 | K23: 46282 | L23: =G23 -> 0 | M23: =(1440-L23)/60 -> 24 | N23: =M23/24 -> 1 | O23: =L23/60 -> 0
A24: 46283 | D24: Toni | G24: =(F24-E24)*1440 -> 0 | K24: 46283 | L24: =G24 -> 0 | M24: =(1440-L24)/60 -> 24 | N24: =M24/24 -> 1 | O24: =L24/60 -> 0
A25: 46284 | D25: Toni | G25: =(F25-E25)*1440 -> 0 | K25: 46284 | L25: =G25 -> 0 | M25: =(1440-L25)/60 -> 24 | N25: =M25/24 -> 1 | O25: =L25/60 -> 0
A26: 46285 | D26: Toni | G26: =(F26-E26)*1440 -> 0 | K26: 46285 | L26: =G26 -> 0 | M26: =(1440-L26)/60 -> 24 | N26: =M26/24 -> 1 | O26: =L26/60 -> 0
A27: 46286 | D27: Toni | G27: =(F27-E27)*1440 -> 0 | K27: 46286 | L27: =G27 -> 0 | M27: =(1440-L27)/60 -> 24 | N27: =M27/24 -> 1 | O27: =L27/60 -> 0
A28: 46287 | D28: Toni | G28: =(F28-E28)*1440 -> 0 | K28: 46287 | L28: =G28 -> 0 | M28: =(1440-L28)/60 -> 24 | N28: =M28/24 -> 1 | O28: =L28/60 -> 0
A29: 46288 | G29: =(F29-E29)*1440 -> 0 | K29: 46288 | L29: =G29 -> 0 | M29: =(1440-L29)/60 -> 24 | N29: =M29/24 -> 1 | O29: =L29/60 -> 0
A30: 46289 | G30: =(F30-E30)*1440 -> 0 | K30: 46289 | L30: =G30 -> 0 | M30: =(1440-L30)/60 -> 24 | N30: =M30/24 -> 1
A31: 46290 | G31: =(F31-E31)*1440 -> 0 | K31: 46290 | L31: =G31 -> 0 | M31: =(1440-L31)/60 -> 24 | N31: =M31/24 -> 1
A32: 46291 | G32: =(F32-E32)*1440 -> 0 | K32: 46291 | L32: =G32 -> 0 | M32: =(1440-L32)/60 -> 24 | N32: =M32/24 -> 1
A33: 46292 | G33: =(F33-E33)*1440 -> 0 | K33: 46292 | L33: =G33 -> 0 | M33: =(1440-L33)/60 -> 24 | N33: =M33/24 -> 1
A34: 46293 | G34: =(F34-E34)*1440 -> 0 | K34: 46293 | L34: =SUM(G34:G36) -> 0 | M34: =(1440-L34)/60 -> 24 | N34: =M34/24 -> 1
A35: 46294 | G35: =(F35-E35)*1440 -> 0 | K35: 46294 | L35: =SUM(G37:G39) -> 0 | M35: =(1440-L35)/60 -> 24 | N35: =M35/24 -> 1
A36: 46295 | G36: =(F36-E36)*1440 -> 0 | K36: 46295 | N36: =M36/24 -> 0
A37: 46296 | G37: =(F37-E37)*1440 -> 0 | K37: 46296 | L37: =SUM(G41:G42) -> 0 | M37: =(1440-L37)/60 -> 24 | N37: =M37/24 -> 1
A38: 46297 | G38: =(F38-E38)*1440 -> 0 | K38: 46297 | L38: =SUM(G43:G45) -> 0 | M38: =(1440-L38)/60 -> 24 | N38: =M38/24 -> 1
A39: 46298 | G39: =(F39-E39)*1440 -> 0 | K39: 46298 | L39: =SUM(G46:G48) -> 0 | M39: =(1440-L39)/60 -> 24 | N39: =M39/24 -> 1
A40: 46299 | G40: =(F40-E40)*1440 -> 0 | K40: 46299 | L40: =SUM(G49:G50) -> 0 | M40: =(1440-L40)/60 -> 24 | N40: =M40/24 -> 1
A41: 46300 | G41: =(F41-E41)*1440 -> 0 | K41: 46300 | L41: =SUM(G51:G54) -> 0 | M41: =(1440-L41)/60 -> 24 | N41: =M41/24 -> 1
A42: 46301 | G42: =(F42-E42)*1440 -> 0 | K42: 46301 | L42: =SUM(G55:G57) -> 0 | M42: =(1440-L42)/60 -> 24 | N42: =M42/24 -> 1
A43: 46302 | G43: =(F43-E43)*1440 -> 0 | K43: 46302 | N43: =M43/24 -> 0
A44: 46303 | G44: =(F44-E44)*1440 -> 0 | K44: 46303 | N44: =M44/24 -> 0
A45: 46304 | G45: =(F45-E45)*1440 -> 0 | K45: 46304 | N45: =M45/24 -> 0 | S45: =6.4+12 -> 18.4
A46: 46305 | G46: =(F46-E46)*1440 -> 0 | K46: 46305 | N46: =M46/24 -> 0
A47: 46306 | G47: =(F47-E47)*1440 -> 0 | K47: 46306 | N47: =M47/24 -> 0
A48: 46307 | G48: =(F48-E48)*1440 -> 0 | K48: 46307 | N48: =M48/24 -> 0
A49: 46308 | G49: =(F49-E49)*1440 -> 0 | K49: 46308 | N49: =M49/24 -> 0
A50: 46309 | G50: =(F50-E50)*1440 -> 0 | K50: 46309 | N50: =M50/24 -> 0 | S50: =8*24 -> 192
A51: 46310 | G51: =(F51-E51)*1440 -> 0 | K51: 46310 | N51: =M51/24 -> 0
A52: 46311 | G52: =(F52-E52)*1440 -> 0 | K52: 46311 | N52: =M52/24 -> 0
A53: 46312 | G53: =(F53-E53)*1440 -> 0 | K53: 46312 | N53: =M53/24 -> 0
A54: 46313 | G54: =(F54-E54)*1440 -> 0 | K54: 46313 | N54: =M54/24 -> 0
A55: 46314 | G55: =(F55-E55)*1440 -> 0 | K55: 46314 | N55: =M55/24 -> 0
A56: 46315 | G56: =(F56-E56)*1440 -> 0 | K56: 46315 | N56: =M56/24 -> 0
A57: 46316 | G57: =(F57-E57)*1440 -> 0 | K57: 46316 | N57: =M57/24 -> 0
A58: 46317 | G58: =(F58-E58)*1440 -> 0 | L58: =SUM(L5:L28) -> 3692 | M58: =SUM(M5:M28) -> 490.46667 | N58: =AVERAGE(N5:N28) -> 0.88852657 | O58: =SUM(O5:O57) -> 61.533333
A59: 46318 | G59: =(F59-E59)*1440 -> 0 | L59: =L58/60 -> 61.533333 | M59: =M58/24 -> 20.436111 | O59: =O58/24 -> 2.5638889
A60: 46319 | G60: =(F60-E60)*1440 -> 0 | M60: =M59+O59 -> 23
A61: 46320 | G61: =(F61-E61)*1440 -> 0 | N61: ='Au Cal Leaching Tank'!K61/238 -> 4.0918582
A62: 46321 | G62: =(F62-E62)*1440 -> 0 | N62: =N61*234 -> 957.49482
A63: 46322 | G63: =(F63-E63)*1440 -> 0

Sheet LT Floculation
B3: No | C3: Tanggal | D3: Shift | E3: Leaching | F3: Batch | G3: Lab AAS Result | K3: Batch Process
E4: Tank | F4: Process | G4: Solid | J4: Solution | O4: Id sampel | P4: Batch Process | Q4: Date | R4: Au | S4: Ag | T4: Cu
E5: No | F5: No | G5: Au | H5: Ag | I5: Cu | J5: Au | O5: LT-Floc NS 1 | P5: 1 | Q5: 46268 | R5: 0.078 | S5: 0.6 | T5: 9.08
B6: 1 | C6: 46268 | D6: Night | E6: 2 | F6: 1 | G6: =AVERAGE(R5:R10) -> 0.113 | H6: =AVERAGE(S5:S8) -> 0.6175 | I6: =AVERAGE(T5:T10) -> 8.6916667 | J6: 0.02 | K6: 1 | O6: LT-Floc NS 2 | P6: 1 | Q6: 46268 | R6: 0.38 | S6: 0.59 | T6: 8.71
B7: 2 | C7: 46269 | D7: Night | E7: 3 | F7: 2 | G7: =AVERAGE(R9:R12) -> 0.05575 | H7: =AVERAGE(S9:S12) -> 0.25 | I7: =AVERAGE(T9:T12) -> 8.3525 | J7: 0.029 | K7: 2 | O7: LT-Floc NS 3 | P7: 1 | Q7: 46268 | R7: 0.038 | S7: 0.61 | T7: 8.8
B8: 3 | O8: LT-Floc NS 4 | P8: 1 | Q8: 46268 | R8: 0.069 | S8: 0.67 | T8: 9.18
B9: 4 | O9: LT-Floc NS 1 | P9: 2 | Q9: 46269 | R9: 0.034 | S9: 0.26 | T9: 8.21
B10: 5 | O10: LT-Floc NS 2 | P10: 2 | Q10: 46269 | R10: 0.079 | S10: 0.25 | T10: 8.17
B11: 6 | O11: LT-Floc NS 3 | P11: 2 | Q11: 46269 | R11: 0.037 | S11: 0.25 | T11: 8.87
B12: 7 | O12: LT-Floc NS 4 | P12: 2 | Q12: 46269 | R12: 0.073 | S12: 0.24 | T12: 8.16
B13: 8
B14: 9
B15: 10
B16: 11
B17: 12
B18: 13
B19: 14
B20: 15
B21: 16
B22: 17
B23: 18
B24: 19

Sheet Filter Press Down Time Hours 
I2: =60*24 -> 1440
A3: Data Filter Press | I3: =I2/2 -> 720
A4: Date | C4: PIC | D4: Stop Time | E4: Start Time | F4: Down Time (Mins) | G4: Reason | J4: Date | K4: Total Down Time (Mins) | L4: Running Time (Hr) | M4: Availbility (%) | N4: Remarks
A5: 46268 | C5: Toni | D5: 0.00069444444 | E5: 0.44444444 | F5: =(E5-D5)*720 -> 319.5 | G5: start filter press jam 21:50 pengisian oli hidrolik | J5: 46142 | K5: =F5 -> 319.5 | L5: =(720-K5)/60 -> 6.675 | M5: =L5/12 -> 0.55625 | N5: filter press block dan kebocoran pada floculation tank
A6: 46269 | D6: 0.00069444444 | E6: 0.029166667 | F6: =(E6-D6)*720 -> 20.5 | G6: Genset 300 trouble | J6: 46143 | K6: =F6 -> 20.5 | L6: =(720-K6)/60 -> 11.658333 | M6: =L6/12 -> 0.97152778
A7: 46270 | J7: 46144 | K7: =F7 -> 0 | L7: =(1440-K7)/60 -> 24 | M7: =L7/24 -> 1
A8: 46271 | J8: 46145 | K8: =F8 -> 0 | L8: =(1440-K8)/60 -> 24 | M8: =L8/24 -> 1
A9: 46272 | J9: 46146 | K9: =F9 -> 0 | L9: =(1440-K9)/60 -> 24 | M9: =L9/24 -> 1
A10: 46273 | J10: 46147 | K10: =F10 -> 0 | L10: =(1440-K10)/60 -> 24 | M10: =L10/24 -> 1
A11: 46274 | J11: 46148 | K11: =F11 -> 0 | L11: =(1440-K11)/60 -> 24 | M11: =L11/24 -> 1
A12: 46275 | F12: =(E12-D12)*1440 -> 0 | J12: 46149 | K12: =F12 -> 0 | L12: =(1440-K12)/60 -> 24 | M12: =L12/24 -> 1
A13: 46276 | F13: =(E13-D13)*1440 -> 0 | J13: 46150 | K13: =F13 -> 0 | L13: =(1440-K13)/60 -> 24 | M13: =L13/24 -> 1
A14: 46277 | F14: =(E14-D14)*1440 -> 0 | J14: 46151 | K14: =F14 -> 0 | L14: =(1440-K14)/60 -> 24 | M14: =L14/24 -> 1
A15: 46278 | F15: =(E15-D15)*1440 -> 0 | J15: 46152 | K15: =F15 -> 0 | L15: =(1440-K15)/60 -> 24 | M15: =L15/24 -> 1
A16: 46279 | F16: =(E16-D16)*1440 -> 0 | J16: 46153 | K16: =F16 -> 0 | L16: =(1440-K16)/60 -> 24 | M16: =L16/24 -> 1
A17: 46280 | F17: =(E17-D17)*1440 -> 0 | J17: 46154 | K17: =F17 -> 0 | L17: =(1440-K17)/60 -> 24 | M17: =L17/24 -> 1
A18: 46281 | F18: =(E18-D18)*1440 -> 0 | J18: 46155 | K18: =F18 -> 0 | L18: =(1440-K18)/60 -> 24 | M18: =L18/24 -> 1
A19: 46282 | F19: =(E19-D19)*1440 -> 0 | J19: 46156 | K19: =F19 -> 0 | L19: =(1440-K19)/60 -> 24 | M19: =L19/24 -> 1
A20: 46283 | F20: =(E20-D20)*1440 -> 0 | J20: 46157 | K20: =F20 -> 0 | L20: =(1440-K20)/60 -> 24 | M20: =L20/24 -> 1
A21: 46284 | F21: =(E21-D21)*1440 -> 0 | J21: 46158 | K21: =F21 -> 0 | L21: =(1440-K21)/60 -> 24 | M21: =L21/24 -> 1
A22: 46285 | F22: =(E22-D22)*1440 -> 0 | J22: 46159 | K22: =F22 -> 0 | L22: =(1440-K22)/60 -> 24 | M22: =L22/24 -> 1
A23: 46286 | F23: =(E23-D23)*1440 -> 0 | J23: 46160 | K23: =F23 -> 0 | L23: =(1440-K23)/60 -> 24 | M23: =L23/24 -> 1
... A32: 46295 | F32: =(E32-D32)*1440 -> 0 | J32: 45958 | K32: =F32 -> 0 | L32: =(1440-K32)/60 -> 24 | M32: =L32/24 -> 1
A33: 46296 | F33: =(E33-D33)*1440 -> 0 | J33: 45959 | K33: =SUM(F33:F35) -> 0 | L33: =(1440-K33)/60 -> 24 | M33: =L33/12 -> 2
A34: 46297 | F34: =(E34-D34)*1440 -> 0 | J34: 45960 | K34: =SUM(F36:F38) -> 0 | L34: =(1440-K34)/60 -> 24 | M34: =L34/12 -> 2
A35: 46298 | F35: =(E35-D35)*1440 -> 0 | J35: 45961
A36: 46299 | F36: =(E36-D36)*1440 -> 0 | J36: 45962 | K36: =SUM(F40:F41) -> 0 | L36: =(1440-K36)/60 -> 24 | M36: =L36/12 -> 2
A37: 46300 | F37: =(E37-D37)*1440 -> 0 | J37: 45963 | K37: =SUM(F42:F44) -> 0 | L37: =(1440-K37)/60 -> 24 | M37: =L37/12 -> 2
A38: 46301 | F38: =(E38-D38)*1440 -> 0 | J38: 45964 | K38: =SUM(F45:F47) -> 0 | L38: =(1440-K38)/60 -> 24 | M38: =L38/12 -> 2
A39: 46302 | F39: =(E39-D39)*1440 -> 0 | J39: 45965 | K39: =SUM(F48:F49) -> 0 | L39: =(1440-K39)/60 -> 24 | M39: =L39/12 -> 2
A40: 46303 | F40: =(E40-D40)*1440 -> 0 | J40: 45966 | K40: =SUM(F50:F53) -> 0 | L40: =(1440-K40)/60 -> 24 | M40: =L40/12 -> 2
A41: 46304 | F41: =(E41-D41)*1440 -> 0 | J41: 45967 | K41: =SUM(F54:F56) -> 0 | L41: =(1440-K41)/60 -> 24 | M41: =L41/12 -> 2
A42: 46305 | F42: =(E42-D42)*1440 -> 0 | J42: 45968
A43: 46306 | F43: =(E43-D43)*1440 -> 0 | J43: 45969
A44: 46307 | F44: =(E44-D44)*1440 -> 0 | J44: 45970
A45: 46308 | F45: =(E45-D45)*1440 -> 0 | J45: 45971
A46: 46309 | F46: =(E46-D46)*1440 -> 0 | J46: 45972
A47: 46310 | F47: =(E47-D47)*1440 -> 0 | J47: 45973
A48: 46311 | F48: =(E48-D48)*1440 -> 0 | J48: 45974
A49: 46312 | F49: =(E49-D49)*1440 -> 0 | J49: 45975 | R49: =8*24 -> 192
A50: 46313 | F50: =(E50-D50)*1440 -> 0 | J50: 45976
A51: 46314 | F51: =(E51-D51)*1440 -> 0 | J51: 45977
A52: 46315 | F52: =(E52-D52)*1440 -> 0 | J52: 45978
A53: 46316 | F53: =(E53-D53)*1440 -> 0 | J53: 45979
A54: 46317 | F54: =(E54-D54)*1440 -> 0 | J54: 45980
A55: 46318 | F55: =(E55-D55)*1440 -> 0 | J55: 45981
A56: 46319 | F56: =(E56-D56)*1440 -> 0 | J56: 45982
A57: 46320 | F57: =(E57-D57)*1440 -> 0 | J57: Total | K57: =SUM(K33:K40) -> 0 | L57: =SUM(L33:L41) -> 192 | M57: =L57/192 -> 1
A58: 46321 | F58: =(E58-D58)*1440 -> 0 | J58: Hours | K58: =K57/60 -> 0
A59: 46322 | F59: =(E59-D59)*1440 -> 0
A60: 46323 | F60: =(E60-D60)*1440 -> 0
A61: 46324 | F61: =(E61-D61)*1440 -> 0
A62: 46325 | F62: =(E62-D62)*1440 -> 0

Sheet Leach Time Process&Down Time
B4: No | C4: Id Batch Process | D4: Tank | E4: Category Process | F4: Date Start | G4: Time Start | H4: Time Stop | I4: Date Finsih | J4: Duration (min) | K4: Down Time (Hours) | L4: Time Process (Hour) | M4: Remarks | Q4: Total Time Process and Down Time Process/Month (September-2026)
B5: 1 | C5: 1 | D5: 2 | E5: Normal Operation | F5: 46266 | G5: 0.00069444444 | H5: 0.042361111 | J5: =(H5-G5)*1440 -> 60 | K5: - | L5: =J5/60 -> 1 | M5: finish pump to tank 3 jam 06:-00
B6: 2 | C6: 1 | D6: 2 | E6: Normal Operation | F6: 46267 | G6: 0.00069444444 | H6: 0.99930556 | J6: =(H6-G6)*1440 -> 1438 | L6: =J6/60 -> 23.966667 | M6: leaching process dan adsorption batch 1 tk 2
B7: 2 | C7: 1 dan 2 | D7: 2 dan 3 | E7: Normal Operation | F7: 46268 | G7: 0.00069444444 | H7: 0.99930556 | J7: =(H7-G7)*1440 -> 1438 | L7: =J7/60 -> 23.966667 | M7: batch 1 drain slurry jam start 21:30 finish jam 06:30, tank 3 finish pump jam 18:00 start adsorption | Q7: Description | R7: Duration (min) | S7: Duration (hours) | T7: Total Days Procces | U7: Avibiality
B8: 3 | C8: 1 dan 2 | D8: 2 | E8: Normal Operation | F8: 46269 | G8: 0.00069444444 | H8: 0.95833333 | J8: =(H8-G8)*1440 -> 1379 | L8: =J8/60 -> 22.983333 | M8: leaching and drain slurry batch 3, start drain slurry jam 19:00 finish jam 6:00 | Q8: Normal Operation | R8: =SUMIFS(J5:J27,E5:E27,"Normal Operation") -> 4315 | S8: =R8/60 -> 71.916667 | T8: =S8/24 -> 2.9965278 | U8: =S8/S11 -> 0.98628571
B9: 4 | C9: 2 | D9: 2 | E9: Unplaned Downtime | F9: 46269 | G9: 0.00069444444 | H9: 0.042361111 | J9: =(H9-G9)*1440 -> 60 | L9: =J9/60 -> 1 | M9: genset 600 dan 750 bermasalah | Q9: Downtime Planed | R9: =SUMIFS(J5:J27,E5:E27,"Downtime Planed") -> 0 | S9: =R9/60 -> 0 | T9: =S9/24 -> 0
B10: 5 | D10: 3 | J10: =(H10-G10)*1440 -> 0 | L10: =J10/60 -> 0 | Q10: Unplaned Downtime | R10: =SUMIFS(J5:J33,E5:E33,"Unplaned Downtime") -> 60 | S10: =R10/60 -> 1 | T10: =S10/24 -> 0.041666667
B11: 6 | D11: 3 | J11: =(H11-G11)*1440 -> 0 | L11: =J11/60 -> 0 | Q11: Total Time (Hour) | S11: =SUM(S8:S10) -> 72.916667 | T11: =S11/24 -> 3.0381944
B12: 7 | D12: 3 | J12: =(H12-G12)*1440 -> 0 | L12: =J12/60 -> 0
B13: 8 | D13: 2 | J13: =(H13-G13)*1440 -> 0 | L13: =J13/60 -> 0
B14: 10 | D14: 2 | J14: =(H14-G14)*1440 -> 0 | L14: =J14/60 -> 0
B15: 11 | D15: 2 | J15: =(H15-G15)*1440 -> 0 | L15: =J15/60 -> 0
B16: 12 | D16: 3 | J16: =(H16-G16)*1440 -> 0 | L16: =J16/60 -> 0
B17: 13 | D17: 3 | J17: =(H17-G17)*1440 -> 0 | L17: =J17/60 -> 0
B18: 14 | D18: 3 | J18: =(H18-G18)*1440 -> 0 | L18: =J18/60 -> 0
B19: 15 | D19: 3 | J19: =(H19-G19)*1440 -> 0 | L19: =J19/60 -> 0
B20: 16 | D20: 3 | J20: =(H20-G20)*1440 -> 0 | L20: =J20/60 -> 0
B21: 18 | D21: 2 | J21: =(H21-G21)*1440 -> 0 | L21: =J21/60 -> 0
B22: 19 | D22: 3 | J22: =(H22-G22)*1440 -> 0 | L22: =J22/60 -> 0
B23: 20 | D23: 3 | J23: =(H23-G23)*1440 -> 0 | L23: =J23/60 -> 0
B24: 21 | D24: 3 | J24: =(H24-G24)*1440 -> 0 | L24: =J24/60 -> 0
B25: 22 | J25: =(H25-G25)*1440 -> 0 | L25: =J25/60 -> 0
B26: 23 | J26: =(H26-G26)*1440 -> 0 | L26: =J26/60 -> 0
B27: 24 | J27: =(H27-G27)*1440 -> 0 | L27: =J27/60 -> 0
B28: 25 | J28: =(H28-G28)*1440 -> 0 | L28: =J28/60 -> 0
B29: 26 | J29: =(H29-G29)*1440 -> 0 | L29: =J29/60 -> 0
B30: 27 | J30: =(H30-G30)*1440 -> 0 | L30: =J30/60 -> 0
B31: 28 | J31: =(H31-G31)*1440 -> 0 | L31: =J31/60 -> 0
B32: 29 | J32: =(H32-G32)*1440 -> 0 | L32: =J32/60 -> 0
B33: 30 | J33: =(H33-G33)*1440 -> 0 | L33: =J33/60 -> 0

Sheet Leaching
A4: Date | B4: Data Leaching | L4: 06.00 | O4: 08.00 | R4: 10.00 | U4: 12.00 | X4: 14.00 | AA4: 16.00/04.00 | AD4: 18.00/06.00 | AG4: 0.83333333 | AJ4: 0.91666667 | AM4: 0 | AP4: 0.083333333 | AS4: 0.16666667 | AV4: Keterangan
B5: Batch/Striping | C5: PIC Operator | D5: Batch Striping Start | E5: Batch Striping Finish | F5: Ket start to finish | G5: Tank | H5: Kon. Karbon (gpl) | I5: Volume Slurry (m3) | J5: Tonage on tank | K5: Volume solution (m3) | L5: pH | M5: %Solid | N5: Sandios ppm | O5: pH | P5: %Solid | Q5: Sandios ppm | R5: pH | S5: %Solid | T5: Sandios ppm | U5: pH | V5: %Solid | W5: Sandios ppm | X5: pH | Y5: %Solid | Z5: Sandios ppm | AA5: pH | AB5: %Solid | AC5: Sandios ppm | AD5: pH | AE5: %Solid | AF5: Sandios ppm | AG5: pH | AH5: %Solid | AI5: Sandios ppm | AJ5: pH | AK5: %Solid | AL5: Sandios ppm | AM5: pH | AN5: %Solid | AO5: Sandios ppm | AP5: pH | AQ5: %Solid | AR5: Sandios ppm | AS5: pH | AT5: %Solid | AU5: Sandios ppm | AV5: Day Shift | AW5: Night Shift
A6: 46147 | C6: Toni | D6: Start Batch 1 | F6: Day: 14:11 Start | G6: 1 | AA6: 11 | AB6: 0.38 | AC6: 200 | AV6: terjadi masalah pada pompa mixxing tank sandios jadi tidak menaikan sandios ke tanki oper ke night shift
G7: 2
G8: 3
G9: 4
A10: 46148 | B10: Batch 1, Start 03:11 Tank Leach 1 | C10: Toni | D10: 06/05/2025 ,jam 03:00:00 | G10: 1 | H10: =(1.5*1000)/I10 -> 2.7777778 | I10: 540 | J10: 258 | U10: 11 | W10: 170 | X10: 11.1 | Y10: 0.38 | AA10: 11 | AC10: 170 | AV10: batch 1 dimulai pada tank 1 start jam 03:00, sandios 15 karung, carbon baru 1,5 ton davao | AW10: Start Batch 1 jam 03:00 sandios 375 kg. 06/05/2026
G11: 2
G12: 3
G13: 4
A14: 46149 | B14: Batch 1 process Finish | G14: 1 | H14: =(1.5*1000)/I14 -> 2.7777778 | I14: 540 | J14: 258 | K14: =J14*((1-38%)/38%) -> 420.94737 | R14: 11 | T14: 180 | U14: 11 | W14: 180 | AV14: Start Batch 2 pada cip tank 2, jam start 02:00 sandios 15 karung, carbon bekas batch sebelumnya 1,2 ton
B15: Batch 2 Start 02:00 | C15: Toni | D15: start batch 2, 02:00 | G15: 2 | H15: =1200/I15 -> 2.2222222 | I15: 540 | J15: 265 | K15: =J15*((1-39%)/39%) -> 414.48718 | O15: 11 | P15: 0.39
G16: 3
G17: 4
A18: 46150 | B18: Batch Process 1 Finish | G18: 1 | AV18: 23:00 Batch 1 selesai drain
B19: Batch Process 2 Finish | G19: 2 | AV19: batch 2 selesai night shift 07:00 pagi 08/05/2026
G20: 3
G21: 4
A22: 46151 | G22: 5
G23: 6
G24: 7
G25: 8
A26: 46152 | G26: 1
G27: 2
G28: 3
G29: 4
A30: 46153 | G30: 5
G31: 6
G32: 7
G33: 8
A34: 46154 | G34: 1
G35: 2
G36: 3
G37: 4
A38: 46155 | G38: 5
G39: 6
G40: 7
G41: 8
A42: 46156 | G42: 1
G43: 2
G44: 3
G45: 4
A46: 46157 | D46: Start Batch 6 | F46: Start Jam 15:00 | G46: 5
G47: 6
G48: 7
G49: 8
A50: 46158 | G50: 1
G51: 2
G52: 3
G53: 4
A54: 46159 | E54: Finish Batch 6 | F54: Finish 07:00 | G54: 5
G55: 6
G56: 7
G57: 8
A58: 46160 | G58: 1
G59: 2
G60: 3
G61: 4
A62: 46161 | G62: 5
G63: 6
G64: 7
G65: 8
A66: 46162 | G66: 1
G67: 2
G68: 3
G69: 4
A70: 46163 | G70: 5
G71: 6
G72: 7
G73: 8
A74: 46164 | G74: 1
G75: 2
G76: 3
G77: 4
A78: 46165 | G78: 5
G79: 6
G80: 7
G81: 8
A82: 46166 | G82: 1
G83: 2
G84: 3
G85: 4
A86: 46167 | G86: 5
G87: 6
G88: 7
G89: 8
A90: 46168 | G90: 1
G91: 2
G92: 3
G93: 4
A94: 46169 | G94: 5
G95: 6
G96: 7
G97: 8
A98: 46170 | G98: 1
G99: 2
G100: 3
G101: 4
A102: 46171 | G102: 5
G103: 6
...

Sheet Fuel Consumption
F1: Diesel Consumption Process Plant
B3: No | C3: Date | D3: PIC | E3: Shift | F3: Diesel Consumption (L)
B4: 1 | C4: 45870
B5: 2 | C5: 45871
B6: 3 | C6: 45872
B7: 4 | C7: 45873
B8: 5 | C8: 45874
B9: 6 | C9: 45875
B10: 7 | C10: 45876
B11: 8 | C11: 45877
B12: 9 | C12: 45878
B13: 10 | C13: 45879
B14: 11 | C14: 45880
B15: 12 | C15: 45881
... B34: 31 | C34: 45900
