Workbook

Sheet Stock Barang
B1: Periode Agustus-September 2026
B3: Kode Barang | C3: Nama Barang | D3: Stok Awal | E3: Barang Masuk | F3: Barang Keluar | G3: Stock Akhir | H3: Satuan
B4: NaCN | C4: Sianida | D4: 150 | E4: =SUMIF('Barang Masuk'!$E$5:$E$29,Table1[[#This Row],[Nama Barang]],'Barang Masuk'!$F$5:$F$29) -> 0 | F4: =SUMIF('Barang Keluar '!$E$5:$E$315,Table1[[#This Row],[Nama Barang]],'Barang Keluar '!$F$5:$F$315) -> 0 | G4: =(Table1[[#This Row],[Barang Masuk]]+Table1[[#This Row],[Stok Awal ]])-Table1[[#This Row],[Barang Keluar ]] -> 150 | H4: kg
B5: CBN | C5: Carbon | D5: 5000 | E5: =SUMIF('Barang Masuk'!$E$5:$E$29,Table1[[#This Row],[Nama Barang]],'Barang Masuk'!$F$5:$F$29) -> 0 | F5: =SUMIF('Barang Keluar '!$E$5:$E$315,Table1[[#This Row],[Nama Barang]],'Barang Keluar '!$F$5:$F$315) -> 3000 | G5: =(Table1[[#This Row],[Barang Masuk]]+Table1[[#This Row],[Stok Awal ]])-Table1[[#This Row],[Barang Keluar ]] -> 2000 | H5: kg
B6: SND | C6: Sandios | D6: 5750 | E6: =SUMIF('Barang Masuk'!$E$5:$E$29,Table1[[#This Row],[Nama Barang]],'Barang Masuk'!$F$5:$F$29) -> 6250 | F6: =SUMIF('Barang Keluar '!$E$5:$E$315,Table1[[#This Row],[Nama Barang]],'Barang Keluar '!$F$5:$F$315) -> 3725 | G6: =(Table1[[#This Row],[Barang Masuk]]+Table1[[#This Row],[Stok Awal ]])-Table1[[#This Row],[Barang Keluar ]] -> 8275 | H6: kg
B7: Lime | C7: Kapur | D7: 7500 | E7: =SUMIF('Barang Masuk'!$E$5:$E$29,Table1[[#This Row],[Nama Barang]],'Barang Masuk'!$F$5:$F$29) -> 5000 | F7: =SUMIF('Barang Keluar '!$E$5:$E$315,Table1[[#This Row],[Nama Barang]],'Barang Keluar '!$F$5:$F$315) -> 3000 | G7: =(Table1[[#This Row],[Barang Masuk]]+Table1[[#This Row],[Stok Awal ]])-Table1[[#This Row],[Barang Keluar ]] -> 9500 | H7: kg
B8: NaOH | C8: Kaustik | D8: 400 | E8: =SUMIF('Barang Masuk'!$E$5:$E$29,Table1[[#This Row],[Nama Barang]],'Barang Masuk'!$F$5:$F$29) -> 250 | F8: =SUMIF('Barang Keluar '!$E$5:$E$315,Table1[[#This Row],[Nama Barang]],'Barang Keluar '!$F$5:$F$315) -> 0 | G8: =(Table1[[#This Row],[Barang Masuk]]+Table1[[#This Row],[Stok Awal ]])-Table1[[#This Row],[Barang Keluar ]] -> 650 | H8: kg
B9: BRX | C9: Borax | D9: 0 | E9: =SUMIF('Barang Masuk'!$E$5:$E$29,Table1[[#This Row],[Nama Barang]],'Barang Masuk'!$F$5:$F$29) -> 0 | F9: =SUMIF('Barang Keluar '!$E$5:$E$315,Table1[[#This Row],[Nama Barang]],'Barang Keluar '!$F$5:$F$315) -> 0 | G9: =(Table1[[#This Row],[Barang Masuk]]+Table1[[#This Row],[Stok Awal ]])-Table1[[#This Row],[Barang Keluar ]] -> 0 | H9: kg
B10: HCL | C10: HCL | D10: 125 | E10: =SUMIF('Barang Masuk'!$E$5:$E$29,Table1[[#This Row],[Nama Barang]],'Barang Masuk'!$F$5:$F$29) -> 375 | F10: =SUMIF('Barang Keluar '!$E$5:$E$315,Table1[[#This Row],[Nama Barang]],'Barang Keluar '!$F$5:$F$315) -> 0 | G10: =(Table1[[#This Row],[Barang Masuk]]+Table1[[#This Row],[Stok Awal ]])-Table1[[#This Row],[Barang Keluar ]] -> 500 | H10: liter
B11: SMBS | C11: SMBS | D11: 14975 | E11: =SUMIF('Barang Masuk'!$E$5:$E$29,Table1[[#This Row],[Nama Barang]],'Barang Masuk'!$F$5:$F$29) -> 0 | F11: =SUMIF('Barang Keluar '!$E$5:$E$315,Table1[[#This Row],[Nama Barang]],'Barang Keluar '!$F$5:$F$315) -> 0 | G11: =(Table1[[#This Row],[Barang Masuk]]+Table1[[#This Row],[Stok Awal ]])-Table1[[#This Row],[Barang Keluar ]] -> 14975 | H11: kg
B12: Floc | C12: Floculant | D12: 6425 | E12: =SUMIF('Barang Masuk'!$E$5:$E$29,Table1[[#This Row],[Nama Barang]],'Barang Masuk'!$F$5:$F$29) -> 0 | F12: =SUMIF('Barang Keluar '!$E$5:$E$315,Table1[[#This Row],[Nama Barang]],'Barang Keluar '!$F$5:$F$315) -> 200 | G12: =(Table1[[#This Row],[Barang Masuk]]+Table1[[#This Row],[Stok Awal ]])-Table1[[#This Row],[Barang Keluar ]] -> 6225 | H12: kg
E13: =SUMIF('Barang Masuk'!$E$5:$E$29,Table1[[#This Row],[Nama Barang]],'Barang Masuk'!$F$5:$F$29) -> 0 | F13: =SUMIF('Barang Keluar '!$E$5:$E$315,Table1[[#This Row],[Nama Barang]],'Barang Keluar '!$F$5:$F$315) -> 0 | G13: =(Table1[[#This Row],[Barang Masuk]]+Table1[[#This Row],[Stok Awal ]])-Table1[[#This Row],[Barang Keluar ]] -> 0
E14: =SUMIF('Barang Masuk'!$E$5:$E$29,Table1[[#This Row],[Nama Barang]],'Barang Masuk'!$F$5:$F$29) -> 0 | F14: =SUMIF('Barang Keluar '!$E$5:$E$315,Table1[[#This Row],[Nama Barang]],'Barang Keluar '!$F$5:$F$315) -> 0 | G14: =(Table1[[#This Row],[Barang Masuk]]+Table1[[#This Row],[Stok Awal ]])-Table1[[#This Row],[Barang Keluar ]] -> 0
E15: =SUMIF('Barang Masuk'!$E$5:$E$29,Table1[[#This Row],[Nama Barang]],'Barang Masuk'!$F$5:$F$29) -> 0 | F15: =SUMIF('Barang Keluar '!$E$5:$E$315,Table1[[#This Row],[Nama Barang]],'Barang Keluar '!$F$5:$F$315) -> 0 | G15: =(Table1[[#This Row],[Barang Masuk]]+Table1[[#This Row],[Stok Awal ]])-Table1[[#This Row],[Barang Keluar ]] -> 0
E16: =SUMIF('Barang Masuk'!$E$5:$E$29,Table1[[#This Row],[Nama Barang]],'Barang Masuk'!$F$5:$F$29) -> 0 | F16: =SUMIF('Barang Keluar '!$E$5:$E$315,Table1[[#This Row],[Nama Barang]],'Barang Keluar '!$F$5:$F$315) -> 0 | G16: =(Table1[[#This Row],[Barang Masuk]]+Table1[[#This Row],[Stok Awal ]])-Table1[[#This Row],[Barang Keluar ]] -> 0
E17: =SUMIF('Barang Masuk'!$E$5:$E$29,Table1[[#This Row],[Nama Barang]],'Barang Masuk'!$F$5:$F$29) -> 0 | F17: =SUMIF('Barang Keluar '!$E$5:$E$315,Table1[[#This Row],[Nama Barang]],'Barang Keluar '!$F$5:$F$315) -> 0 | G17: =(Table1[[#This Row],[Barang Masuk]]+Table1[[#This Row],[Stok Awal ]])-Table1[[#This Row],[Barang Keluar ]] -> 0
E18: =SUMIF('Barang Masuk'!$E$5:$E$29,Table1[[#This Row],[Nama Barang]],'Barang Masuk'!$F$5:$F$29) -> 0 | F18: =SUMIF('Barang Keluar '!$E$5:$E$315,Table1[[#This Row],[Nama Barang]],'Barang Keluar '!$F$5:$F$315) -> 0 | G18: =(Table1[[#This Row],[Barang Masuk]]+Table1[[#This Row],[Stok Awal ]])-Table1[[#This Row],[Barang Keluar ]] -> 0
E19: =SUMIF('Barang Masuk'!$E$5:$E$29,Table1[[#This Row],[Nama Barang]],'Barang Masuk'!$F$5:$F$29) -> 0 | F19: =SUMIF('Barang Keluar '!$E$5:$E$315,Table1[[#This Row],[Nama Barang]],'Barang Keluar '!$F$5:$F$315) -> 0 | G19: =(Table1[[#This Row],[Barang Masuk]]+Table1[[#This Row],[Stok Awal ]])-Table1[[#This Row],[Barang Keluar ]] -> 0
E20: =SUMIF('Barang Masuk'!$E$5:$E$29,Table1[[#This Row],[Nama Barang]],'Barang Masuk'!$F$5:$F$29) -> 0 | F20: =SUMIF('Barang Keluar '!$E$5:$E$315,Table1[[#This Row],[Nama Barang]],'Barang Keluar '!$F$5:$F$315) -> 0 | G20: =(Table1[[#This Row],[Barang Masuk]]+Table1[[#This Row],[Stok Awal ]])-Table1[[#This Row],[Barang Keluar ]] -> 0
E21: =SUMIF('Barang Masuk'!$E$5:$E$29,Table1[[#This Row],[Nama Barang]],'Barang Masuk'!$F$5:$F$29) -> 0 | F21: =SUMIF('Barang Keluar '!$E$5:$E$315,Table1[[#This Row],[Nama Barang]],'Barang Keluar '!$F$5:$F$315) -> 0 | G21: =(Table1[[#This Row],[Barang Masuk]]+Table1[[#This Row],[Stok Awal ]])-Table1[[#This Row],[Barang Keluar ]] -> 0

Sheet Barang Masuk
B4: No | C4: Tanggal | D4: Kode Barang | E4: Nama Barang | F4: Jumlah Barang Masuk (kg)
B5: 1 | C5: 46277 | D5: Lime | E5: =IFERROR(VLOOKUP(D5,Table1[#All],2,0),"") -> Kapur | F5: 5000
B6: 2 | C6: 46285 | D6: HCL | E6: =IFERROR(VLOOKUP(D6,Table1[#All],2,0),"") -> HCL | F6: 375
B7: 3 | C7: 46285 | D7: NaOH | E7: =IFERROR(VLOOKUP(D7,Table1[#All],2,0),"") -> Kaustik | F7: 250
B8: 4 | C8: 46280 | D8: SND | E8: =IFERROR(VLOOKUP(D8,Table1[#All],2,0),"") -> Sandios | F8: 6250
B9: 5 | E9: =IFERROR(VLOOKUP(D9,Table1[#All],2,0),"")
B10: 6 | E10: =IFERROR(VLOOKUP(D10,Table1[#All],2,0),"")
B11: 7 | E11: =IFERROR(VLOOKUP(D11,Table1[#All],2,0),"")
B12: 8 | E12: =IFERROR(VLOOKUP(D12,Table1[#All],2,0),"")
B13: 9 | E13: =IFERROR(VLOOKUP(D13,Table1[#All],2,0),"")
B14: 10 | E14: =IFERROR(VLOOKUP(D14,Table1[#All],2,0),"")
B15: 11 | E15: =IFERROR(VLOOKUP(D15,Table1[#All],2,0),"")
B16: 12 | E16: =IFERROR(VLOOKUP(D16,Table1[#All],2,0),"")
B17: 13 | E17: =IFERROR(VLOOKUP(D17,Table1[#All],2,0),"")
B18: 14 | E18: =IFERROR(VLOOKUP(D18,Table1[#All],2,0),"")
B19: 15 | E19: =IFERROR(VLOOKUP(D19,Table1[#All],2,0),"")
B20: 16 | E20: =IFERROR(VLOOKUP(D20,Table1[#All],2,0),"")
... B29: 25 | E29: =IFERROR(VLOOKUP(D29,Table1[#All],2,0),"")
B30: 26
B31: 27
B32: 28
B33: 29
B34: 30
B35: 31
B36: 32
B37: 33
B38: 34
B39: 35
B40: 36
B41: 37
... B334: 330

Sheet Barang Keluar 
B4: No | C4: Tanggal | D4: Kode Barang | E4: Nama Barang | F4: Jumlah Barang Keluar (kg) | G4: Area | H4: Ket
B5: 1 | C5: 46265 | D5: Lime | E5: =IFERROR(VLOOKUP(D5,Table1[#All],2,0),"") -> Kapur | F5: 250 | G5: Leaching | K5: Leaching
B6: 2 | C6: 46265 | D6: SND | E6: =IFERROR(VLOOKUP(D6,Table1[#All],2,0),"") -> Sandios | F6: 375 | G6: Leaching | J6: SND | K6: Gold Rom
B7: 3 | C7: 46266 | D7: Floc | E7: =IFERROR(VLOOKUP(D7,Table1[#All],2,0),"") -> Floculant | F7: 25 | G7: Leaching | J7: CBN
B8: 4 | C8: 46266 | D8: CBN | E8: =IFERROR(VLOOKUP(D8,Table1[#All],2,0),"") -> Carbon | F8: 1000 | G8: Leaching | J8: Lime
B9: 5 | C9: 46266 | D9: Lime | E9: =IFERROR(VLOOKUP(D9,Table1[#All],2,0),"") -> Kapur | F9: 1250 | G9: Leaching
B10: 6 | C10: 46267 | D10: Lime | E10: =IFERROR(VLOOKUP(D10,Table1[#All],2,0),"") -> Kapur | F10: 500 | G10: Leaching
B11: 7 | C11: 46267 | D11: SND | E11: =IFERROR(VLOOKUP(D11,Table1[#All],2,0),"") -> Sandios | F11: 375 | G11: Leaching
B12: 8 | C12: 46267 | D12: Floc | E12: =IFERROR(VLOOKUP(D12,Table1[#All],2,0),"") -> Floculant | F12: 25 | G12: Leaching
B13: 9 | C13: 46268 | D13: CBN | E13: =IFERROR(VLOOKUP(D13,Table1[#All],2,0),"") -> Carbon | F13: 1000 | G13: Leaching
B14: 10 | C14: 46268 | D14: Lime | E14: =IFERROR(VLOOKUP(D14,Table1[#All],2,0),"") -> Kapur | F14: 250 | G14: Leaching
B15: 11 | C15: 46269 | D15: SND | E15: =IFERROR(VLOOKUP(D15,Table1[#All],2,0),"") -> Sandios | F15: 375 | G15: Leaching
B16: 12 | C16: 46269 | D16: Floc | E16: =IFERROR(VLOOKUP(D16,Table1[#All],2,0),"") -> Floculant | F16: 25 | G16: Leaching
B17: 13 | C17: 46271 | D17: Lime | E17: =IFERROR(VLOOKUP(D17,Table1[#All],2,0),"") -> Kapur | F17: 500 | G17: Leaching
B18: 14 | C18: 46272 | D18: Lime | E18: =IFERROR(VLOOKUP(D18,Table1[#All],2,0),"") -> Kapur | F18: 250 | G18: Leaching
B19: 15 | C19: 46272 | D19: SND | E19: =IFERROR(VLOOKUP(D19,Table1[#All],2,0),"") -> Sandios | F19: 375 | G19: Leaching
B20: 16 | C20: 46274 | D20: SND | E20: =IFERROR(VLOOKUP(D20,Table1[#All],2,0),"") -> Sandios | F20: 375 | G20: Leaching
... B31: 27 | C31: 46283 | D31: Floc | E31: =IFERROR(VLOOKUP(D31,Table1[#All],2,0),"") -> Floculant | F31: 25 | G31: Leaching
B32: 28 | E32: =IFERROR(VLOOKUP(D32,Table1[#All],2,0),"") | G32: Leaching
B33: 29 | E33: =IFERROR(VLOOKUP(D33,Table1[#All],2,0),"") | G33: Leaching
B34: 30 | E34: =IFERROR(VLOOKUP(D34,Table1[#All],2,0),"") | G34: Leaching
B35: 31 | E35: =IFERROR(VLOOKUP(D35,Table1[#All],2,0),"")
B36: 32 | E36: =IFERROR(VLOOKUP(D36,Table1[#All],2,0),"")
B37: 33 | E37: =IFERROR(VLOOKUP(D37,Table1[#All],2,0),"")
B38: 34 | E38: =IFERROR(VLOOKUP(D38,Table1[#All],2,0),"")
B39: 35 | E39: =IFERROR(VLOOKUP(D39,Table1[#All],2,0),"")
B40: 36 | E40: =IFERROR(VLOOKUP(D40,Table1[#All],2,0),"")
B41: 37 | E41: =IFERROR(VLOOKUP(D41,Table1[#All],2,0),"")
B42: 38 | E42: =IFERROR(VLOOKUP(D42,Table1[#All],2,0),"")
B43: 39 | E43: =IFERROR(VLOOKUP(D43,Table1[#All],2,0),"")
B44: 40 | E44: =IFERROR(VLOOKUP(D44,Table1[#All],2,0),"")
B45: 41 | E45: =IFERROR(VLOOKUP(D45,Table1[#All],2,0),"")
B46: 42 | E46: =IFERROR(VLOOKUP(D46,Table1[#All],2,0),"")
... B315: 311 | E315: =IFERROR(VLOOKUP(D315,Table1[#All],2,0),"")
