Workbook

Sheet AAS lab Crushing Daily 
C3: Assay Lab Result | L3: Assay Lab Result
C4: No | D4: Id Sampel | E4: Date | F4: Au (g/t) | G4: Ag (g/t) | H4: Cu (g/t) | L4: No | M4: Id Sampel | N4: Date | O4: Au (g/t) | P4: Ag (g/t) | Q4: Cu (g/t)
C5: 1 | D5: SR COM 24/06/2026 1 | E5: 46197 | F5: 0.546 | L5: 51 | M5: Crusher 11:00 | N5: 46253 | O5: 0.673
C6: 2 | D6: SR COM 24/06/2026 2 | E6: 46197 | F6: 0.576 | L6: 52 | M6: Crusher 11:30 | N6: 46253 | O6: 0.662
C7: 3 | D7: SR COM 24/06/2026 3 | E7: 46197 | F7: 0.839 | L7: 53 | M7: Crusher 13:00 | N7: 46253 | O7: 0.555
C8: 4 | D8: SR COM 24/06/2026 4 | E8: 46197 | F8: 2.011 | L8: 54 | M8: Crusher 13:30 | N8: 46253 | O8: 0.813
C9: 5 | D9: SR COM 24/06/2026 5 | E9: 46197 | F9: 0.944 | L9: 55 | M9: Crusher 14:00 | N9: 46253 | O9: 1.147
C10: 6 | D10: SR COM 24/06/2026 6 | E10: 46197 | F10: 0.702 | L10: 56 | M10: Crusher 14:30 | N10: 46253 | O10: 1.941
C11: 7 | D11: SR COM 24/06/2026 7 | E11: 46197 | F11: 3.216 | L11: 57 | M11: Crusher 15:00 | N11: 46253 | O11: 0.489
C12: 8 | D12: SR COM 24/06/2026 8 | E12: 46197 | F12: 0.562 | L12: 58 | M12: Crusher 15:30 | N12: 46253 | O12: 0.556
C13: 9 | D13: SR COM 24/06/2026 9 | E13: 46197 | F13: 0.79 | L13: 59 | M13: Crusher 16:00 | N13: 46253 | O13: 3.032
C14: 10 | D14: SR COM 24/06/2026 10 | E14: 46197 | F14: 1.583 | L14: 60 | M14: Crusher 16:30 | N14: 46253 | O14: 0.632
C15: 11 | D15: Clay and Sandly 1 | E15: 46181 | F15: 1.963 | L15: 61 | M15: Crusher 17:00 | N15: 46253 | O15: 1.043
C16: 12 | D16: Clay and Sandly 2 | E16: 46181 | F16: 0.735 | L16: 62 | M16: Crusher 17:30 | N16: 46253 | O16: 1.59
... C54: 50 | D54: Crusher 10:30 | E54: 46253 | F54: 0.506 | L54: 100 | M54: Crusher 15:00 | N54: 46258 | O54: 0.326
L55: 101 | M55: Crusher 16:00 | N55: 46258 | O55: 0.24
L56: 102 | M56: Crusher 17:00 | N56: 46258 | O56: 1.077
L57: 103 | M57: Crusher 13:00 | N57: 46261 | O57: 0.253
L58: 104 | M58: Crusher 14:00 | N58: 46261 | O58: 0.732
L59: 105 | M59: Crusher 15:00 | N59: 46261 | O59: 0.454
L60: 106 | M60: Crusher 16:00 | N60: 46261 | O60: 0.616
L61: 107 | M61: Crusher 17:00 | N61: 46261 | O61: 0.242
L62: 108 | M62: Crusher 18:00 | N62: 46261 | O62: 2.098
L63: 109 | M63: Crusher 19:00 | N63: 46261 | O63: 0.863

Sheet Daily Summary 
H1: Daily summary Production PT Bulawan Daya Lestari
H2: Site Gunung Patung, Mopait, Bolaang Mongondow, Sulawesi Utara
B5: Date | C5: Feeding, ton | I5: Hours Run Crushing | J5: Hours Milling | K5: Availability, % | N5: Plant Usability | O5: Gold Rom ( Elution and Electrowinning ) | Z5: Consumption | AH5: Stockpile, Estimated | AJ5: Inventory PPA | AP5: SHE | AS5: Result per month
C6: Tpd | D6: Mtd | E6: tph | F6: Au Lab, gpt | G6: Au, gr | H6: Au, kg | K6: Crusher | L6: Mill | M6: CIP | O6: Carbon to Elution (t) | P6: Carbon Transit (t) | Q6: Elution | R6: Loaded Carbon (g/t) | S6: Barren Carbon (g/t) | T6: Au Recovery gr | U6: Au Recovery Elution (%) | V6: E/W | W6: Smelting | X6: Dore Transit | Y6: Hand Over | Z6: Sandios kg | AA6: Fuel Diesel | AB6: Carbon kg | AC6: Lime kg | AD6: NaOH, kg | AE6: HCL, Liter | AF6: Floculant, kg | AG6: Fuel, L | AH6: Ore Inventory, ton | AI6: Au Inventory, kg | AJ6: Cyanide, kg | AK6: Carbon kg | AL6: Lime kg | AM6: NaOH, kg | AN6: HCL, Liter | AO6: Floculant, kg | AP6: LTA Free Hours | AQ6: Spills, Liter | AS6: Tpm
B7: 46174 | C7: =Crushing!N6 -> 0 | D7: =C7 -> 0 | E7: =IFERROR(C7/I7,"") | G7: =C7*F7 -> 0 | H7: =G7/1000 -> 0 | J7: 0 | L7: 0 | M7: 1 | N7: =IF(L7=100%,I7/24*100%,L7) -> 0 | T7: =(O7*R7)-(S7*O7) -> 0 | U7: =IFERROR((R7-S7)/R7,"") | Z7: ='Reagent Consumption'!O7 -> 0 | AA7: ='Fuel Consumption'!D4 -> 320 | AB7: ='Reagent Consumption'!Q7 -> 0 | AC7: ='Reagent Consumption'!P7 -> 0 | AD7: ='Reagent Consumption'!R7 -> 0 | AE7: ='Reagent Consumption'!S7 -> 0 | AF7: ='Reagent Consumption'!T7 -> 0 | AG7: ='Fuel Consumption'!D4 -> 320 | AS7: avarage tpd
B8: 46175 | C8: =Crushing!N8 -> 78.0435 | D8: =D7+C8 -> 78.0435 | E8: =C8/I8 -> 7.073429 | F8: 1.45 | G8: =C8*F8 -> 113.16308 | H8: =G8/1000 -> 0.11316308 | I8: ='Crushing Down Time Hours'!L7 -> 11.033333 | J8: 0 | L8: =J8/24 -> 0 | M8: 1 | N8: =IF(L8=100%,I8/24*100%,L8) -> 0 | T8: =(P8*R8)-(S8*P8) -> 0 | U8: =IFERROR((R8-S8)/R8,"") | Z8: ='Reagent Consumption'!O8 -> 0 | AA8: ='Fuel Consumption'!D5 -> 320 | AB8: ='Reagent Consumption'!Q8 -> 0 | AC8: ='Reagent Consumption'!P8 -> 0 | AD8: ='Reagent Consumption'!R8 -> 0 | AE8: ='Reagent Consumption'!S8 -> 0 | AF8: ='Reagent Consumption'!T8 -> 0 | AG8: ='Fuel Consumption'!D5 -> 320 | AS8: Percentage ore blend
B9: 46176 | C9: =Crushing!N10 -> 17.712 | D9: =D8+C9 -> 95.7555 | E9: =C9/I9 -> 1.6053172 | F9: 1.45 | G9: =F9*C9 -> 25.6824 | H9: =G9/1000 -> 0.0256824 | I9: ='Crushing Down Time Hours'!L8 -> 11.033333 | J9: 0 | L9: =J9/24 -> 0 | M9: 1 | N9: =IF(L9=100%,(I9/24),L9) -> 0 | T9: =(P9*R9)-(S9*P9) -> 0 | U9: =IFERROR((R9-S9)/R9,"") | Z9: ='Reagent Consumption'!O9 -> 0 | AA9: ='Fuel Consumption'!D6 -> 388 | AB9: ='Reagent Consumption'!Q9 -> 0 | AC9: ='Reagent Consumption'!P9 -> 0 | AD9: ='Reagent Consumption'!R9 -> 0 | AE9: ='Reagent Consumption'!S9 -> 0 | AF9: ='Reagent Consumption'!T9 -> 0 | AG9: ='Fuel Consumption'!D6 -> 388 | AS9: Ops Time Crusher
B10: 46177 | C10: =Crushing!N12 -> 157.9905 | D10: =D9+C10 -> 253.746 | E10: =C10/I10 -> 16.74811 | F10: 1.45 | G10: =F10*C10 -> 229.08622 | H10: =G10/1000 -> 0.22908622 | I10: ='Crushing Down Time Hours'!L9 -> 9.4333333 | J10: 0 | L10: =J10/24 -> 0 | M10: 1 | N10: =IF(L10=100%,I10/24*100%,L10) -> 0 | T10: =(P10*R10)-(S10*P10) -> 0 | U10: =IFERROR((R10-S10)/R10,"") | Z10: ='Reagent Consumption'!O10 -> 150 | AA10: ='Fuel Consumption'!D7 -> 425 | AB10: ='Reagent Consumption'!Q10 -> 0 | AC10: ='Reagent Consumption'!P10 -> 250 | AD10: ='Reagent Consumption'!R10 -> 0 | AE10: ='Reagent Consumption'!S10 -> 0 | AF10: ='Reagent Consumption'!T10 -> 0 | AG10: ='Fuel Consumption'!D7 -> 425 | AS10: Ops Time Ballmill
B11: 46252 | C11: =Crushing!N14 -> 37.9192 | D11: =D10+C11 -> 291.6652 | E11: =C11/I11 -> 18.648787 | F11: 0.77 | G11: =F11*C11 -> 29.197784 | H11: =G11/1000 -> 0.029197784 | I11: ='Crushing Down Time Hours'!L6 -> 2.0333333 | J11: 0 | K11: ='Crushing Down Time Hours'!M6 -> 0.16944444 | L11: =J11/24 -> 0 | M11: 1 | N11: =IF(L11=100%,I11/24*100%,L11) -> 0 | T11: =(P11*R11)-(S11*P11) -> 0 | U11: =IFERROR((R11-S11)/R11,"") | Z11: ='Reagent Consumption'!O11 -> 225 | AA11: ='Fuel Consumption'!D8 -> 452 | AB11: ='Reagent Consumption'!Q11 -> 1000 | AC11: ='Reagent Consumption'!P11 -> 1250 | AD11: ='Reagent Consumption'!R11 -> 0 | AE11: ='Reagent Consumption'!S11 -> 0 | AF11: ='Reagent Consumption'!T11 -> 25 | AG11: ='Fuel Consumption'!D8 -> 452 | AS11: Grinding Ball Consumption
B12: 46253 | C12: =Crushing!N16 -> 283.1708 | D12: =D11+C12 -> 574.836 | E12: =C12/I12 -> 25.665027 | F12: 1.021 | G12: =F12*C12 -> 289.11739 | H12: =G12/1000 -> 0.28911739 | I12: ='Crushing Down Time Hours'!L7 -> 11.033333 | J12: 0 | K12: ='Crushing Down Time Hours'!M7 -> 0.91944444 | L12: =J12/24 -> 0 | M12: 1 | N12: =IF(L12=100%,I12/24*100%,L12) -> 0 | T12: =(P12*R12)-(S12*P12) -> 0 | U12: =IFERROR((R12-S12)/R12,"") | Z12: ='Reagent Consumption'!O13 -> 100 | AA12: ='Fuel Consumption'!D9 -> 397 | AB12: ='Reagent Consumption'!Q13 -> 0 | AC12: ='Reagent Consumption'!P13 -> 250 | AD12: ='Reagent Consumption'!R13 -> 0 | AE12: ='Reagent Consumption'!S13 -> 0 | AF12: ='Reagent Consumption'!T13 -> 0 | AG12: ='Fuel Consumption'!D9 -> 397 | AS12: Kwh
B13: 46254 | C13: =Crushing!N18 -> 337.1445 | D13: =D12+C13 -> 911.9805 | E13: =C13/I13 -> 33.658353 | F13: 0.604 | G13: =F13*C13 -> 203.63528 | H13: =G13/1000 -> 0.20363528 | I13: ='Crushing Down Time Hours'!L12 -> 10.016667 | J13: 0 | K13: ='Crushing Down Time Hours'!M8 -> 0.91944444 | L13: =J13/24 -> 0 | M13: 1 | N13: =IF(L13=100%,I13/24*100%,L13) -> 0 | T13: =(P13*R13)-(S13*P13) -> 0 | U13: =IFERROR((R13-S13)/R13,"") | Z13: ='Reagent Consumption'!O15 -> 100 | AA13: ='Fuel Consumption'!D10 -> 283 | AB13: ='Reagent Consumption'!Q15 -> 0 | AC13: ='Reagent Consumption'!P15 -> 0 | AD13: ='Reagent Consumption'!R15 -> 0 | AE13: ='Reagent Consumption'!S15 -> 0 | AF13: ='Reagent Consumption'!T15 -> 0 | AG13: ='Fuel Consumption'!D10 -> 283 | AS13: Flocculant Consumption
B14: 46255 | C14: =Crushing!N20 -> 293.3595 | D14: =D13+C14 -> 1205.34 | E14: =C14/I14 -> 31.09818 | F14: 0.442 | G14: =F14*C14 -> 129.6649 | H14: =G14/1000 -> 0.1296649 | I14: ='Crushing Down Time Hours'!L9 -> 9.4333333 | J14: 0 | K14: ='Crushing Down Time Hours'!M9 -> 0.78611111 | L14: =J14/24 -> 0 | M14: 1 | N14: =IF(L14=100%,I14/24*100%,L14) -> 0 | T14: =(P14*R14)-(S14*P14) -> 0 | U14: =IFERROR((R14-S14)/R14,"") | Z14: ='Reagent Consumption'!O16 -> 175 | AA14: ='Fuel Consumption'!D11 -> 347 | AB14: ='Reagent Consumption'!Q16 -> 0 | AC14: ='Reagent Consumption'!P16 -> 500 | AD14: ='Reagent Consumption'!R16 -> 0 | AE14: ='Reagent Consumption'!S16 -> 0 | AF14: ='Reagent Consumption'!T16 -> 0 | AG14: ='Fuel Consumption'!D11 -> 347 | AS14: Cyanide Consumption
B15: 46256 | C15: =Crushing!N22 -> 197.0325 | D15: =D14+C15 -> 1402.3725 | E15: =C15/I15 -> 21.852033 | F15: =AVERAGE('Rom File Inventory'!T87:T95) -> 0.96788889 | G15: =F15*C15 -> 190.70557 | H15: =G15/1000 -> 0.19070557 | I15: ='Crushing Down Time Hours'!L10 -> 9.0166667 | J15: 0 | K15: ='Crushing Down Time Hours'!M10 -> 0.75138889 | L15: =J15/24 -> 0 | M15: 1 | N15: =IF(L15=100%,I15/24*100%,L15) -> 0 | T15: =(P15*R15)-(S15*P15) -> 0 | U15: =IFERROR((R15-S15)/R15,"") | Z15: ='Reagent Consumption'!O17 -> 300 | AA15: ='Fuel Consumption'!D12 -> 346 | AB15: ='Reagent Consumption'!Q17 -> 0 | AC15: ='Reagent Consumption'!P17 -> 750 | AD15: ='Reagent Consumption'!R17 -> 0 | AE15: ='Reagent Consumption'!S17 -> 0 | AF15: ='Reagent Consumption'!T17 -> 0 | AG15: ='Fuel Consumption'!D12 -> 346 | AS15: Lime Consumption
B16: 46257 | C16: =Crushing!N24 -> 0 | D16: =D15+C16 -> 1402.3725 | E16: =C16/I16 -> 0 | G16: =F16*C16 -> 0 | H16: =G16/1000 -> 0 | I16: ='Crushing Down Time Hours'!L11 -> 0.033333333 | J16: 0 | K16: ='Crushing Down Time Hours'!M11 -> 0.0027777778 | L16: =J16/24 -> 0 | M16: 1 | N16: =IF(L16=100%,I16/24*100%,L16) -> 0 | T16: =(P16*R16)-(S16*P16) -> 0 | U16: =IFERROR((R16-S16)/R16,"") | Z16: ='Reagent Consumption'!O18 -> 175 | AA16: ='Fuel Consumption'!D13 -> 297 | AB16: ='Reagent Consumption'!Q18 -> 0 | AC16: ='Reagent Consumption'!P18 -> 0 | AD16: ='Reagent Consumption'!R18 -> 0 | AE16: ='Reagent Consumption'!S18 -> 0 | AF16: ='Reagent Consumption'!T18 -> 0 | AG16: ='Fuel Consumption'!D13 -> 297 | AS16: Carbon Consumption
B17: 46258 | C17: =Crushing!N26 -> 165.132 | D17: =D16+C17 -> 1567.5045 | E17: =C17/I17 -> 16.485724 | F17: =AVERAGE('Rom File Inventory'!T96:T104) -> 0.67088889 | G17: =F17*C17 -> 110.78522 | H17: =G17/1000 -> 0.11078522 | I17: ='Crushing Down Time Hours'!L12 -> 10.016667 | J17: 0 | K17: ='Crushing Down Time Hours'!M12 -> 0.83472222 | L17: =J17/24 -> 0 | M17: 1 | N17: =IF(L17=100%,I17/24*100%,L17) -> 0 | T17: =(P17*R17)-(S17*P17) -> 0 | U17: =IFERROR((R17-S17)/R17,"") | Z17: ='Reagent Consumption'!O19 -> 175 | AA17: ='Fuel Consumption'!D14 -> 304 | AB17: ='Reagent Consumption'!Q19 -> 0 | AC17: ='Reagent Consumption'!P19 -> 0 | AD17: ='Reagent Consumption'!R19 -> 0 | AE17: ='Reagent Consumption'!S19 -> 0 | AF17: ='Reagent Consumption'!T19 -> 0 | AG17: ='Fuel Consumption'!D14 -> 304
B18: 46259 | C18: =Crushing!N28 -> 0 | D18: =D17+C18 -> 1567.5045 | E18: =C18/I18 -> 0 | G18: =F18*C18 -> 0 | H18: =G18/1000 -> 0 | I18: ='Crushing Down Time Hours'!L13 -> 0.033333333 | J18: 0 | K18: ='Crushing Down Time Hours'!M13 -> 0.0027777778 | L18: =J18/24 -> 0 | M18: 1 | N18: =IF(L18=100%,I18/24*100%,L18) -> 0 | T18: =(P18*R18)-(S18*P18) -> 0 | U18: =IFERROR((R18-S18)/R18,"") | Z18: ='Reagent Consumption'!O21 -> 200 | AA18: ='Fuel Consumption'!D15 -> 510 | AB18: ='Reagent Consumption'!Q21 -> 500 | AC18: ='Reagent Consumption'!P21 -> 0 | AD18: ='Reagent Consumption'!R21 -> 0 | AE18: ='Reagent Consumption'!S21 -> 0 | AF18: ='Reagent Consumption'!T21 -> 50 | AG18: ='Fuel Consumption'!D15 -> 510
B19: 46260 | C19: 0 | D19: =D18+C19 -> 1567.5045 | E19: =C19/I19 -> 0 | G19: =F19*C19 -> 0 | H19: =G19/1000 -> 0 | I19: ='Crushing Down Time Hours'!L14 -> 0.033333333 | J19: 0 | K19: ='Crushing Down Time Hours'!M14 -> 0.0027777778 | L19: =J19/24 -> 0 | M19: 1 | N19: =IF(L19=100%,I19/24*100%,L19) -> 0 | T19: =(P19*R19)-(S19*P19) -> 0 | U19: =IFERROR((R19-S19)/R19,"") | Z19: ='Reagent Consumption'!O22 -> 100 | AA19: ='Fuel Consumption'!D16 -> 524 | AB19: ='Reagent Consumption'!Q22 -> 0 | AC19: ='Reagent Consumption'!P22 -> 0 | AD19: ='Reagent Consumption'!R22 -> 0 | AE19: ='Reagent Consumption'!S22 -> 0 | AF19: ='Reagent Consumption'!T22 -> 0 | AG19: ='Fuel Consumption'!D16 -> 524
B20: 46261 | C20: =Crushing!N32 -> 124.9471 | D20: =D19+C20 -> 1692.4516 | E20: =C20/I20 -> 23.724133 | F20: =AVERAGE('Rom File Inventory'!T105:T111) -> 0.55457143 | G20: =F20*C20 -> 69.292092 | H20: =G20/1000 -> 0.069292092 | I20: ='Crushing Down Time Hours'!L15 -> 5.2666667 | J20: 0 | K20: ='Crushing Down Time Hours'!M15 -> 0.43888889 | L20: =J20/24 -> 0 | M20: 1 | N20: =IF(L20=100%,I20/24*100%,L20) -> 0 | T20: =(P20*R20)-(S20*P20) -> 0 | U20: =IFERROR((R20-S20)/R20,"") | Z20: ='Reagent Consumption'!O24 -> 125 | AA20: ='Fuel Consumption'!D17 -> 300 | AB20: ='Reagent Consumption'!Q24 -> 0 | AC20: ='Reagent Consumption'!P24 -> 0 | AD20: ='Reagent Consumption'!R24 -> 0 | AE20: ='Reagent Consumption'!S24 -> 0 | AF20: ='Reagent Consumption'!T24 -> 0 | AG20: ='Fuel Consumption'!D17 -> 300
B21: 46262 | C21: =Crushing!N34 -> 167.765 | D21: =D20+C21 -> 1860.2166 | E21: =C21/I21 -> 20.927027 | F21: =AVERAGE('Rom File Inventory'!T112:T120) -> 1.1255556 | G21: =F21*C21 -> 188.82883 | H21: =G21/1000 -> 0.18882883 | I21: ='Crushing Down Time Hours'!L16 -> 8.0166667 | J21: 0 | K21: ='Crushing Down Time Hours'!M16 -> 0.66805556 | L21: =J21/24 -> 0 | M21: 1 | N21: =IF(L21=100%,I21/24*100%,L21) -> 0 | T21: =(P21*R21)-(S21*P21) -> 0 | U21: =IFERROR((R21-S21)/R21,"") | Z21: ='Reagent Consumption'!O26 -> 200 | AA21: ='Fuel Consumption'!D18 -> 1798 | AB21: ='Reagent Consumption'!Q26 -> 0 | AC21: ='Reagent Consumption'!P26 -> 0 | AD21: ='Reagent Consumption'!R26 -> 0 | AE21: ='Reagent Consumption'!S26 -> 0 | AF21: ='Reagent Consumption'!T26 -> 0 | AG21: ='Fuel Consumption'!D18 -> 1798
B22: 46263 | C22: =Crushing!N36 -> 240.435 | D22: =D21+C22 -> 2100.6516 | E22: =C22/I22 -> 24.003494 | F22: =AVERAGE('Rom File Inventory'!T121:T131) -> 0.60627273 | G22: =F22*C22 -> 145.76918 | H22: =G22/1000 -> 0.14576918 | I22: ='Crushing Down Time Hours'!L17 -> 10.016667 | J22: 0 | K22: ='Crushing Down Time Hours'!M17 -> 0.83472222 | L22: =J22/24 -> 0 | M22: 1 | N22: =IF(L22=100%,I22/24*100%,L22) -> 0 | T22: =(P22*R22)-(S22*P22) -> 0 | U22: =IFERROR((R22-S22)/R22,"") | Z22: ='Reagent Consumption'!O27 -> 250 | AA22: ='Fuel Consumption'!D19 -> 1841 | AB22: ='Reagent Consumption'!Q27 -> 0 | AC22: ='Reagent Consumption'!P27 -> 0 | AD22: ='Reagent Consumption'!R27 -> 0 | AE22: ='Reagent Consumption'!S27 -> 0 | AF22: ='Reagent Consumption'!T27 -> 0 | AG22: ='Fuel Consumption'!D19 -> 1841
B23: 46264 | C23: =Crushing!N38 -> 53.82 | D23: =D22+C23 -> 2154.4716 | E23: =C23/I23 -> 26.468852 | F23: =AVERAGE('Rom File Inventory'!T132:T135) -> 0.3535 | G23: =F23*C23 -> 19.02537 | H23: =G23/1000 -> 0.01902537 | I23: ='Crushing Down Time Hours'!L18 -> 2.0333333 | J23: 0 | K23: ='Crushing Down Time Hours'!M18 -> 0.16944444 | L23: =J23/24 -> 0 | M23: 1 | N23: =IF(L23=100%,I23/24*100%,L23) -> 0 | T23: =(P23*R23)-(S23*P23) -> 0 | U23: =IFERROR((R23-S23)/R23,"") | Z23: ='Reagent Consumption'!O28 -> 275 | AA23: ='Fuel Consumption'!D20 -> 2492 | AB23: ='Reagent Consumption'!Q28 -> 0 | AC23: ='Reagent Consumption'!P28 -> 325 | AD23: ='Reagent Consumption'!R28 -> 0 | AE23: ='Reagent Consumption'!S28 -> 0 | AF23: ='Reagent Consumption'!T28 -> 25 | AG23: ='Fuel Consumption'!D20 -> 2492
B24: 46265 | C24: =Crushing!N40 -> 0 | D24: =D23+C24 -> 2154.4716 | E24: =IFERROR(C24/I24,"") | G24: =F24*C24 -> 0 | H24: =G24/1000 -> 0 | I24: ='Crushing Down Time Hours'!L19 -> 0 | J24: ='Milling Down Time Hours'!Q5 -> 22.433333 | K24: ='Crushing Down Time Hours'!M24 -> 0 | L24: ='Milling Down Time Hours'!R5 -> 0.93472222 | M24: 1 | N24: =IF(L24=100%,J24/24*100%,L24) -> 0.93472222 | T24: =(P24*R24)-(S24*P24) -> 0 | U24: =IFERROR((R24-S24)/R24,"") | Z24: ='Reagent Consumption'!O29 -> 0 | AA24: ='Fuel Consumption'!D21 -> 864 | AB24: ='Reagent Consumption'!Q29 -> 0 | AC24: ='Reagent Consumption'!P29 -> 0 | AD24: ='Reagent Consumption'!R29 -> 0 | AE24: ='Reagent Consumption'!S29 -> 0 | AF24: ='Reagent Consumption'!T29 -> 0 | AG24: ='Fuel Consumption'!D21 -> 864
B25: 46266 | C25: =Crushing!N42 -> 0 | D25: =D24+C25 -> 2154.4716 | E25: =IFERROR(C25/I25,"") | G25: =F25*C25 -> 0 | H25: =G25/1000 -> 0 | I25: ='Crushing Down Time Hours'!L20 -> 0 | J25: ='Milling Down Time Hours'!Q6 -> 22.9 | K25: ='Crushing Down Time Hours'!M25 -> 0 | L25: ='Milling Down Time Hours'!R6 -> 0.95416667 | M25: 1 | N25: =IF(L25=100%,J25/24*100%,L25) -> 0.95416667 | T25: =(P25*R25)-(S25*P25) -> 0 | U25: =IFERROR((R25-S25)/R25,"") | Z25: ='Reagent Consumption'!O30 -> 0 | AA25: ='Fuel Consumption'!D22 -> 837 | AB25: ='Reagent Consumption'!Q30 -> 0 | AC25: ='Reagent Consumption'!P30 -> 0 | AD25: ='Reagent Consumption'!R30 -> 0 | AE25: ='Reagent Consumption'!S30 -> 0 | AF25: ='Reagent Consumption'!T30 -> 0 | AG25: ='Fuel Consumption'!D22 -> 837
B26: 46267 | C26: =Crushing!N44 -> 0 | D26: =D25+C26 -> 2154.4716 | E26: =IFERROR(C26/I26,"") | G26: =F26*C26 -> 0 | H26: =G26/1000 -> 0 | I26: ='Crushing Down Time Hours'!L21 -> 0 | J26: ='Milling Down Time Hours'!Q7 -> 22 | K26: ='Crushing Down Time Hours'!M26 -> 0 | L26: ='Milling Down Time Hours'!R7 -> 0.91666667 | M26: 1 | N26: =IF(L26=100%,J26/24*100%,L26) -> 0.91666667 | T26: =(P26*R26)-(S26*P26) -> 0 | U26: =IFERROR((R26-S26)/R26,"") | Z26: ='Reagent Consumption'!O31 -> 175 | AA26: ='Fuel Consumption'!D23 -> 810 | AB26: ='Reagent Consumption'!Q31 -> 0 | AC26: ='Reagent Consumption'!P31 -> 0 | AD26: ='Reagent Consumption'!R31 -> 0 | AE26: ='Reagent Consumption'!S31 -> 0 | AF26: ='Reagent Consumption'!T31 -> 0 | AG26: ='Fuel Consumption'!D23 -> 810
B27: 46268 | C27: =Crushing!N46 -> 0 | D27: =D26+C27 -> 2154.4716 | E27: =IFERROR(C27/I27,"") | G27: =F27*C27 -> 0 | H27: =G27/1000 -> 0 | I27: ='Crushing Down Time Hours'!L22 -> 0 | J27: ='Milling Down Time Hours'!Q8 -> 23 | K27: ='Crushing Down Time Hours'!M27 -> 0 | L27: ='Milling Down Time Hours'!R8 -> 0.95833333 | M27: 1 | N27: =IF(L27=100%,J27/24*100%,L27) -> 0.95833333 | T27: =(P27*R27)-(S27*P27) -> 0 | U27: =IFERROR((R27-S27)/R27,"") | Z27: ='Reagent Consumption'!O32 -> 250 | AA27: ='Fuel Consumption'!D24 -> 1841 | AB27: ='Reagent Consumption'!Q32 -> 0 | AC27: ='Reagent Consumption'!P32 -> 0 | AD27: ='Reagent Consumption'!R32 -> 0 | AE27: ='Reagent Consumption'!S32 -> 0 | AF27: ='Reagent Consumption'!T32 -> 50 | AG27: ='Fuel Consumption'!D24 -> 1841
B28: 46269 | C28: =Crushing!N43 -> 0 | D28: =D27+C28 -> 2154.4716 | E28: =IFERROR(C28/I28,"") | G28: =F28*C28 -> 0 | H28: =G28/1000 -> 0 | I28: ='Crushing Down Time Hours'!L23 -> 0 | J28: ='Milling Down Time Hours'!Q9 -> 0 | K28: ='Crushing Down Time Hours'!M28 -> 0 | L28: ='Milling Down Time Hours'!R9 -> 0 | M28: 1 | N28: =IF(L28=100%,J28/24*100%,L28) -> 0 | T28: =(P28*R28)-(S28*P28) -> 0 | U28: =IFERROR((R28-S28)/R28,"") | Z28: ='Reagent Consumption'!O33 -> 125 | AA28: ='Fuel Consumption'!D25 -> 1784 | AB28: ='Reagent Consumption'!Q33 -> 0 | AC28: ='Reagent Consumption'!P33 -> 0 | AD28: ='Reagent Consumption'!R33 -> 0 | AE28: ='Reagent Consumption'!S33 -> 0 | AF28: ='Reagent Consumption'!T33 -> 0 | AG28: ='Fuel Consumption'!D25 -> 1784
B29: 46270 | C29: =Crushing!N44 -> 0 | D29: =D28+C29 -> 2154.4716 | E29: =IFERROR(C29/I29,"") | G29: =F29*C29 -> 0 | H29: =G29/1000 -> 0 | I29: ='Crushing Down Time Hours'!L24 -> 0 | J29: ='Milling Down Time Hours'!Q10 -> 11 | K29: ='Crushing Down Time Hours'!M29 -> 0 | L29: ='Milling Down Time Hours'!R10 -> 0.45833333 | M29: 1 | N29: =IF(L29=100%,J29/24*100%,L29) -> 0.45833333 | T29: =(P29*R29)-(S29*P29) -> 0 | U29: =IFERROR((R29-S29)/R29,"") | Z29: ='Reagent Consumption'!O38 -> 175 | AA29: ='Fuel Consumption'!D26 -> 2237 | AB29: ='Reagent Consumption'!Q38 -> 0 | AC29: ='Reagent Consumption'!P38 -> 0 | AD29: ='Reagent Consumption'!R38 -> 0 | AE29: ='Reagent Consumption'!S38 -> 0 | AF29: ='Reagent Consumption'!T38 -> 25 | AG29: ='Fuel Consumption'!D26 -> 2237
B30: 46271 | C30: =Crushing!N45 -> 0 | D30: =D29+C30 -> 2154.4716 | E30: =IFERROR(C30/I30,"") | G30: =F30*C30 -> 0 | H30: =G30/1000 -> 0 | I30: ='Crushing Down Time Hours'!L25 -> 0 | J30: ='Milling Down Time Hours'!Q11 -> 21.833333 | K30: ='Crushing Down Time Hours'!M30 -> 0 | L30: ='Milling Down Time Hours'!R11 -> 0.90972222 | M30: 1 | N30: =IF(L30=100%,J30/24*100%,L30) -> 0.90972222 | T30: =(P30*R30)-(S30*P30) -> 0 | U30: =IFERROR((R30-S30)/R30,"") | Z30: ='Reagent Consumption'!O39 -> 175 | AA30: ='Fuel Consumption'!D27 -> 1203 | AB30: ='Reagent Consumption'!Q39 -> 0 | AC30: ='Reagent Consumption'!P39 -> 0 | AD30: ='Reagent Consumption'!R39 -> 0 | AE30: ='Reagent Consumption'!S39 -> 0 | AF30: ='Reagent Consumption'!T39 -> 0 | AG30: ='Fuel Consumption'!D27 -> 1203
B31: 46272 | C31: =Crushing!N46 -> 0 | D31: =D30+C31 -> 2154.4716 | E31: =IFERROR(C31/I31,"") | G31: =F31*C31 -> 0 | H31: =G31/1000 -> 0 | I31: ='Crushing Down Time Hours'!L26 -> 0 | J31: ='Milling Down Time Hours'!Q12 -> 22.45 | K31: ='Crushing Down Time Hours'!M31 -> 0 | L31: ='Milling Down Time Hours'!R12 -> 0.93541667 | M31: 1 | N31: =IF(L31=100%,J31/24*100%,L31) -> 0.93541667 | T31: =(P31*R31)-(S31*P31) -> 0 | U31: =IFERROR((R31-S31)/R31,"") | Z31: ='Reagent Consumption'!O41 -> 0 | AA31: ='Fuel Consumption'!D28 -> 2655 | AB31: ='Reagent Consumption'!Q41 -> 0 | AC31: ='Reagent Consumption'!P41 -> 0 | AD31: ='Reagent Consumption'!R41 -> 0 | AE31: ='Reagent Consumption'!S41 -> 0 | AF31: ='Reagent Consumption'!T41 -> 0 | AG31: ='Fuel Consumption'!D28 -> 2655
B32: 46273 | C32: =Crushing!N47 -> 0 | D32: =D31+C32 -> 2154.4716 | E32: =IFERROR(C32/I32,"") | G32: =F32*C32 -> 0 | H32: =G32/1000 -> 0 | I32: ='Crushing Down Time Hours'!L27 -> 0 | J32: ='Milling Down Time Hours'!Q13 -> 19.783333 | K32: ='Crushing Down Time Hours'!M32 -> 0 | L32: ='Milling Down Time Hours'!R13 -> 0.82430556 | M32: 1 | N32: =IF(L32=100%,J32/24*100%,L32) -> 0.82430556 | T32: =(P32*R32)-(S32*P32) -> 0 | U32: =IFERROR((R32-S32)/R32,"") | Z32: ='Reagent Consumption'!O43 -> 0 | AA32: ='Fuel Consumption'!D29 -> 1557 | AB32: ='Reagent Consumption'!Q43 -> 0 | AC32: ='Reagent Consumption'!P43 -> 0 | AD32: ='Reagent Consumption'!R43 -> 100 | AE32: ='Reagent Consumption'!S43 -> 7 | AF32: ='Reagent Consumption'!T43 -> 0 | AG32: ='Fuel Consumption'!D29 -> 1557
B33: 46274 | C33: =Crushing!N48 -> 0 | D33: =D32+C33 -> 2154.4716 | E33: =IFERROR(C33/I33,"") | G33: =F33*C33 -> 0 | H33: =G33/1000 -> 0 | I33: ='Crushing Down Time Hours'!L28 -> 0 | J33: ='Milling Down Time Hours'!Q15 -> 21.033333 | K33: ='Crushing Down Time Hours'!M33 -> 0 | L33: ='Milling Down Time Hours'!R14 -> 0.51875 | M33: 1 | N33: =IF(L33=100%,J33/24*100%,L33) -> 0.51875 | T33: =(P33*R33)-(S33*P33) -> 0 | U33: =IFERROR((R33-S33)/R33,"") | Z33: ='Reagent Consumption'!O45 -> 225 | AA33: ='Fuel Consumption'!D30 -> 1278 | AB33: ='Reagent Consumption'!Q45 -> 1000 | AC33: ='Reagent Consumption'!P45 -> 0 | AD33: ='Reagent Consumption'!R45 -> 0 | AE33: ='Reagent Consumption'!S45 -> 0 | AF33: ='Reagent Consumption'!T45 -> 0 | AG33: ='Fuel Consumption'!D30 -> 1278
B34: 46275 | C34: =Crushing!N60 -> 73.125 | D34: =D33+C34 -> 2227.5966 | E34: =IFERROR(C34/I34,"") | G34: =F34*C34 -> 0 | H34: =G34/1000 -> 0 | I34: ='Crushing Down Time Hours'!L29 -> 0 | J34: ='Milling Down Time Hours'!Q16 -> 12.983333 | K34: ='Crushing Down Time Hours'!M34 -> 0 | L34: ='Milling Down Time Hours'!R15 -> 0.87638889 | M34: 1 | N34: =IF(L34=100%,J34/24*100%,L34) -> 0.87638889 | T34: =(P34*R34)-(S34*P34) -> 0 | U34: =IFERROR((R34-S34)/R34,"") | Z34: ='Reagent Consumption'!O47 -> 0 | AA34: ='Fuel Consumption'!D31 -> 1099 | AB34: ='Reagent Consumption'!Q47 -> 0 | AC34: ='Reagent Consumption'!P47 -> 0 | AD34: ='Reagent Consumption'!R47 -> 0 | AE34: ='Reagent Consumption'!S47 -> 0 | AF34: ='Reagent Consumption'!T47 -> 0 | AG34: ='Fuel Consumption'!D31 -> 1099
B35: 46276 | C35: =Crushing!N50 -> 0 | D35: =D34+C35 -> 2227.5966 | E35: =IFERROR(C35/I35,"") | G35: =F35*C35 -> 0 | H35: =G35/1000 -> 0 | I35: ='Crushing Down Time Hours'!L30 -> 0 | J35: ='Milling Down Time Hours'!Q18 -> 0 | K35: ='Crushing Down Time Hours'!M35 -> 0 | L35: ='Milling Down Time Hours'!R16 -> 0.54097222 | M35: 1 | N35: =IF(L35=100%,J35/24*100%,L35) -> 0.54097222 | T35: =(P35*R35)-(S35*P35) -> 0 | U35: =IFERROR((R35-S35)/R35,"") | Z35: ='Reagent Consumption'!O49 -> 0 | AA35: ='Fuel Consumption'!D32 -> 1988 | AB35: ='Reagent Consumption'!Q49 -> 0 | AC35: ='Reagent Consumption'!P49 -> 0 | AD35: ='Reagent Consumption'!R49 -> 0 | AE35: ='Reagent Consumption'!S49 -> 0 | AF35: ='Reagent Consumption'!T49 -> 0 | AG35: ='Fuel Consumption'!D32 -> 1988
B36: 46277 | C36: =Crushing!N64 -> 328.77 | D36: =D35+C36 -> 2556.3666 | E36: =IFERROR(C36/I36,"") | F36: =AVERAGE('Rom File Inventory'!$T$136:$T$147) -> 0.52608333 | G36: =F36*C36 -> 172.96042 | H36: =G36/1000 -> 0.17296042 | I36: ='Crushing Down Time Hours'!L31 -> 0 | J36: ='Milling Down Time Hours'!Q19 -> 10 | K36: ='Crushing Down Time Hours'!M36 -> 0 | L36: ='Milling Down Time Hours'!R17 -> 0 | M36: 1 | N36: =IF(L36=100%,J36/24*100%,L36) -> 0 | T36: =(P36*R36)-(S36*P36) -> 0 | U36: =IFERROR((R36-S36)/R36,"") | Z36: ='Reagent Consumption'!O51 -> 0 | AA36: ='Fuel Consumption'!D33 -> 1588 | AB36: ='Reagent Consumption'!Q51 -> 0 | AC36: ='Reagent Consumption'!P51 -> 0 | AD36: ='Reagent Consumption'!R51 -> 0 | AE36: ='Reagent Consumption'!S51 -> 0 | AF36: ='Reagent Consumption'!T51 -> 0 | AG36: ='Fuel Consumption'!D33 -> 1588
B37: 46278 | C37: =Crushing!N66 -> 262.665 | D37: =D36+C37 -> 2819.0316 | E37: =IFERROR(C37/I37,"") | F37: =AVERAGE('Rom File Inventory'!T142:T155) -> 0.62457143 | G37: =F37*C37 -> 164.05305 | H37: =G37/1000 -> 0.16405305 | I37: ='Crushing Down Time Hours'!L32 -> 0 | J37: ='Milling Down Time Hours'!Q20 -> 24 | K37: ='Crushing Down Time Hours'!M37 -> 0 | L37: ='Milling Down Time Hours'!R18 -> 0 | M37: 1 | N37: =IF(L37=100%,J37/24*100%,L37) -> 0 | T37: =(P37*R37)-(S37*P37) -> 0 | U37: =IFERROR((R37-S37)/R37,"") | Z37: ='Reagent Consumption'!O52 -> 0 | AA37: ='Fuel Consumption'!D34 -> 2109 | AB37: ='Reagent Consumption'!Q52 -> 0 | AC37: ='Reagent Consumption'!P52 -> 0 | AD37: ='Reagent Consumption'!R52 -> 0 | AE37: ='Reagent Consumption'!S52 -> 0 | AF37: ='Reagent Consumption'!T52 -> 0 | AG37: ='Fuel Consumption'!D34 -> 2109
B38: 46279 | C38: =Crushing!N68 -> 0 | D38: =D37+C38 -> 2819.0316 | E38: =IFERROR(C38/I38,"") | G38: =F38*C38 -> 0 | H38: =G38/1000 -> 0 | I38: ='Crushing Down Time Hours'!L33 -> 0 | J38: ='Milling Down Time Hours'!Q21 -> 22.933333 | K38: ='Crushing Down Time Hours'!M38 -> 0 | L38: ='Milling Down Time Hours'!R19 -> 0.41666667 | M38: 1 | N38: =IF(L38=100%,J38/24*100%,L38) -> 0.41666667 | U38: =IFERROR((R38-S38)/R38,"") | Z38: ='Reagent Consumption'!O54 -> 0 | AA38: ='Fuel Consumption'!D35 -> 2436 | AB38: ='Reagent Consumption'!Q54 -> 0 | AC38: ='Reagent Consumption'!P54 -> 0 | AD38: ='Reagent Consumption'!R54 -> 0 | AE38: ='Reagent Consumption'!S54 -> 0 | AF38: ='Reagent Consumption'!T54 -> 0 | AG38: ='Fuel Consumption'!D35 -> 2436
B39: 46280 | C39: =Crushing!N54 -> 0 | D39: =D38+C39 -> 2819.0316 | E39: =IFERROR(C39/I39,"") | G39: =F39*C39 -> 0 | H39: =G39/1000 -> 0 | I39: ='Crushing Down Time Hours'!L34 -> 0 | J39: ='Milling Down Time Hours'!Q22 -> 24 | K39: ='Crushing Down Time Hours'!M39 -> 0 | L39: ='Milling Down Time Hours'!R20 -> 1 | M39: 1 | N39: =IF(L39=100%,J39/24*100%,L39) -> 1 | U39: =IFERROR((R39-S39)/R39,"") | Z39: ='Reagent Consumption'!O56 -> 0 | AA39: ='Fuel Consumption'!D36 -> 2232 | AB39: ='Reagent Consumption'!Q56 -> 0 | AC39: ='Reagent Consumption'!P56 -> 0 | AD39: ='Reagent Consumption'!R56 -> 0 | AE39: ='Reagent Consumption'!S56 -> 0 | AF39: ='Reagent Consumption'!T56 -> 0 | AG39: ='Fuel Consumption'!D36 -> 2232
B40: 46281 | C40: =Crushing!N55 -> 0 | D40: =D39+C40 -> 2819.0316 | E40: =IFERROR(C40/I40,"") | G40: =F40*C40 -> 0 | H40: =G40/1000 -> 0 | I40: ='Crushing Down Time Hours'!L35 -> 0 | J40: ='Milling Down Time Hours'!Q23 -> 21.083333 | K40: ='Crushing Down Time Hours'!M40 -> 0 | L40: ='Milling Down Time Hours'!R21 -> 0.95555556 | M40: 1 | N40: =IF(L40=100%,J40/24*100%,L40) -> 0.95555556 | U40: =IFERROR((R40-S40)/R40,"") | Z40: ='Reagent Consumption'!O57 -> 0 | AA40: ='Fuel Consumption'!D37 -> 1968 | AB40: ='Reagent Consumption'!Q57 -> 0 | AC40: ='Reagent Consumption'!P57 -> 0 | AD40: ='Reagent Consumption'!R57 -> 0 | AE40: ='Reagent Consumption'!S57 -> 0 | AF40: ='Reagent Consumption'!T57 -> 0 | AG40: ='Fuel Consumption'!D37 -> 1968
B41: 46282 | C41: =Crushing!N56 -> 0 | D41: =D40+C41 -> 2819.0316 | E41: =IFERROR(C41/I41,"") | G41: =F41*C41 -> 0 | H41: =G41/1000 -> 0 | I41: ='Crushing Down Time Hours'!L36 -> 0 | J41: ='Milling Down Time Hours'!Q24 -> 18 | K41: ='Crushing Down Time Hours'!M41 -> 0 | L41: ='Milling Down Time Hours'!R22 -> 1 | M41: 1 | N41: =IF(L41=100%,J41/24*100%,L41) -> 0.75 | U41: =IFERROR((R41-S41)/R41,"") | Z41: ='Reagent Consumption'!O58 -> 0 | AA41: ='Fuel Consumption'!D38 -> 0 | AB41: ='Reagent Consumption'!Q58 -> 0 | AC41: ='Reagent Consumption'!P58 -> 0 | AD41: ='Reagent Consumption'!R58 -> 0 | AE41: ='Reagent Consumption'!S58 -> 0 | AF41: ='Reagent Consumption'!T58 -> 0 | AG41: ='Fuel Consumption'!D38 -> 0
B42: 46283 | C42: =Crushing!N76 -> 201.24 | D42: =D41+C42 -> 3020.2716 | E42: =IFERROR(C42/I42,"") | F42: =F43 -> 0.58594118 | G42: =F42*C42 -> 117.9148 | H42: =G42/1000 -> 0.1179148 | I42: ='Crushing Down Time Hours'!L37 -> 0 | J42: ='Milling Down Time Hours'!Q25 -> 0 | K42: ='Crushing Down Time Hours'!M42 -> 0 | L42: ='Milling Down Time Hours'!R23 -> 0.87847222 | M42: 1 | N42: =IF(L42=100%,J42/24*100%,L42) -> 0.87847222 | U42: =IFERROR((R42-S42)/R42,"") | Z42: ='Reagent Consumption'!O59 -> 0 | AA42: ='Fuel Consumption'!D39 -> 0 | AB42: ='Reagent Consumption'!Q59 -> 0 | AC42: ='Reagent Consumption'!P59 -> 0 | AD42: ='Reagent Consumption'!R59 -> 0 | AE42: ='Reagent Consumption'!S59 -> 0 | AF42: ='Reagent Consumption'!T59 -> 0 | AG42: ='Fuel Consumption'!D39 -> 0
B43: 46284 | C43: =Crushing!N78 -> 324.2096 | D43: =D42+C43 -> 3344.4812 | E43: =IFERROR(C43/I43,"") | F43: =AVERAGE('Rom File Inventory'!T150:T166) -> 0.58594118 | G43: =F43*C43 -> 189.96775 | H43: =G43/1000 -> 0.18996775 | I43: ='Crushing Down Time Hours'!L38 -> 0 | J43: ='Milling Down Time Hours'!Q26 -> 13.916667 | K43: ='Crushing Down Time Hours'!M43 -> 0.49962121 | L43: ='Milling Down Time Hours'!R24 -> 0.75 | M43: 1 | N43: =IF(L43=100%,J43/24*100%,L43) -> 0.75 | U43: =IFERROR((R43-S43)/R43,"") | Z43: ='Reagent Consumption'!O60 -> 0 | AA43: ='Fuel Consumption'!D40 -> 0 | AB43: ='Reagent Consumption'!Q60 -> 0 | AC43: ='Reagent Consumption'!P60 -> 0 | AD43: ='Reagent Consumption'!R60 -> 0 | AE43: ='Reagent Consumption'!S60 -> 0 | AF43: ='Reagent Consumption'!T60 -> 0 | AG43: ='Fuel Consumption'!D40 -> 0
B44: 46285 | C44: =Crushing!N81 -> 209.989 | D44: =D43+C44 -> 3554.4702 | E44: =IFERROR(C44/I44,"") | F44: =IFERROR(AVERAGE('Rom File Inventory'!T167:T179),"") -> 0.86646154 | G44: =IFERROR(F44*C44,"") -> 181.94739 | H44: =IFERROR(G44/1000,"") -> 0.18194739 | I44: ='Crushing Down Time Hours'!L39 -> 0 | J44: ='Milling Down Time Hours'!Q27 -> 21.25 | K44: ='Crushing Down Time Hours'!M44 -> 0 | L44: ='Milling Down Time Hours'!R25 -> 0 | M44: 1 | N44: =IF(L44=100%,J44/24*100%,L44) -> 0 | U44: =IFERROR((R44-S44)/R44,"") | Z44: ='Reagent Consumption'!O61 -> 0 | AA44: ='Fuel Consumption'!D41 -> 0 | AB44: ='Reagent Consumption'!Q61 -> 0 | AC44: ='Reagent Consumption'!P61 -> 0 | AD44: ='Reagent Consumption'!R61 -> 0 | AE44: ='Reagent Consumption'!S61 -> 0 | AF44: ='Reagent Consumption'!T61 -> 0 | AG44: ='Fuel Consumption'!D41 -> 0
B45: 46286 | C45: =Crushing!N84 -> 248.43 | D45: =D44+C45 -> 3802.9002 | E45: =IFERROR(C45/I45,"") | F45: =AVERAGE('Rom File Inventory'!T180:T189) -> 0.7489 | G45: =F45*C45 -> 186.04923 | H45: =G45/1000 -> 0.18604923 | I45: ='Crushing Down Time Hours'!L40 -> 0 | K45: ='Crushing Down Time Hours'!M45 -> 0 | L45: ='Milling Down Time Hours'!R26 -> 0.57986111 | M45: 1 | N45: =IF(L45=100%,J45/24*100%,L45) -> 0.57986111 | U45: =IFERROR((R45-S45)/R45,"") | Z45: ='Reagent Consumption'!O63 -> 0 | AA45: ='Fuel Consumption'!D42 -> 0 | AB45: ='Reagent Consumption'!Q63 -> 0 | AC45: ='Reagent Consumption'!P63 -> 0 | AD45: ='Reagent Consumption'!R63 -> 0 | AE45: ='Reagent Consumption'!S63 -> 0 | AF45: ='Reagent Consumption'!T63 -> 0 | AG45: ='Fuel Consumption'!D42 -> 0
B46: 46287 | C46: =Crushing!N86 -> 133.38 | D46: =D45+C46 -> 3936.2802 | E46: =IFERROR(C46/I46,"") | F46: =AVERAGE('Rom File Inventory'!T190:T193) -> 1.21225 | G46: =F46*C46 -> 161.68991 | H46: =G46/1000 -> 0.16168991 | I46: ='Crushing Down Time Hours'!L41 -> 0 | L46: ='Milling Down Time Hours'!R27 -> 0.88541667 | M46: 1 | N46: =IF(L46=100%,J46/24*100%,L46) -> 0.88541667 | U46: =IFERROR((R46-S46)/R46,"") | Z46: ='Reagent Consumption'!O64 -> 0 | AA46: ='Fuel Consumption'!D43 -> 0 | AB46: ='Reagent Consumption'!Q64 -> 0 | AC46: ='Reagent Consumption'!P64 -> 0 | AD46: ='Reagent Consumption'!R64 -> 0 | AE46: ='Reagent Consumption'!S64 -> 0 | AF46: ='Reagent Consumption'!T64 -> 0 | AG46: ='Fuel Consumption'!D43 -> 0
B47: 46288 | C47: =Crushing!N88 -> 402.636 | D47: =D46+C47 -> 4338.9162 | E47: =IFERROR(C47/I47,"") | F47: =AVERAGE('Rom File Inventory'!T194:T205) -> 0.73433333 | G47: =F47*C47 -> 295.66904 | H47: =G47/1000 -> 0.29566904 | I47: ='Crushing Down Time Hours'!L42 -> 0 | L47: ='Milling Down Time Hours'!R28 -> 0.8125 | M47: 1 | N47: =IF(L47=100%,J47/24*100%,L47) -> 0.8125 | U47: =IFERROR((R47-S47)/R47,"") | Z47: ='Reagent Consumption'!O65 -> 0 | AA47: ='Fuel Consumption'!D44 -> 0 | AB47: ='Reagent Consumption'!Q65 -> 0 | AC47: ='Reagent Consumption'!P65 -> 0 | AD47: ='Reagent Consumption'!R65 -> 0 | AE47: ='Reagent Consumption'!S65 -> 0 | AF47: ='Reagent Consumption'!T65 -> 0 | AG47: ='Fuel Consumption'!D44 -> 0
B48: 46289 | C48: =Crushing!N90 -> 219.921 | D48: =D47+C48 -> 4558.8372 | E48: =IFERROR(C48/I48,"") -> 3.3346626 | F48: =AVERAGE('Rom File Inventory'!T207:T210) -> 0.65225 | G48: =F48*C48 -> 143.44347 | H48: =G48/1000 -> 0.14344347 | I48: ='Crushing Down Time Hours'!L43 -> 65.95 | L48: ='Milling Down Time Hours'!R29 -> 1 | M48: 1 | N48: =IF(L48=100%,J48/24*100%,L48) -> 0 | U48: =IFERROR((R48-S48)/R48,"") | Z48: ='Reagent Consumption'!O66 -> 0 | AA48: ='Fuel Consumption'!D45 -> 0 | AB48: ='Reagent Consumption'!Q66 -> 0 | AC48: ='Reagent Consumption'!P66 -> 0 | AD48: ='Reagent Consumption'!R66 -> 0 | AE48: ='Reagent Consumption'!S66 -> 0 | AF48: ='Reagent Consumption'!T66 -> 0 | AG48: ='Fuel Consumption'!D45 -> 0
B49: 46290 | D49: =D48+C49 -> 4558.8372 | E49: =IFERROR(C49/I49,"") -> 0 | G49: =F49*C49 -> 0 | H49: =G49/1000 -> 0 | I49: ='Crushing Down Time Hours'!L44 -> 0.61064815 | L49: ='Milling Down Time Hours'!R30 -> 0.38819444 | M49: 1 | N49: =IF(L49=100%,J49/24*100%,L49) -> 0.38819444 | U49: =IFERROR((R49-S49)/R49,"") | Z49: ='Reagent Consumption'!O67 -> 0 | AA49: ='Fuel Consumption'!D46 -> 0 | AB49: ='Reagent Consumption'!Q67 -> 0 | AC49: ='Reagent Consumption'!P67 -> 0 | AD49: ='Reagent Consumption'!R67 -> 0 | AE49: ='Reagent Consumption'!S67 -> 0 | AF49: ='Reagent Consumption'!T67 -> 0 | AG49: ='Fuel Consumption'!D46 -> 0
B50: 46291 | D50: =D49+C50 -> 4558.8372 | L50: ='Milling Down Time Hours'!R31 -> 0 | M50: 1 | N50: =IF(L50=100%,J50/24*100%,L50) -> 0 | U50: =IFERROR((R50-S50)/R50,"")
B51: 46292 | D51: =D50+C51 -> 4558.8372 | L51: ='Milling Down Time Hours'!R32 -> 0.79166667 | M51: 1 | N51: =IF(L51=100%,J51/24*100%,L51) -> 0.79166667 | U51: =IFERROR((R51-S51)/R51,"")
B52: 46293 | D52: =D51+C52 -> 4558.8372 | L52: ='Milling Down Time Hours'!R33 -> 0 | M52: 1 | N52: =IF(L52=100%,J52/24*100%,L52) -> 0 | U52: =IFERROR((R52-S52)/R52,"")
B53: 46294 | D53: =D52+C53 -> 4558.8372 | L53: ='Milling Down Time Hours'!R34 -> 0 | M53: 1 | N53: =IF(L53=100%,J53/24*100%,L53) -> 0 | U53: =IFERROR((R53-S53)/R53,"")
B54: 46295 | D54: =D53+C54 -> 4558.8372 | L54: ='Milling Down Time Hours'!R35 -> 0 | M54: 1 | N54: =IF(L54=100%,J54/24*100%,L54) -> 0 | U54: =IFERROR((R54-S54)/R54,"")
B55: 46296 | D55: =D54+C55 -> 4558.8372 | L55: ='Milling Down Time Hours'!R36 -> 0 | M55: 1 | N55: =IF(L55=100%,J55/24*100%,L55) -> 0 | U55: =IFERROR((R55-S55)/R55,"")
B56: Total | C56: =SUM(C7:C49) -> 4558.8372 | G56: =SUM(G7:G49) -> 3357.6484 | H56: =SUM(H7:H37) -> 2.0809668 | I56: ='Crushing Down Time Hours'!L45 -> 0 | O56: =SUM(O7:O36) -> 0 | P56: =SUM(P7:P36) -> 0 | Q56: =SUM(Q7:Q36) -> 0 | T56: =R56-S56 -> 0 | V56: =SUM(V7:V36) -> 0 | W56: =SUM(W7:W36) -> 0 | X56: =SUM(X7:X36) -> 0 | Y56: =SUM(Y7:Y36) -> 0 | Z56: =SUM(Z7:Z49) -> 3675 | AB56: =SUM(AB7:AB49) -> 2500 | AC56: =SUM(AC7:AC49) -> 3325 | AF56: =SUM(AF7:AF49) -> 175 | AG56: =SUM(AG7:AG37) -> 33194
B57: Average | C57: =AVERAGE(C7:C15) -> 155.81917 | E57: =AVERAGE(E7:E15) -> 19.543655 | F57: =AVERAGE(F7:F55) -> 0.81829134 | G57: =AVERAGE(G7:G37) -> 67.127961 | H57: =AVERAGE(H8:H36) -> 0.066100473 | I57: =AVERAGE(I7:I15) -> 9.1291667 | K57: =AVERAGE(K7:K17) -> 0.62619048 | L57: =AVERAGE(L8:L49) -> 0.41653439 | M57: =AVERAGE(M8:M36) -> 1 | N57: =AVERAGE(N8:N45) -> 0.37258772 | O57: =IFERROR(AVERAGE(O8:O36),"") | P57: =IFERROR(AVERAGE(P8:P36),"") | Q57: =IFERROR(AVERAGE(Q8:Q36),"") | V57: =AVERAGE(V8:V36) -> #DIV/0! | W57: =AVERAGE(W8:W36) -> #DIV/0! | X57: =AVERAGE(X8:X36) -> #DIV/0! | Y57: =AVERAGE(Y8:Y36) -> #DIV/0! | Z57: =AVERAGE(Z8:Z36) -> 126.72414 | AA57: =AVERAGE(AA8:AA36) -> 1060.8621 | AB57: =AVERAGE(AB8:AB36) -> 86.206897 | AC57: =AVERAGE(AC8:AC36) -> 114.65517 | AF57: =AVERAGE(AF8:AF36) -> 6.0344828
E59: Median | F59: =MEDIAN(F7:F49) -> 0.70261111
E60: Max | F60: =MAX(F7:F17) -> 1.45 | W60: Au Grade
E61: Min | F61: =MIN(F7,F9:F19) -> 0.442 | W61: Median | X61: =F59 -> 0.70261111
G62: Metal Content (gr) | W62: Average | X62: =F57 -> 0.81829134 | AI62: =0.6*1.4 -> 0.84
F63: Estimate By Metal Contenct | G63: =G56/C56 -> 0.73651421 | W63: Min | X63: =F61 -> 0.442
W64: Max | X64: =F60 -> 1.45
W66: Tonage Production Average
W67: Tpd | X67: =C57 -> 155.81917
W68: Tph | X68: =E57 -> 19.543655

Sheet Reagent Consumption
B1: Data Reagent Additional and Reagent Consumption Processing Plant
B2: PT Bulawan Daya Lestari
B3: Metalurgi PT BDL, PIC DYAN RAMDHANI
A5: Data ragents consumption | D5: Leaching | G5: Goldroom | J5: Thickener Tank | L5: Crushing | U5: Gold Rom
A6: Date | B6: Shift | C6: PIC | D6: Sandios (kg) : | E6: Lime (kg) : | F6: Carbon (kg) : | G6: NaCN (kg) : | H6: NaOH (kg) : | I6: HCL (Jerigen) : | J6: Lime (kg) : | K6: Floculant (kg) : | L6: Cement (kg) | N6: Date | O6: Sandios (kg) : | P6: Lime (kg) : | Q6: Carbon (kg) : | R6: NaOH (kg) : | S6: HCL (Jerigen) : | T6: Floculant (kg) : | U6: NaCN (kg) : | V6: HCL (jerigen) | X6: Reagent Additional (kg)
A7: 46262 | B7: Day | C7: Hadi/Yan | N7: 46262 | O7: =SUMIF($A$7:$A$109,N7,$D$7:$D$109) -> 0 | P7: =SUMIF(A$7:A$52,N7,E$7:E$52)+SUMIF(A$7:A$52,N7,J$7:J$52) -> 0 | Q7: =SUMIF(A$7:A$142,N7,F$7:F$142) -> 0 | R7: =SUMIF(A$7:A$71,N7,H$7:H$72) -> 0 | S7: =SUMIF(A$7:A$72,N7,I$7:I$72) -> 0 | T7: =SUMIF(A$7:A$72,N7,K$7:K$72) -> 0 | U7: =SUMIF(A$7:A$72,N7,G$7:G$72) -> 0 | V7: =SUMIF(A$7:A$72,N7,I$7:I$72) -> 0 | X7: Sandios (kg) | Y7: Lime (kg) | Z7: Carbon (kg) | AA7: Floculant (kg) | AB7: NaOH (kg) | AC7: Hcl (jerigen) | AD7: NaCN (kg)
A8: 46263 | N8: 46263 | O8: =SUMIF($A$7:$A$109,N8,$D$7:$D$109) -> 0 | P8: =SUMIF(A$7:A$52,N8,E$7:E$52)+SUMIF(A$7:A$52,N8,J$7:J$52) -> 0 | Q8: =SUMIF(A$7:A$142,N8,F$7:F$142) -> 0 | R8: =SUMIF(A$7:A$71,N8,H$7:H$72) -> 0 | S8: =SUMIF(A$7:A$72,N8,I$7:I$72) -> 0 | T8: =SUMIF(A$7:A$72,N8,K$7:K$72) -> 0 | U8: =SUMIF(A$7:A$72,N8,G$7:G$72) -> 0 | V8: =SUMIF(A$7:A$72,N8,I$7:I$72) -> 0 | X8: =O72+U72 -> 6050 | Y8: =P72 -> 4150 | Z8: =Q72 -> 4000 | AA8: =T72 -> 325 | AB8: =R72 -> 100 | AC8: =V72 -> 7 | AD8: =U72 -> 25
A9: 46264 | N9: 46264 | O9: =SUMIF($A$7:$A$109,N9,$D$7:$D$109) -> 0 | P9: =SUMIF(A$7:A$52,N9,E$7:E$52)+SUMIF(A$7:A$52,N9,J$7:J$52) -> 0 | Q9: =SUMIF(A$7:A$142,N9,F$7:F$142) -> 0 | R9: =SUMIF(A$7:A$71,N9,H$7:H$72) -> 0 | S9: =SUMIF(A$7:A$72,N9,I$7:I$72) -> 0 | T9: =SUMIF(A$7:A$72,N9,K$7:K$72) -> 0 | U9: =SUMIF(A$7:A$72,N9,G$7:G$72) -> 0 | V9: =SUMIF(A$7:A$72,N9,I$7:I$72) -> 0 | AP9: =30/1.16 -> 25.862069
A10: 46265 | B10: Day | C10: Hadi/Yan | D10: 150 | E10: 250 | N10: 46265 | O10: =SUMIF($A$7:$A$109,N10,$D$7:$D$109) -> 150 | P10: =SUMIF(A$7:A$52,N10,E$7:E$52)+SUMIF(A$7:A$52,N10,J$7:J$52) -> 250 | Q10: =SUMIF(A$7:A$142,N10,F$7:F$142) -> 0 | R10: =SUMIF(A$7:A$71,N10,H$7:H$72) -> 0 | S10: =SUMIF(A$7:A$72,N10,I$7:I$72) -> 0 | T10: =SUMIF(A$7:A$72,N10,K$7:K$72) -> 0 | U10: =SUMIF(A$7:A$72,N10,G$7:G$72) -> 0 | V10: =SUMIF(A$7:A$72,N10,I$7:I$72) -> 0 | X10: Reagent Consumption
A11: 46266 | B11: Day | C11: Yanli/Hadi | D11: 100 | E11: 1250 | F11: 1000 | K11: 25 | N11: 46266 | O11: =SUMIF($A$7:$A$109,N11,$D$7:$D$109) -> 225 | P11: =SUMIF(A$7:A$52,N11,E$7:E$52)+SUMIF(A$7:A$52,N11,J$7:J$52) -> 1250 | Q11: =SUMIF(A$7:A$142,N11,F$7:F$142) -> 1000 | R11: =SUMIF(A$7:A$71,N11,H$7:H$72) -> 0 | S11: =SUMIF(A$7:A$72,N11,I$7:I$72) -> 0 | T11: =SUMIF(A$7:A$72,N11,K$7:K$72) -> 25 | U11: =SUMIF(A$7:A$72,N11,G$7:G$72) -> 0 | V11: =SUMIF(A$7:A$72,N11,I$7:I$72) -> 0 | X11: =X8/'Au Cal Leaching Tank'!$N$61 -> 1.5146571 | Y11: =Y8/'Au Cal Leaching Tank'!$N$61 -> 1.0389796 | Z11: =Z8/'Au Cal Leaching Tank'!$N$61 -> 1.0014262 | AA11: =AA8/'Au Cal Leaching Tank'!$N$61 -> 0.081365875 | AB11: =AB8/'Au Cal Leaching Tank'!$N$61 -> 0.025035654 | AC11: =(AC8*30)/'Au Cal Leaching Tank'!$N$61 -> 0.052574873 | AD11: =AD8/'Au Cal Leaching Tank'!$N$61 -> 0.0062589135
A12: 46266 | B12: Night | C12: Kristo/Ulan | D12: 125 | N12: 46267 | O12: =SUMIF($A$7:$A$109,N12,$D$7:$D$109) -> 275 | P12: =SUMIF(A$7:A$52,N12,E$7:E$52)+SUMIF(A$7:A$52,N12,J$7:J$52) -> 500 | Q12: =SUMIF(A$7:A$142,N12,F$7:F$142) -> 1000 | R12: =SUMIF(A$7:A$71,N12,H$7:H$72) -> 0 | S12: =SUMIF(A$7:A$72,N12,I$7:I$72) -> 0 | T12: =SUMIF(A$7:A$72,N12,K$7:K$72) -> 25 | U12: =SUMIF(A$7:A$72,N12,G$7:G$72) -> 0 | V12: =SUMIF(A$7:A$72,N12,I$7:I$72) -> 0 | X12: Sandios (kg/t) | Y12: Lime (kg/t) | Z12: Carbon (kg/t) | AA12: Floculant (kg/t) | AB12: NaOH (kg/t) | AC12: HCL (L/t) | AD12: NaCN (kg/t)
A13: 46267 | B13: Day | C13: Yanli/Hadi | D13: 150 | E13: 500 | K13: 25 | N13: 46268 | O13: =SUMIF($A$7:$A$109,N13,$D$7:$D$109) -> 100 | P13: =SUMIF(A$7:A$52,N13,E$7:E$52)+SUMIF(A$7:A$52,N13,J$7:J$52) -> 250 | Q13: =SUMIF(A$7:A$142,N13,F$7:F$142) -> 0 | R13: =SUMIF(A$7:A$71,N13,H$7:H$72) -> 0 | S13: =SUMIF(A$7:A$72,N13,I$7:I$72) -> 0 | T13: =SUMIF(A$7:A$72,N13,K$7:K$72) -> 0 | U13: =SUMIF(A$7:A$72,N13,G$7:G$72) -> 0 | V13: =SUMIF(A$7:A$72,N13,I$7:I$72) -> 0
A14: 46267 | B14: Night | C14: Kristo/Ulan | D14: 125 | F14: 1000 | N14: 46269 | O14: =SUMIF($A$7:$A$109,N14,$D$7:$D$109) -> 0 | P14: =SUMIF(A$7:A$52,N14,E$7:E$52)+SUMIF(A$7:A$52,N14,J$7:J$52) -> 0 | Q14: =SUMIF(A$7:A$142,N14,F$7:F$142) -> 0 | R14: =SUMIF(A$7:A$71,N14,H$7:H$72) -> 0 | S14: =SUMIF(A$7:A$72,N14,I$7:I$72) -> 0 | T14: =SUMIF(A$7:A$72,N14,K$7:K$72) -> 25 | U14: =SUMIF(A$7:A$72,N14,G$7:G$72) -> 0 | V14: =SUMIF(A$7:A$72,N14,I$7:I$72) -> 0
A15: 46268 | B15: Day | C15: Yanli/Hadi | D15: 100 | E15: 250 | N15: 46270 | O15: =SUMIF($A$7:$A$109,N15,$D$7:$D$109) -> 100 | P15: =SUMIF(A$7:A$52,N15,E$7:E$52)+SUMIF(A$7:A$52,N15,J$7:J$52) -> 0 | Q15: =SUMIF(A$7:A$142,N15,F$7:F$142) -> 0 | R15: =SUMIF(A$7:A$71,N15,H$7:H$72) -> 0 | S15: =SUMIF(A$7:A$72,N15,I$7:I$72) -> 0 | T15: =SUMIF(A$7:A$72,N15,K$7:K$72) -> 0 | U15: =SUMIF(A$7:A$72,N15,G$7:G$72) -> 0 | V15: =SUMIF(A$7:A$72,N15,I$7:I$72) -> 0
A16: 46269 | B16: Day | C16: Yanli/Hadi | K16: 25 | N16: 46271 | O16: =SUMIF($A$7:$A$109,N16,$D$7:$D$109) -> 175 | P16: =SUMIF(A$7:A$52,N16,E$7:E$52)+SUMIF(A$7:A$52,N16,J$7:J$52) -> 500 | Q16: =SUMIF(A$7:A$142,N16,F$7:F$142) -> 0 | R16: =SUMIF(A$7:A$71,N16,H$7:H$72) -> 0 | S16: =SUMIF(A$7:A$72,N16,I$7:I$72) -> 0 | T16: =SUMIF(A$7:A$72,N16,K$7:K$72) -> 0 | U16: =SUMIF(A$7:A$72,N16,G$7:G$72) -> 0 | V16: =SUMIF(A$7:A$72,N16,I$7:I$72) -> 0 | Y16: =1200000 -> 1200000 | Z16: =1700000 -> 1700000
A17: 46270 | B17: Night | C17: Kristo/Ulan | D17: 100 | N17: 46272 | O17: =SUMIF($A$7:$A$109,N17,$D$7:$D$109) -> 300 | P17: =SUMIF(A$7:A$52,N17,E$7:E$52)+SUMIF(A$7:A$52,N17,J$7:J$52) -> 750 | Q17: =SUMIF(A$7:A$142,N17,F$7:F$142) -> 0 | R17: =SUMIF(A$7:A$71,N17,H$7:H$72) -> 0 | S17: =SUMIF(A$7:A$72,N17,I$7:I$72) -> 0 | T17: =SUMIF(A$7:A$72,N17,K$7:K$72) -> 0 | U17: =SUMIF(A$7:A$72,N17,G$7:G$72) -> 0 | V17: =SUMIF(A$7:A$72,N17,I$7:I$72) -> 0 | Y17: =Y16/25 -> 48000 | Z17: =Z16/25 -> 68000
A18: 46271 | B18: Day | C18: Yanli/Hadi | D18: 175 | E18: 500 | N18: 46273 | O18: =SUMIF($A$7:$A$109,N18,$D$7:$D$109) -> 175 | P18: =SUMIF(A$7:A$52,N18,E$7:E$52)+SUMIF(A$7:A$52,N18,J$7:J$52) -> 0 | Q18: =SUMIF(A$7:A$142,N18,F$7:F$142) -> 0 | R18: =SUMIF(A$7:A$71,N18,H$7:H$72) -> 0 | S18: =SUMIF(A$7:A$72,N18,I$7:I$72) -> 0 | T18: =SUMIF(A$7:A$72,N18,K$7:K$72) -> 0 | U18: =SUMIF(A$7:A$72,N18,G$7:G$72) -> 0 | V18: =SUMIF(A$7:A$72,N18,I$7:I$72) -> 0
A19: 46272 | B19: Day | C19: Ulan | D19: 150 | E19: 750 | N19: 46274 | O19: =SUMIF($A$7:$A$109,N19,$D$7:$D$109) -> 175 | P19: =SUMIF(A$7:A$52,N19,E$7:E$52)+SUMIF(A$7:A$52,N19,J$7:J$52) -> 0 | Q19: =SUMIF(A$7:A$142,N19,F$7:F$142) -> 0 | R19: =SUMIF(A$7:A$71,N19,H$7:H$72) -> 0 | S19: =SUMIF(A$7:A$72,N19,I$7:I$72) -> 0 | T19: =SUMIF(A$7:A$72,N19,K$7:K$72) -> 0 | U19: =SUMIF(A$7:A$72,N19,G$7:G$72) -> 0 | V19: =SUMIF(A$7:A$72,N19,I$7:I$72) -> 0
A20: 46272 | B20: Night | D20: 150 | N20: 46275 | O20: =SUMIF($A$7:$A$109,N20,$D$7:$D$109) -> 300 | P20: =SUMIF(A$7:A$52,N20,E$7:E$52)+SUMIF(A$7:A$52,N20,J$7:J$52) -> 0 | Q20: =SUMIF(A$7:A$142,N20,F$7:F$142) -> 500 | R20: =SUMIF(A$7:A$71,N20,H$7:H$72) -> 0 | S20: =SUMIF(A$7:A$72,N20,I$7:I$72) -> 0 | T20: =SUMIF(A$7:A$72,N20,K$7:K$72) -> 0 | U20: =SUMIF(A$7:A$72,N20,G$7:G$72) -> 0 | V20: =SUMIF(A$7:A$72,N20,I$7:I$72) -> 0 | X20: Reagent Price (Rp)
A21: 46273 | B21: Day | D21: 175 | N21: 46276 | O21: =SUMIF($A$7:$A$109,N21,$D$7:$D$109) -> 200 | P21: =SUMIF(A$7:A$52,N21,E$7:E$52)+SUMIF(A$7:A$52,N21,J$7:J$52) -> 0 | Q21: =SUMIF(A$7:A$142,N21,F$7:F$142) -> 500 | R21: =SUMIF(A$7:A$71,N21,H$7:H$72) -> 0 | S21: =SUMIF(A$7:A$72,N21,I$7:I$72) -> 0 | T21: =SUMIF(A$7:A$72,N21,K$7:K$72) -> 50 | U21: =SUMIF(A$7:A$72,N21,G$7:G$72) -> 0 | V21: =SUMIF(A$7:A$72,N21,I$7:I$72) -> 0 | X21: Sandios kg | Y21: Lime kg | Z21: Carbon | AA21: Flculant | AB21: NaOH kg | AC21: HCl/Jerigen
A22: 46274 | B22: Day | D22: 175 | N22: 46277 | O22: =SUMIF($A$7:$A$109,N22,$D$7:$D$109) -> 100 | P22: =SUMIF(A$7:A$52,N22,E$7:E$52)+SUMIF(A$7:A$52,N22,J$7:J$52) -> 0 | Q22: =SUMIF(A$7:A$142,N22,F$7:F$142) -> 0 | R22: =SUMIF(A$7:A$71,N22,H$7:H$72) -> 0 | S22: =SUMIF(A$7:A$72,N22,I$7:I$72) -> 0 | T22: =SUMIF(A$7:A$72,N22,K$7:K$72) -> 0 | U22: =SUMIF(A$7:A$72,N22,G$7:G$72) -> 0 | V22: =SUMIF(A$7:A$72,N22,I$7:I$72) -> 0 | X22: 68000 | Y22: 2300 | Z22: 44000 | AA22: 30000 | AB22: 28000 | AC22: 450000
A23: 46274 | B23: Night | N23: 46278 | O23: =SUMIF($A$7:$A$109,N23,$D$7:$D$109) -> 225 | P23: =SUMIF(A$7:A$52,N23,E$7:E$52)+SUMIF(A$7:A$52,N23,J$7:J$52) -> 0 | Q23: =SUMIF(A$7:A$142,N23,F$7:F$142) -> 0 | R23: =SUMIF(A$7:A$71,N23,H$7:H$72) -> 0 | S23: =SUMIF(A$7:A$72,N23,I$7:I$72) -> 0 | T23: =SUMIF(A$7:A$72,N23,K$7:K$72) -> 25 | U23: =SUMIF(A$7:A$72,N23,G$7:G$72) -> 0 | V23: =SUMIF(A$7:A$72,N23,I$7:I$72) -> 0
A24: 46275 | B24: Day | C24: Ulan/Kristo | D24: 150 | F24: 500 | N24: 46279 | O24: =SUMIF($A$7:$A$109,N24,$D$7:$D$109) -> 125 | P24: =SUMIF(A$7:A$52,N24,E$7:E$52)+SUMIF(A$7:A$52,N24,J$7:J$52) -> 0 | Q24: =SUMIF(A$7:A$142,N24,F$7:F$142) -> 0 | R24: =SUMIF(A$7:A$71,N24,H$7:H$72) -> 0 | S24: =SUMIF(A$7:A$72,N24,I$7:I$72) -> 0 | T24: =SUMIF(A$7:A$72,N24,K$7:K$72) -> 0 | U24: =SUMIF(A$7:A$72,N24,G$7:G$72) -> 0 | V24: =SUMIF(A$7:A$72,N24,I$7:I$72) -> 0 | X24: Total Estimasi Biaya Reagent Pengolahan
A25: 46275 | B25: Night | C25: Yanli/Hadi | D25: 150 | N25: 46280 | O25: =SUMIF($A$7:$A$109,N25,$D$7:$D$109) -> 375 | P25: =SUMIF(A$7:A$52,N25,E$7:E$52)+SUMIF(A$7:A$52,N25,J$7:J$52) -> 0 | Q25: =SUMIF(A$7:A$142,N25,F$7:F$142) -> 0 | R25: =SUMIF(A$7:A$71,N25,H$7:H$72) -> 0 | S25: =SUMIF(A$7:A$72,N25,I$7:I$72) -> 0 | T25: =SUMIF(A$7:A$72,N25,K$7:K$72) -> 25 | U25: =SUMIF(A$7:A$72,N25,G$7:G$72) -> 0 | V25: =SUMIF(A$7:A$72,N25,I$7:I$72) -> 0 | X25: Sandios | Y25: Lime | Z25: Carbon | AA25: Floculant | AB25: NaOH | AC25: HCl
A26: 46276 | B26: Day | C26: Ulan | D26: 200 | F26: 500 | K26: 50 | N26: 46281 | O26: =SUMIF($A$7:$A$109,N26,$D$7:$D$109) -> 200 | P26: =SUMIF(A$7:A$52,N26,E$7:E$52)+SUMIF(A$7:A$52,N26,J$7:J$52) -> 0 | Q26: =SUMIF(A$7:A$142,N26,F$7:F$142) -> 0 | R26: =SUMIF(A$7:A$71,N26,H$7:H$72) -> 0 | S26: =SUMIF(A$7:A$72,N26,I$7:I$72) -> 0 | T26: =SUMIF(A$7:A$72,N26,K$7:K$72) -> 0 | U26: =SUMIF(A$7:A$72,N26,G$7:G$72) -> 0 | V26: =SUMIF(A$7:A$72,N26,I$7:I$72) -> 0 | X26: =X22*X8 -> 411400000 | Y26: =Y22*Y8 -> 9545000 | Z26: =Z22*Z8 -> 176000000 | AA26: =AA22*AA8 -> 9750000 | AB26: =AB22*AB8 -> 2800000 | AC26: =AC22*AC8 -> 3150000
A27: 46277 | D27: 100 | N27: 46282 | O27: =SUMIF($A$7:$A$109,N27,$D$7:$D$109) -> 250 | P27: =SUMIF(A$7:A$52,N27,E$7:E$52)+SUMIF(A$7:A$52,N27,J$7:J$52) -> 0 | Q27: =SUMIF(A$7:A$142,N27,F$7:F$142) -> 0 | R27: =SUMIF(A$7:A$71,N27,H$7:H$72) -> 0 | S27: =SUMIF(A$7:A$72,N27,I$7:I$72) -> 0 | T27: =SUMIF(A$7:A$72,N27,K$7:K$72) -> 0 | U27: =SUMIF(A$7:A$72,N27,G$7:G$72) -> 0 | V27: =SUMIF(A$7:A$72,N27,I$7:I$72) -> 0 | X27: Total Estimasi Biaya Reagent Pengolahan | Z27: =SUM(X26:AC26) -> 612645000
A28: 46278 | D28: 225 | K28: 25 | N28: 46283 | O28: =SUMIF($A$7:$A$109,N28,$D$7:$D$109) -> 275 | P28: =SUMIF(A$7:A$52,N28,E$7:E$52)+SUMIF(A$7:A$52,N28,J$7:J$52) -> 325 | Q28: =SUMIF(A$7:A$142,N28,F$7:F$142) -> 0 | R28: =SUMIF(A$7:A$71,N28,H$7:H$72) -> 0 | S28: =SUMIF(A$7:A$72,N28,I$7:I$72) -> 0 | T28: =SUMIF(A$7:A$72,N28,K$7:K$72) -> 25 | U28: =SUMIF(A$7:A$72,N28,G$7:G$72) -> 0 | V28: =SUMIF(A$7:A$72,N28,I$7:I$72) -> 0 | X28: =X26/$Z$27 -> 0.6715145 | Y28: =Y26/$Z$27 -> 0.015579985 | Z28: =Z26/$Z$27 -> 0.28727893 | AA28: =AA26/$Z$27 -> 0.0159146 | AB28: =AB26/$Z$27 -> 0.0045703466 | AC28: =AC26/$Z$27 -> 0.0051416399
A29: 46279 | B29: Night | C29: Ulan | D29: 125 | N29: 46284 | O29: =SUMIF($A$7:$A$109,N29,$D$7:$D$109) -> 0 | P29: =SUMIF(A$7:A$52,N29,E$7:E$52)+SUMIF(A$7:A$52,N29,J$7:J$52) -> 0 | Q29: =SUMIF(A$7:A$142,N29,F$7:F$142) -> 0 | R29: =SUMIF(A$7:A$71,N29,H$7:H$72) -> 0 | S29: =SUMIF(A$7:A$72,N29,I$7:I$72) -> 0 | T29: =SUMIF(A$7:A$72,N29,K$7:K$72) -> 0 | U29: =SUMIF(A$7:A$72,N29,G$7:G$72) -> 0 | V29: =SUMIF(A$7:A$72,N29,I$7:I$72) -> 0
A30: 46280 | B30: Day | C30: Yan leee | D30: 150 | K30: 25 | N30: 46285 | O30: =SUMIF($A$7:$A$109,N30,$D$7:$D$109) -> 0 | P30: =SUMIF(A$7:A$52,N30,E$7:E$52)+SUMIF(A$7:A$52,N30,J$7:J$52) -> 0 | Q30: =SUMIF(A$7:A$142,N30,F$7:F$142) -> 0 | R30: =SUMIF(A$7:A$71,N30,H$7:H$72) -> 0 | S30: =SUMIF(A$7:A$72,N30,I$7:I$72) -> 0 | T30: =SUMIF(A$7:A$72,N30,K$7:K$72) -> 0 | U30: =SUMIF(A$7:A$72,N30,G$7:G$72) -> 0 | V30: =SUMIF(A$7:A$72,N30,I$7:I$72) -> 0
A31: 46280 | B31: Night | C31: Ulan | D31: 225 | N31: 46286 | O31: =SUMIF($A$7:$A$109,N31,$D$7:$D$109) -> 175 | P31: =SUMIF(A$7:A$52,N31,E$7:E$52)+SUMIF(A$7:A$52,N31,J$7:J$52) -> 0 | Q31: =SUMIF(A$7:A$142,N31,F$7:F$142) -> 0 | R31: =SUMIF(A$7:A$71,N31,H$7:H$72) -> 0 | S31: =SUMIF(A$7:A$72,N31,I$7:I$72) -> 0 | T31: =SUMIF(A$7:A$72,N31,K$7:K$72) -> 0 | U31: =SUMIF(A$7:A$72,N31,G$7:G$72) -> 0 | V31: =SUMIF(A$7:A$72,N31,I$7:I$72) -> 0
A32: 46281 | B32: Day | C32: Yan leee Huang | D32: 175 | N32: 46287 | O32: =SUMIF($A$7:$A$109,N32,$D$7:$D$109) -> 250 | P32: =SUMIF(A$7:A$52,N32,E$7:E$52)+SUMIF(A$7:A$52,N32,J$7:J$52) -> 0 | Q32: =SUMIF(A$7:A$142,N32,F$7:F$142) -> 0 | R32: =SUMIF(A$7:A$71,N32,H$7:H$72) -> 0 | S32: =SUMIF(A$7:A$72,N32,I$7:I$72) -> 0 | T32: =SUMIF(A$7:A$72,N32,K$7:K$72) -> 50 | U32: =SUMIF(A$7:A$72,N32,G$7:G$72) -> 0 | V32: =SUMIF(A$7:A$72,N32,I$7:I$72) -> 0
A33: 46281 | B33: Night | C33: Ulan | D33: 25 | N33: 46288 | O33: =SUMIF($A$7:$A$109,N33,$D$7:$D$109) -> 125 | P33: =SUMIF(A$7:A$52,N33,E$7:E$52)+SUMIF(A$7:A$52,N33,J$7:J$52) -> 0 | Q33: =SUMIF(A$7:A$142,N33,F$7:F$142) -> 0 | R33: =SUMIF(A$7:A$71,N33,H$7:H$72) -> 0 | S33: =SUMIF(A$7:A$72,N33,I$7:I$72) -> 0 | T33: =SUMIF(A$7:A$72,N33,K$7:K$72) -> 0 | U33: =SUMIF(A$7:A$72,N33,G$7:G$72) -> 0 | V33: =SUMIF(A$7:A$72,N33,I$7:I$72) -> 0
A34: 46282 | B34: Day | D34: 125 | N34: 46289 | O34: =SUMIF($A$7:$A$109,N34,$D$7:$D$109) -> 675 | P34: =SUMIF(A$7:A$52,N34,E$7:E$52)+SUMIF(A$7:A$52,N34,J$7:J$52) -> 325 | Q34: =SUMIF(A$7:A$142,N34,F$7:F$142) -> 0 | R34: =SUMIF(A$7:A$71,N34,H$7:H$72) -> 0 | S34: =SUMIF(A$7:A$72,N34,I$7:I$72) -> 0 | T34: =SUMIF(A$7:A$72,N34,K$7:K$72) -> 25 | U34: =SUMIF(A$7:A$72,N34,G$7:G$72) -> 0 | V34: =SUMIF(A$7:A$72,N34,I$7:I$72) -> 0
A35: 46282 | B35: Night | D35: 125 | N35: 46290 | O35: =SUMIF($A$7:$A$109,N35,$D$7:$D$109) -> 175 | P35: =SUMIF(A$7:A$52,N35,E$7:E$52)+SUMIF(A$7:A$52,N35,J$7:J$52) -> 0 | Q35: =SUMIF(A$7:A$142,N35,F$7:F$142) -> 0 | R35: =SUMIF(A$7:A$71,N35,H$7:H$72) -> 0 | S35: =SUMIF(A$7:A$72,N35,I$7:I$72) -> 0 | T35: =SUMIF(A$7:A$72,N35,K$7:K$72) -> 25 | U35: =SUMIF(A$7:A$72,N35,G$7:G$72) -> 0 | V35: =SUMIF(A$7:A$72,N35,I$7:I$72) -> 0
A36: 46283 | B36: Day | D36: 50 | E36: 325 | K36: 25 | N36: 46291 | O36: =SUMIF($A$7:$A$109,N36,$D$7:$D$109) -> 0 | P36: =SUMIF(A$7:A$52,N36,E$7:E$52)+SUMIF(A$7:A$52,N36,J$7:J$52) -> 0 | Q36: =SUMIF(A$7:A$142,N36,F$7:F$142) -> 0 | R36: =SUMIF(A$7:A$71,N36,H$7:H$72) -> 0 | S36: =SUMIF(A$7:A$72,N36,I$7:I$72) -> 0 | T36: =SUMIF(A$7:A$72,N36,K$7:K$72) -> 0 | U36: =SUMIF(A$7:A$72,N36,G$7:G$72) -> 0 | V36: =SUMIF(A$7:A$72,N36,I$7:I$72) -> 0
A37: 46283 | B37: Night | D37: 225 | N37: 46292 | O37: =SUMIF($A$7:$A$109,N37,$D$7:$D$109) -> 150 | P37: =SUMIF(A$7:A$52,N37,E$7:E$52)+SUMIF(A$7:A$52,N37,J$7:J$52) -> 0 | Q37: =SUMIF(A$7:A$142,N37,F$7:F$142) -> 0 | R37: =SUMIF(A$7:A$71,N37,H$7:H$72) -> 0 | S37: =SUMIF(A$7:A$72,N37,I$7:I$72) -> 0 | T37: =SUMIF(A$7:A$72,N37,K$7:K$72) -> 0 | U37: =SUMIF(A$7:A$72,N37,G$7:G$72) -> 0 | V37: =SUMIF(A$7:A$72,N37,I$7:I$72) -> 0
A38: 46284 | N38: 46293 | O38: =SUMIF($A$7:$A$109,N38,$D$7:$D$109) -> 175 | P38: =SUMIF(A$7:A$52,N38,E$7:E$52)+SUMIF(A$7:A$52,N38,J$7:J$52) -> 0 | Q38: =SUMIF(A$7:A$142,N38,F$7:F$142) -> 0 | R38: =SUMIF(A$7:A$71,N38,H$7:H$72) -> 0 | S38: =SUMIF(A$7:A$72,N38,I$7:I$72) -> 0 | T38: =SUMIF(A$7:A$72,N38,K$7:K$72) -> 25 | U38: =SUMIF(A$7:A$72,N38,G$7:G$72) -> 0 | V38: =SUMIF(A$7:A$72,N38,I$7:I$72) -> 0
A39: 46285 | B39: Day | C39: Kristo/Ulan | N39: 46294 | O39: =SUMIF($A$7:$A$109,N39,$D$7:$D$109) -> 175 | P39: =SUMIF(A$7:A$52,N39,E$7:E$52)+SUMIF(A$7:A$52,N39,J$7:J$52) -> 0 | Q39: =SUMIF(A$7:A$142,N39,F$7:F$142) -> 0 | R39: =SUMIF(A$7:A$71,N39,H$7:H$72) -> 0 | S39: =SUMIF(A$7:A$72,N39,I$7:I$72) -> 0 | T39: =SUMIF(A$7:A$72,N39,K$7:K$72) -> 0 | U39: =SUMIF(A$7:A$72,N39,G$7:G$72) -> 0 | V39: =SUMIF(A$7:A$72,N39,I$7:I$72) -> 0
A40: 46285 | B40: Night | N40: 46295 | O40: =SUMIF($A$7:$A$109,N40,$D$7:$D$109) -> 0 | P40: =SUMIF(A$7:A$52,N40,E$7:E$52)+SUMIF(A$7:A$52,N40,J$7:J$52) -> 0 | Q40: =SUMIF(A$7:A$142,N40,F$7:F$142) -> 0 | R40: =SUMIF(A$7:A$71,N40,H$7:H$72) -> 0 | S40: =SUMIF(A$7:A$72,N40,I$7:I$72) -> 0 | T40: =SUMIF(A$7:A$72,N40,K$7:K$72) -> 0 | U40: =SUMIF(A$7:A$72,N40,G$7:G$72) -> 0 | V40: =SUMIF(A$7:A$72,N40,I$7:I$72) -> 0
A41: 46286 | B41: Day | C41: Kristo Ulan | D41: 25 | N41: 46296 | O41: =SUMIF($A$7:$A$109,N41,$D$7:$D$109) -> 0 | P41: =SUMIF(A$7:A$52,N41,E$7:E$52)+SUMIF(A$7:A$52,N41,J$7:J$52) -> 0 | Q41: =SUMIF(A$7:A$142,N41,F$7:F$142) -> 0 | R41: =SUMIF(A$7:A$71,N41,H$7:H$72) -> 0 | S41: =SUMIF(A$7:A$72,N41,I$7:I$72) -> 0 | T41: =SUMIF(A$7:A$72,N41,K$7:K$72) -> 0 | U41: =SUMIF(A$7:A$72,N41,G$7:G$72) -> 0 | V41: =SUMIF(A$7:A$72,N41,I$7:I$72) -> 0
A42: 46286 | B42: Night | C42: Anja | D42: 150 | N42: 46297 | O42: =SUMIF($A$7:$A$109,N42,$D$7:$D$109) -> 0 | P42: =SUMIF(A$7:A$52,N42,E$7:E$52)+SUMIF(A$7:A$52,N42,J$7:J$52) -> 0 | Q42: =SUMIF(A$7:A$142,N42,F$7:F$142) -> 0 | R42: =SUMIF(A$7:A$71,N42,H$7:H$72) -> 0 | S42: =SUMIF(A$7:A$72,N42,I$7:I$72) -> 0 | T42: =SUMIF(A$7:A$72,N42,K$7:K$72) -> 0 | U42: =SUMIF(A$7:A$72,N42,G$7:G$72) -> 0 | V42: =SUMIF(A$7:A$72,N42,I$7:I$72) -> 0
A43: 46287 | B43: Day | C43: Kristo | D43: 125 | K43: 50 | N43: 46298 | O43: =SUMIF($A$7:$A$109,N43,$D$7:$D$109) -> 0 | P43: =SUMIF(A$7:A$52,N43,E$7:E$52)+SUMIF(A$7:A$52,N43,J$7:J$52) -> 0 | Q43: =SUMIF(A$7:A$142,N43,F$7:F$142) -> 0 | R43: =SUMIF(A$7:A$71,N43,H$7:H$72) -> 100 | S43: =SUMIF(A$7:A$72,N43,I$7:I$72) -> 7 | T43: =SUMIF(A$7:A$72,N43,K$7:K$72) -> 0 | U43: =SUMIF(A$7:A$72,N43,G$7:G$72) -> 25 | V43: =SUMIF(A$7:A$72,N43,I$7:I$72) -> 7
A44: 46287 | B44: Night | C44: Yanli/Hadi | D44: 125 | N44: 46299 | O44: =SUMIF($A$7:$A$109,N44,$D$7:$D$109) -> 175 | P44: =SUMIF(A$7:A$52,N44,E$7:E$52)+SUMIF(A$7:A$52,N44,J$7:J$52) -> 0 | Q44: =SUMIF(A$7:A$142,N44,F$7:F$142) -> 0 | R44: =SUMIF(A$7:A$71,N44,H$7:H$72) -> 0 | S44: =SUMIF(A$7:A$72,N44,I$7:I$72) -> 0 | T44: =SUMIF(A$7:A$72,N44,K$7:K$72) -> 0 | U44: =SUMIF(A$7:A$72,N44,G$7:G$72) -> 0 | V44: =SUMIF(A$7:A$72,N44,I$7:I$72) -> 0
A45: 46288 | B45: Day | C45: Ulan | D45: 50 | N45: 46300 | O45: =SUMIF($A$7:$A$109,N45,$D$7:$D$109) -> 225 | P45: =SUMIF(A$7:A$52,N45,E$7:E$52)+SUMIF(A$7:A$52,N45,J$7:J$52) -> 0 | Q45: =SUMIF(A$7:A$142,N45,F$7:F$142) -> 1000 | R45: =SUMIF(A$7:A$71,N45,H$7:H$72) -> 0 | S45: =SUMIF(A$7:A$72,N45,I$7:I$72) -> 0 | T45: =SUMIF(A$7:A$72,N45,K$7:K$72) -> 0 | U45: =SUMIF(A$7:A$72,N45,G$7:G$72) -> 0 | V45: =SUMIF(A$7:A$72,N45,I$7:I$72) -> 0
A46: 46288 | B46: Night | C46: Yanli/Hadi | D46: 75 | N46: 46301 | O46: =SUMIF($A$7:$A$109,N46,$D$7:$D$109) -> 0 | P46: =SUMIF(A$7:A$52,N46,E$7:E$52)+SUMIF(A$7:A$52,N46,J$7:J$52) -> 0 | Q46: =SUMIF(A$7:A$142,N46,F$7:F$142) -> 0 | R46: =SUMIF(A$7:A$71,N46,H$7:H$72) -> 0 | S46: =SUMIF(A$7:A$72,N46,I$7:I$72) -> 0 | T46: =SUMIF(A$7:A$72,N46,K$7:K$72) -> 0 | U46: =SUMIF(A$7:A$72,N46,G$7:G$72) -> 0 | V46: =SUMIF(A$7:A$72,N46,I$7:I$72) -> 0
A47: 46289 | B47: Day | C47: Kristo | D47: 325 | E47: 325 | K47: 25 | N47: 46302 | O47: =SUMIF($A$7:$A$109,N47,$D$7:$D$109) -> 0 | P47: =SUMIF(A$7:A$52,N47,E$7:E$52)+SUMIF(A$7:A$52,N47,J$7:J$52) -> 0 | Q47: =SUMIF(A$7:A$142,N47,F$7:F$142) -> 0 | R47: =SUMIF(A$7:A$71,N47,H$7:H$72) -> 0 | S47: =SUMIF(A$7:A$72,N47,I$7:I$72) -> 0 | T47: =SUMIF(A$7:A$72,N47,K$7:K$72) -> 0 | U47: =SUMIF(A$7:A$72,N47,G$7:G$72) -> 0 | V47: =SUMIF(A$7:A$72,N47,I$7:I$72) -> 0
A48: 46289 | B48: Night | C48: Yanli/Hadi | D48: 350 | N48: 46303 | O48: =SUMIF($A$7:$A$109,N48,$D$7:$D$109) -> 0 | P48: =SUMIF(A$7:A$52,N48,E$7:E$52)+SUMIF(A$7:A$52,N48,J$7:J$52) -> 0 | Q48: =SUMIF(A$7:A$142,N48,F$7:F$142) -> 0 | R48: =SUMIF(A$7:A$71,N48,H$7:H$72) -> 0 | S48: =SUMIF(A$7:A$72,N48,I$7:I$72) -> 0 | T48: =SUMIF(A$7:A$72,N48,K$7:K$72) -> 0 | U48: =SUMIF(A$7:A$72,N48,G$7:G$72) -> 0 | V48: =SUMIF(A$7:A$72,N48,I$7:I$72) -> 0
A49: 46290 | B49: Day | C49: Kristo | D49: 150 | K49: 25 | N49: 46304 | O49: =SUMIF($A$7:$A$109,N49,$D$7:$D$109) -> 0 | P49: =SUMIF(A$7:A$52,N49,E$7:E$52)+SUMIF(A$7:A$52,N49,J$7:J$52) -> 0 | Q49: =SUMIF(A$7:A$142,N49,F$7:F$142) -> 0 | R49: =SUMIF(A$7:A$71,N49,H$7:H$72) -> 0 | S49: =SUMIF(A$7:A$72,N49,I$7:I$72) -> 0 | T49: =SUMIF(A$7:A$72,N49,K$7:K$72) -> 0 | U49: =SUMIF(A$7:A$72,N49,G$7:G$72) -> 0 | V49: =SUMIF(A$7:A$72,N49,I$7:I$72) -> 0
A50: 46290 | B50: Night | D50: 25 | N50: 46305 | O50: =SUMIF($A$7:$A$109,N50,$D$7:$D$109) -> 0 | P50: =SUMIF(A$7:A$52,N50,E$7:E$52)+SUMIF(A$7:A$52,N50,J$7:J$52) -> 0 | Q50: =SUMIF(A$7:A$142,N50,F$7:F$142) -> 0 | R50: =SUMIF(A$7:A$71,N50,H$7:H$72) -> 0 | S50: =SUMIF(A$7:A$72,N50,I$7:I$72) -> 0 | T50: =SUMIF(A$7:A$72,N50,K$7:K$72) -> 0 | U50: =SUMIF(A$7:A$72,N50,G$7:G$72) -> 0 | V50: =SUMIF(A$7:A$72,N50,I$7:I$72) -> 0
A51: 46291 | N51: 46306 | O51: =SUMIF($A$7:$A$109,N51,$D$7:$D$109) -> 0 | P51: =SUMIF(A$7:A$52,N51,E$7:E$52)+SUMIF(A$7:A$52,N51,J$7:J$52) -> 0 | Q51: =SUMIF(A$7:A$142,N51,F$7:F$142) -> 0 | R51: =SUMIF(A$7:A$71,N51,H$7:H$72) -> 0 | S51: =SUMIF(A$7:A$72,N51,I$7:I$72) -> 0 | T51: =SUMIF(A$7:A$72,N51,K$7:K$72) -> 0 | U51: =SUMIF(A$7:A$72,N51,G$7:G$72) -> 0 | V51: =SUMIF(A$7:A$72,N51,I$7:I$72) -> 0
A52: 46292 | B52: Day | N52: 46307 | O52: =SUMIF($A$7:$A$109,N52,$D$7:$D$109) -> 0 | P52: =SUMIF(A$7:A$52,N52,E$7:E$52)+SUMIF(A$7:A$52,N52,J$7:J$52) -> 0 | Q52: =SUMIF(A$7:A$142,N52,F$7:F$142) -> 0 | R52: =SUMIF(A$7:A$71,N52,H$7:H$72) -> 0 | S52: =SUMIF(A$7:A$72,N52,I$7:I$72) -> 0 | T52: =SUMIF(A$7:A$72,N52,K$7:K$72) -> 0 | U52: =SUMIF(A$7:A$72,N52,G$7:G$72) -> 0 | V52: =SUMIF(A$7:A$72,N52,I$7:I$72) -> 0
A53: 46292 | B53: Night | C53: Kristo/Agung | D53: 150 | N53: 46308 | O53: =SUMIF($A$7:$A$109,N53,$D$7:$D$109) -> 0 | P53: =SUMIF(A$7:A$52,N53,E$7:E$52)+SUMIF(A$7:A$52,N53,J$7:J$52) -> 0 | Q53: =SUMIF(A$7:A$142,N53,F$7:F$142) -> 0 | R53: =SUMIF(A$7:A$71,N53,H$7:H$72) -> 0 | S53: =SUMIF(A$7:A$72,N53,I$7:I$72) -> 0 | T53: =SUMIF(A$7:A$72,N53,K$7:K$72) -> 0 | U53: =SUMIF(A$7:A$72,N53,G$7:G$72) -> 0 | V53: =SUMIF(A$7:A$72,N53,I$7:I$72) -> 0
A54: 46293 | B54: Day | C54: Hadi/Yan | D54: 75 | K54: 25 | N54: 46309 | O54: =SUMIF($A$7:$A$109,N54,$D$7:$D$109) -> 0 | P54: =SUMIF(A$7:A$52,N54,E$7:E$52)+SUMIF(A$7:A$52,N54,J$7:J$52) -> 0 | Q54: =SUMIF(A$7:A$142,N54,F$7:F$142) -> 0 | R54: =SUMIF(A$7:A$71,N54,H$7:H$72) -> 0 | S54: =SUMIF(A$7:A$72,N54,I$7:I$72) -> 0 | T54: =SUMIF(A$7:A$72,N54,K$7:K$72) -> 0 | U54: =SUMIF(A$7:A$72,N54,G$7:G$72) -> 0 | V54: =SUMIF(A$7:A$72,N54,I$7:I$72) -> 0
A55: 46293 | B55: Night | C55: Kristo | D55: 100 | N55: 46310 | O55: =SUMIF($A$7:$A$109,N55,$D$7:$D$109) -> 0 | P55: =SUMIF(A$7:A$52,N55,E$7:E$52)+SUMIF(A$7:A$52,N55,J$7:J$52) -> 0 | Q55: =SUMIF(A$7:A$142,N55,F$7:F$142) -> 0 | R55: =SUMIF(A$7:A$71,N55,H$7:H$72) -> 0 | S55: =SUMIF(A$7:A$72,N55,I$7:I$72) -> 0 | T55: =SUMIF(A$7:A$72,N55,K$7:K$72) -> 0 | U55: =SUMIF(A$7:A$72,N55,G$7:G$72) -> 0 | V55: =SUMIF(A$7:A$72,N55,I$7:I$72) -> 0
A56: 46294 | B56: Day | C56: Hadi/Yan | D56: 175 | N56: 46311 | O56: =SUMIF($A$7:$A$109,N56,$D$7:$D$109) -> 0 | P56: =SUMIF(A$7:A$52,N56,E$7:E$52)+SUMIF(A$7:A$52,N56,J$7:J$52) -> 0 | Q56: =SUMIF(A$7:A$142,N56,F$7:F$142) -> 0 | R56: =SUMIF(A$7:A$71,N56,H$7:H$72) -> 0 | S56: =SUMIF(A$7:A$72,N56,I$7:I$72) -> 0 | T56: =SUMIF(A$7:A$72,N56,K$7:K$72) -> 0 | U56: =SUMIF(A$7:A$72,N56,G$7:G$72) -> 0 | V56: =SUMIF(A$7:A$72,N56,I$7:I$72) -> 0
A57: 46295 | N57: 46312 | O57: =SUMIF($A$7:$A$109,N57,$D$7:$D$109) -> 0 | P57: =SUMIF(A$7:A$52,N57,E$7:E$52)+SUMIF(A$7:A$52,N57,J$7:J$52) -> 0 | Q57: =SUMIF(A$7:A$142,N57,F$7:F$142) -> 0 | R57: =SUMIF(A$7:A$71,N57,H$7:H$72) -> 0 | S57: =SUMIF(A$7:A$72,N57,I$7:I$72) -> 0 | T57: =SUMIF(A$7:A$72,N57,K$7:K$72) -> 0 | U57: =SUMIF(A$7:A$72,N57,G$7:G$72) -> 0 | V57: =SUMIF(A$7:A$72,N57,I$7:I$72) -> 0
A58: 46296 | N58: 46313 | O58: =SUMIF($A$7:$A$109,N58,$D$7:$D$109) -> 0 | P58: =SUMIF(A$7:A$52,N58,E$7:E$52)+SUMIF(A$7:A$52,N58,J$7:J$52) -> 0 | Q58: =SUMIF(A$7:A$142,N58,F$7:F$142) -> 0 | R58: =SUMIF(A$7:A$71,N58,H$7:H$72) -> 0 | S58: =SUMIF(A$7:A$72,N58,I$7:I$72) -> 0 | T58: =SUMIF(A$7:A$72,N58,K$7:K$72) -> 0 | U58: =SUMIF(A$7:A$72,N58,G$7:G$72) -> 0 | V58: =SUMIF(A$7:A$72,N58,I$7:I$72) -> 0
A59: 46297 | N59: 46314 | O59: =SUMIF($A$7:$A$109,N59,$D$7:$D$109) -> 0 | P59: =SUMIF(A$7:A$52,N59,E$7:E$52)+SUMIF(A$7:A$52,N59,J$7:J$52) -> 0 | Q59: =SUMIF(A$7:A$142,N59,F$7:F$142) -> 0 | R59: =SUMIF(A$7:A$71,N59,H$7:H$72) -> 0 | S59: =SUMIF(A$7:A$72,N59,I$7:I$72) -> 0 | T59: =SUMIF(A$7:A$72,N59,K$7:K$72) -> 0 | U59: =SUMIF(A$7:A$72,N59,G$7:G$72) -> 0 | V59: =SUMIF(A$7:A$72,N59,I$7:I$72) -> 0
A60: 46298 | B60: Day | G60: 25 | H60: 100 | I60: 7 | N60: 46315 | O60: =SUMIF($A$7:$A$109,N60,$D$7:$D$109) -> 0 | P60: =SUMIF(A$7:A$52,N60,E$7:E$52)+SUMIF(A$7:A$52,N60,J$7:J$52) -> 0 | Q60: =SUMIF(A$7:A$142,N60,F$7:F$142) -> 0 | R60: =SUMIF(A$7:A$71,N60,H$7:H$72) -> 0 | S60: =SUMIF(A$7:A$72,N60,I$7:I$72) -> 0 | T60: =SUMIF(A$7:A$72,N60,K$7:K$72) -> 0 | U60: =SUMIF(A$7:A$72,N60,G$7:G$72) -> 0 | V60: =SUMIF(A$7:A$72,N60,I$7:I$72) -> 0
A61: 46299 | B61: Day | N61: 46316 | O61: =SUMIF($A$7:$A$109,N61,$D$7:$D$109) -> 0 | P61: =SUMIF(A$7:A$52,N61,E$7:E$52)+SUMIF(A$7:A$52,N61,J$7:J$52) -> 0 | Q61: =SUMIF(A$7:A$142,N61,F$7:F$142) -> 0 | R61: =SUMIF(A$7:A$71,N61,H$7:H$72) -> 0 | S61: =SUMIF(A$7:A$72,N61,I$7:I$72) -> 0 | T61: =SUMIF(A$7:A$72,N61,K$7:K$72) -> 0 | U61: =SUMIF(A$7:A$72,N61,G$7:G$72) -> 0 | V61: =SUMIF(A$7:A$72,N61,I$7:I$72) -> 0
A62: 46299 | B62: Night | D62: 175 | N62: 46317 | O62: =SUMIF($A$7:$A$109,N62,$D$7:$D$109) -> 0 | P62: =SUMIF(A$7:A$52,N62,E$7:E$52)+SUMIF(A$7:A$52,N62,J$7:J$52) -> 0 | Q62: =SUMIF(A$7:A$142,N62,F$7:F$142) -> 0 | R62: =SUMIF(A$7:A$71,N62,H$7:H$72) -> 0 | S62: =SUMIF(A$7:A$72,N62,I$7:I$72) -> 0 | T62: =SUMIF(A$7:A$72,N62,K$7:K$72) -> 0 | U62: =SUMIF(A$7:A$72,N62,G$7:G$72) -> 0 | V62: =SUMIF(A$7:A$72,N62,I$7:I$72) -> 0
A63: 46300 | B63: Day | D63: 225 | F63: 1000 | N63: 46318 | O63: =SUMIF($A$7:$A$109,N63,$D$7:$D$109) -> 0 | P63: =SUMIF(A$7:A$52,N63,E$7:E$52)+SUMIF(A$7:A$52,N63,J$7:J$52) -> 0 | Q63: =SUMIF(A$7:A$142,N63,F$7:F$142) -> 0 | R63: =SUMIF(A$7:A$71,N63,H$7:H$72) -> 0 | S63: =SUMIF(A$7:A$72,N63,I$7:I$72) -> 0 | T63: =SUMIF(A$7:A$72,N63,K$7:K$72) -> 0 | U63: =SUMIF(A$7:A$72,N63,G$7:G$72) -> 0 | V63: =SUMIF(A$7:A$72,N63,I$7:I$72) -> 0
A64: 46301 | N64: 46319 | O64: =SUMIF($A$7:$A$109,N64,$D$7:$D$109) -> 0 | P64: =SUMIF(A$7:A$52,N64,E$7:E$52)+SUMIF(A$7:A$52,N64,J$7:J$52) -> 0 | Q64: =SUMIF(A$7:A$142,N64,F$7:F$142) -> 0 | R64: =SUMIF(A$7:A$71,N64,H$7:H$72) -> 0 | S64: =SUMIF(A$7:A$72,N64,I$7:I$72) -> 0 | T64: =SUMIF(A$7:A$72,N64,K$7:K$72) -> 0 | U64: =SUMIF(A$7:A$72,N64,G$7:G$72) -> 0 | V64: =SUMIF(A$7:A$72,N64,I$7:I$72) -> 0
A65: 46302 | N65: 46320 | O65: =SUMIF($A$7:$A$109,N65,$D$7:$D$109) -> 0 | P65: =SUMIF(A$7:A$52,N65,E$7:E$52)+SUMIF(A$7:A$52,N65,J$7:J$52) -> 0 | Q65: =SUMIF(A$7:A$142,N65,F$7:F$142) -> 0 | R65: =SUMIF(A$7:A$71,N65,H$7:H$72) -> 0 | S65: =SUMIF(A$7:A$72,N65,I$7:I$72) -> 0 | T65: =SUMIF(A$7:A$72,N65,K$7:K$72) -> 0 | U65: =SUMIF(A$7:A$72,N65,G$7:G$72) -> 0 | V65: =SUMIF(A$7:A$72,N65,I$7:I$72) -> 0
A66: 46303 | N66: 46321 | O66: =SUMIF($A$7:$A$109,N66,$D$7:$D$109) -> 0 | P66: =SUMIF(A$7:A$52,N66,E$7:E$52)+SUMIF(A$7:A$52,N66,J$7:J$52) -> 0 | Q66: =SUMIF(A$7:A$142,N66,F$7:F$142) -> 0 | R66: =SUMIF(A$7:A$71,N66,H$7:H$72) -> 0 | S66: =SUMIF(A$7:A$72,N66,I$7:I$72) -> 0 | T66: =SUMIF(A$7:A$72,N66,K$7:K$72) -> 0 | U66: =SUMIF(A$7:A$72,N66,G$7:G$72) -> 0 | V66: =SUMIF(A$7:A$72,N66,I$7:I$72) -> 0
A67: 46304 | N67: 46322 | O67: =SUMIF($A$7:$A$109,N67,$D$7:$D$109) -> 0 | P67: =SUMIF(A$7:A$52,N67,E$7:E$52)+SUMIF(A$7:A$52,N67,J$7:J$52) -> 0 | Q67: =SUMIF(A$7:A$142,N67,F$7:F$142) -> 0 | R67: =SUMIF(A$7:A$71,N67,H$7:H$72) -> 0 | S67: =SUMIF(A$7:A$72,N67,I$7:I$72) -> 0 | T67: =SUMIF(A$7:A$72,N67,K$7:K$72) -> 0 | U67: =SUMIF(A$7:A$72,N67,G$7:G$72) -> 0 | V67: =SUMIF(A$7:A$72,N67,I$7:I$72) -> 0
A68: 46305 | N68: 46323 | O68: =SUMIF($A$7:$A$109,N68,$D$7:$D$109) -> 0 | P68: =SUMIF(A$7:A$52,N68,E$7:E$52)+SUMIF(A$7:A$52,N68,J$7:J$52) -> 0 | Q68: =SUMIF(A$7:A$142,N68,F$7:F$142) -> 0 | R68: =SUMIF(A$7:A$71,N68,H$7:H$72) -> 0 | S68: =SUMIF(A$7:A$72,N68,I$7:I$72) -> 0 | T68: =SUMIF(A$7:A$72,N68,K$7:K$72) -> 0 | U68: =SUMIF(A$7:A$72,N68,G$7:G$72) -> 0 | V68: =SUMIF(A$7:A$72,N68,I$7:I$72) -> 0
A69: 46306 | N69: 46324 | O69: =SUMIF($A$7:$A$109,N69,$D$7:$D$109) -> 0 | P69: =SUMIF(A$7:A$52,N69,E$7:E$52)+SUMIF(A$7:A$52,N69,J$7:J$52) -> 0 | Q69: =SUMIF(A$7:A$142,N69,F$7:F$142) -> 0 | R69: =SUMIF(A$7:A$71,N69,H$7:H$72) -> 0 | S69: =SUMIF(A$7:A$72,N69,I$7:I$72) -> 0 | T69: =SUMIF(A$7:A$72,N69,K$7:K$72) -> 0 | U69: =SUMIF(A$7:A$72,N69,G$7:G$72) -> 0 | V69: =SUMIF(A$7:A$72,N69,I$7:I$72) -> 0
A70: 46307 | N70: 46325 | O70: =SUMIF($A$7:$A$109,N70,$D$7:$D$109) -> 0 | P70: =SUMIF(A$7:A$52,N70,E$7:E$52)+SUMIF(A$7:A$52,N70,J$7:J$52) -> 0 | Q70: =SUMIF(A$7:A$142,N70,F$7:F$142) -> 0 | R70: =SUMIF(A$7:A$71,N70,H$7:H$72) -> 0 | S70: =SUMIF(A$7:A$72,N70,I$7:I$72) -> 0 | T70: =SUMIF(A$7:A$72,N70,K$7:K$72) -> 0 | U70: =SUMIF(A$7:A$72,N70,G$7:G$72) -> 0 | V70: =SUMIF(A$7:A$72,N70,I$7:I$72) -> 0
A71: 46308 | N71: 46326 | O71: =SUMIF($A$7:$A$109,N71,$D$7:$D$109) -> 0 | P71: =SUMIF(A$7:A$52,N71,E$7:E$52)+SUMIF(A$7:A$52,N71,J$7:J$52) -> 0 | Q71: =SUMIF(A$7:A$142,N71,F$7:F$142) -> 0 | R71: =SUMIF(A$7:A$71,N71,H$7:H$72) -> 0 | S71: =SUMIF(A$7:A$72,N71,I$7:I$72) -> 0 | T71: =SUMIF(A$7:A$72,N71,K$7:K$72) -> 0 | U71: =SUMIF(A$7:A$72,N71,G$7:G$72) -> 0 | V71: =SUMIF(A$7:A$72,N71,I$7:I$72) -> 0
N72: Total | O72: =SUM(O7:O71) -> 6025 | P72: =SUM(P7:P71) -> 4150 | Q72: =SUM(Q7:Q71) -> 4000 | R72: =SUM(R7:R71) -> 100 | S72: =SUM(S7:S71) -> 7 | T72: =SUM(T7:T71) -> 325 | U72: =SUM(U7:U71) -> 25 | V72: =SUM(V7:V71) -> 7
T74: =Z22*T72 -> 14300000

Sheet Crushing
B4: Crushing Production
B5: Date | D5: Shift | E5: PIC | F5: Bucket | G5: Type | H5: Moisture % | I5: Volume Bucket | J5: SG Bulk Density (ton/m3) | K5: WMT/SHIFT (wet metrix ton) | L5: DMT/SHIFT (dry metrix ton) | M5: Ton/hour (tph) | N5: Tonage/Day (Tpd) | O5: Keterangan | S5: Volume Unit (m3) | W5: Moisture Check Daily
B6: 46174 | D6: Day | I6: =IFERROR((VLOOKUP(G6,S$6:T$8,2,FALSE)),"") | K6: =IFERROR((F6*I6*J6),"") | L6: =IFERROR(((F6*I6)*J6)*(1-H6),"") | M6: =IFERROR((K6/12),"") | N6: =SUM(L6:L7) -> 0 | S6: Exca PC 130 | T6: 0.5 | U6: 0.6 | W6: Tanggal | X6: BT | Y6: Wet | Z6: Dry | AA6: %
D7: Night | I7: =IFERROR((VLOOKUP(G7,S$6:T$8,2,FALSE)),"") | K7: =IFERROR((F7*I7*J7),"") | L7: =IFERROR(((F7*I7)*J7)*(1-H7),"") | M7: =IFERROR((K7/12),"") | S7: Exca PC 200 | T7: 0.7 | Y7: 2860 | Z7: 2795 | AA7: =(Y7-Z7)/Y7 -> 0.022727273
B8: 46175 | D8: Day | E8: Toni | F8: 141 | G8: Exca PC 130 | H8: 0.18 | I8: =IFERROR((VLOOKUP(G8,S$6:T$8,2,FALSE)),"") -> 0.5 | J8: 1.35 | K8: =IFERROR((F8*I8*J8),"") -> 95.175 | L8: =IFERROR(((F8*I8)*J8)*(1-H8),"") -> 78.0435 | M8: =IFERROR((K8/6),"") -> 15.8625 | N8: =SUM(L8:L9) -> 78.0435 | S8: Loader | T8: 3 | U8: 3 | Y8: 3025 | Z8: 2935 | AA8: =(Y8-Z8)/Y8 -> 0.029752066
D9: Night | I9: =IFERROR((VLOOKUP(G9,S$6:T$8,2,FALSE)),"") | K9: =IFERROR((F9*I9*J9),"") | L9: =IFERROR(((F9*I9)*J9)*(1-H9),"") | M9: =IFERROR((K9/12),"") | Y9: 2535 | Z9: 2430 | AA9: =(Y9-Z9)/Y9 -> 0.041420118
B10: 46176 | D10: Day | E10: Toni | F10: 32 | G10: Exca PC 130 | H10: 0.18 | I10: =IFERROR((VLOOKUP(G10,S$6:T$8,2,FALSE)),"") -> 0.5 | J10: 1.35 | K10: =IFERROR((F10*I10*J10),"") -> 21.6 | L10: =IFERROR(((F10*I10)*J10)*(1-H10),"") -> 17.712 | M10: =IFERROR((K10/12),"") -> 1.8 | N10: =SUM(L10:L11) -> 17.712 | Y10: 2695 | Z10: 2555 | AA10: =(Y10-Z10)/Y10 -> 0.051948052
D11: Night | I11: =IFERROR((VLOOKUP(G11,S$6:T$8,2,FALSE)),"") | K11: =IFERROR((F11*I11*J11),"") | L11: =IFERROR(((F11*I11)*J11)*(1-H11),"") | M11: =IFERROR((K11/12),"") | Y11: 2530 | Z11: 2460 | AA11: =(Y11-Z11)/Y11 -> 0.027667984
B12: 46177 | D12: Day | E12: Deni | F12: 282 | G12: Exca PC 130 | H12: 0.17 | I12: =IFERROR((VLOOKUP(G12,S$6:T$8,2,FALSE)),"") -> 0.5 | J12: 1.35 | K12: =IFERROR((F12*I12*J12),"") -> 190.35 | L12: =IFERROR(((F12*I12)*J12)*(1-H12),"") -> 157.9905 | M12: =IFERROR((K12/12),"") -> 15.8625 | N12: =SUM(L12:L13) -> 157.9905 | Y12: 2130 | Z12: 2075 | AA12: =(Y12-Z12)/Y12 -> 0.025821596
D13: Night | I13: =IFERROR((VLOOKUP(G13,S$6:T$8,2,FALSE)),"") | K13: =IFERROR((F13*I13*J13),"") | L13: =IFERROR(((F13*I13)*J13)*(1-H13),"") | M13: =IFERROR((K13/12),"") | Y13: 2235 | Z13: 2185 | AA13: =(Y13-Z13)/Y13 -> 0.022371365
B14: 46252 | D14: Day | E14: Adi | F14: 62 | G14: Exca PC 130 | H14: 0.12 | I14: =IFERROR((VLOOKUP(G14,S$6:T$8,2,FALSE)),"") -> 0.5 | J14: 1.39 | K14: =IFERROR((F14*I14*J14),"") -> 43.09 | L14: =IFERROR(((F14*I14)*J14)*(1-H14),"") -> 37.9192 | M14: =IFERROR((K14/12),"") -> 3.5908333 | N14: =SUM(L14:L15) -> 37.9192 | O14: perbaikan conveyor cone crusher to ball mill | S14: =16*4 -> 64 | Y14: 2450 | Z14: 2415 | AA14: =(Y14-Z14)/Y14 -> 0.014285714
D15: Night | I15: =IFERROR((VLOOKUP(G15,S$6:T$8,2,FALSE)),"") | K15: =IFERROR((F15*I15*J15),"") | L15: =IFERROR(((F15*I15)*J15)*(1-H15),"") | M15: =IFERROR((K15/12),"")
B16: 46253 | D16: Day | E16: Adi | F16: 463 | G16: Exca PC 130 | H16: 0.12 | I16: =IFERROR((VLOOKUP(G16,S$6:T$8,2,FALSE)),"") -> 0.5 | J16: 1.39 | K16: =IFERROR((F16*I16*J16),"") -> 321.785 | L16: =IFERROR(((F16*I16)*J16)*(1-H16),"") -> 283.1708 | M16: =IFERROR((K16/12),"") -> 26.815417 | N16: =SUM(L16:L17) -> 283.1708 | O16: Istirahat jam 12:00-13:00 | S16: =S14/1.4 -> 45.714286
D17: Night | I17: =IFERROR((VLOOKUP(G17,S$6:T$8,2,FALSE)),"") | K17: =IFERROR((F17*I17*J17),"") | L17: =IFERROR(((F17*I17)*J17)*(1-H17),"") | M17: =IFERROR((K17/12),"") | O17: material vein bolder agustus 2026
B18: 46254 | D18: Day | E18: Adi | F18: 539 | G18: Exca PC 130 | H18: 0.1 | I18: =IFERROR((VLOOKUP(G18,S$6:T$8,2,FALSE)),"") -> 0.5 | J18: 1.39 | K18: =IFERROR((F18*I18*J18),"") -> 374.605 | L18: =IFERROR(((F18*I18)*J18)*(1-H18),"") -> 337.1445 | M18: =IFERROR((K18/12),"") -> 31.217083 | N18: =SUM(L18:L19) -> 337.1445 | O18: Istirahat jam 12:00-13:00 | V18: =(T8*3)*(1-12%) -> 7.92 | W18: 3 bucket louder 24 april 2026
D19: Night | I19: =IFERROR((VLOOKUP(G19,S$6:T$8,2,FALSE)),"") | K19: =IFERROR((F19*I19*J19),"") | L19: =IFERROR(((F19*I19)*J19)*(1-H19),"") | M19: =IFERROR((K19/12),"") | O19: Vein Bolder Agustus
B20: 46255 | D20: Day | E20: Adi | F20: 409 | G20: Exca PC 130 | H20: 0.1 | I20: =IFERROR((VLOOKUP(G20,S$6:T$8,2,FALSE)),"") -> 0.5 | J20: 1.39 | K20: =IFERROR((F20*I20*J20),"") -> 284.255 | L20: =IFERROR(((F20*I20)*J20)*(1-H20),"") -> 255.8295 | M20: =IFERROR(((K20+K21)/12),"") -> 27.162917 | N20: =SUM(L20:L21) -> 293.3595 | O20: ='Crushing Down Time Hours'!G9 -> isitrahat jumat 11-13, 16:20-16:55 Perbaikan Cone Crusher
D21: Night | F21: 10 | G21: Loader | H21: 0.1 | I21: =IFERROR((VLOOKUP(G21,S$6:T$8,2,FALSE)),"") -> 3 | J21: 1.39 | K21: =IFERROR((F21*I21*J21),"") -> 41.7 | L21: =IFERROR(((F21*I21)*J21)*(1-H21),"") -> 37.53
B22: 46256 | D22: Day | E22: Adi | F22: 315 | G22: Exca PC 130 | H22: 0.1 | I22: =IFERROR((VLOOKUP(G22,S$6:T$8,2,FALSE)),"") -> 0.5 | J22: 1.39 | K22: =IFERROR((F22*I22*J22),"") -> 218.925 | L22: =IFERROR(((F22*I22)*J22)*(1-H22),"") -> 197.0325 | M22: =IFERROR((K22/12),"") -> 18.24375 | N22: =SUM(L22:L23) -> 197.0325 | O22: ='Crushing Down Time Hours'!G10 -> Material Habis hanya running 9 Jam
D23: Night | I23: =IFERROR((VLOOKUP(G23,S$6:T$8,2,FALSE)),"") | K23: =IFERROR((F23*I23*J23),"") | L23: =IFERROR(((F23*I23)*J23)*(1-H23),"") | M23: =IFERROR((K23/12),"")
B24: 46257 | D24: Day | I24: =IFERROR((VLOOKUP(G24,S$6:T$8,2,FALSE)),"") | K24: =IFERROR((F24*I24*J24),"") | L24: =IFERROR(((F24*I24)*J24)*(1-H24),"") | M24: =IFERROR((K24/12),"") | N24: =SUM(L24:L25) -> 0
D25: Night | I25: =IFERROR((VLOOKUP(G25,S$6:T$8,2,FALSE)),"") | K25: =IFERROR((F25*I25*J25),"") | L25: =IFERROR(((F25*I25)*J25)*(1-H25),"") | M25: =IFERROR((K25/12),"")
B26: 46258 | D26: Day | E26: Adi | F26: 234 | G26: Exca PC 130 | H26: 0.1 | I26: =IFERROR((VLOOKUP(G26,S$6:T$8,2,FALSE)),"") -> 0.5 | J26: 1.39 | K26: =IFERROR((F26*I26*J26),"") -> 162.63 | L26: =IFERROR(((F26*I26)*J26)*(1-H26),"") -> 146.367 | M26: =IFERROR((K26/12),"") -> 13.5525 | N26: =SUM(L26:L27) -> 165.132 | O26: ='Crushing Down Time Hours'!G12 -> istirahat jam 12-13, material habis dan selesai jam 17:30
D27: Night | E27: Toni | F27: 5 | G27: Loader | H27: 0.1 | I27: =IFERROR((VLOOKUP(G27,S$6:T$8,2,FALSE)),"") -> 3 | J27: 1.39 | K27: =IFERROR((F27*I27*J27),"") -> 20.85 | L27: =IFERROR(((F27*I27)*J27)*(1-H27),"") -> 18.765 | M27: =IFERROR((K27/12),"") -> 1.7375
B28: 46259 | D28: Day | I28: =IFERROR((VLOOKUP(G28,S$6:T$8,2,FALSE)),"") | K28: =IFERROR((F28*I28*J28),"") | L28: =IFERROR(((F28*I28)*J28)*(1-H28),"") | M28: =IFERROR((K28/12),"") | N28: =SUM(L28:L29) -> 0
D29: Night | I29: =IFERROR((VLOOKUP(G29,S$6:T$8,2,FALSE)),"") | K29: =IFERROR((F29*I29*J29),"") | L29: =IFERROR(((F29*I29)*J29)*(1-H29),"") | M29: =IFERROR((K29/12),"")
B30: 46260 | D30: Day | I30: =IFERROR((VLOOKUP(G30,S$6:T$8,2,FALSE)),"") | K30: =IFERROR((F30*I30*J30),"") | L30: =IFERROR(((F30*I30)*J30)*(1-H30),"") | M30: =IFERROR((K30/12),"") | N30: =SUM(L30:L31) -> 0
D31: Night | I31: =IFERROR((VLOOKUP(G31,S$6:T$8,2,FALSE)),"") | K31: =IFERROR((F31*I31*J31),"") | L31: =IFERROR(((F31*I31)*J31)*(1-H31),"") | M31: =IFERROR((K31/12),"")
B32: 46261 | D32: Day | E32: Toni | F32: 202 | G32: Exca PC 130 | H32: 0.11 | I32: =IFERROR((VLOOKUP(G32,S$6:T$8,2,FALSE)),"") -> 0.5 | J32: 1.39 | K32: =IFERROR((F32*I32*J32),"") -> 140.39 | L32: =IFERROR(((F32*I32)*J32)*(1-H32),"") -> 124.9471 | M32: =IFERROR((K32/12),"") -> 11.699167 | N32: =SUM(L32:L33) -> 124.9471 | O32: ='Crushing Down Time Hours'!G15 -> Start Crusher jam 10:00, dikarenakan bari loading material jam 08:00, pada jam 15:30-17:15 stop dikarenakan material stuck pada cone crusher
D33: Night | I33: =IFERROR((VLOOKUP(G33,S$6:T$8,2,FALSE)),"") | K33: =IFERROR((F33*I33*J33),"") | L33: =IFERROR(((F33*I33)*J33)*(1-H33),"") | M33: =IFERROR((K33/12),"")
B34: 46262 | D34: Day | E34: Toni | F34: 290 | G34: Exca PC 130 | H34: 0.11 | I34: =IFERROR((VLOOKUP(G34,S$6:T$8,2,FALSE)),"") -> 0.5 | J34: 1.3 | K34: =IFERROR((F34*I34*J34),"") -> 188.5 | L34: =IFERROR(((F34*I34)*J34)*(1-H34),"") -> 167.765 | M34: =IFERROR((K34/12),"") -> 15.708333 | N34: =SUM(L34:L35) -> 167.765 | O34: ='Crushing Down Time Hours'!G16 -> Start Crusher jam 08:00, istirahat jam 11:00-13:00
D35: Night | I35: =IFERROR((VLOOKUP(G35,S$6:T$8,2,FALSE)),"") | K35: =IFERROR((F35*I35*J35),"") | L35: =IFERROR(((F35*I35)*J35)*(1-H35),"") | M35: =IFERROR((K35/12),"")
B36: 46263 | D36: Day | E36: Toni | F36: 411 | G36: Exca PC 130 | H36: 0.1 | I36: =IFERROR((VLOOKUP(G36,S$6:T$8,2,FALSE)),"") -> 0.5 | J36: 1.3 | K36: =IFERROR((F36*I36*J36),"") -> 267.15 | L36: =IFERROR(((F36*I36)*J36)*(1-H36),"") -> 240.435 | M36: =IFERROR((K36/12),"") -> 22.2625 | N36: =SUM(L36:L37) -> 240.435 | O36: ='Crushing Down Time Hours'!G17 -> istirahat jam 12-13, 14:00-15:00 ada loading material dari mining
D37: Night | I37: =IFERROR((VLOOKUP(G37,S$6:T$8,2,FALSE)),"") | K37: =IFERROR((F37*I37*J37),"") | L37: =IFERROR(((F37*I37)*J37)*(1-H37),"") | M37: =IFERROR((K37/12),"")
B38: 46264 | D38: Day | E38: Toni | F38: 92 | G38: Exca PC 130 | H38: 0.1 | I38: =IFERROR((VLOOKUP(G38,S$6:T$8,2,FALSE)),"") -> 0.5 | J38: 1.3 | K38: =IFERROR((F38*I38*J38),"") -> 59.8 | L38: =IFERROR(((F38*I38)*J38)*(1-H38),"") -> 53.82 | M38: =IFERROR((K38/12),"") -> 4.9833333 | N38: =SUM(L38:L39) -> 53.82
D39: Night | I39: =IFERROR((VLOOKUP(G39,S$6:T$8,2,FALSE)),"") | K39: =IFERROR((F39*I39*J39),"") | L39: =IFERROR(((F39*I39)*J39)*(1-H39),"") | M39: =IFERROR((K39/12),"")
B40: 46265 | D40: Day | I40: =IFERROR((VLOOKUP(G40,S$6:T$8,2,FALSE)),"") | K40: =IFERROR((F40*I40*J40),"") | L40: =IFERROR(((F40*I40)*J40)*(1-H40),"") | M40: =IFERROR((K40/12),"") | N40: =SUM(L40:L41) -> 0
D41: Night | I41: =IFERROR((VLOOKUP(G41,S$6:T$8,2,FALSE)),"") | K41: =IFERROR((F41*I41*J41),"") | L41: =IFERROR(((F41*I41)*J41)*(1-H41),"") | M41: =IFERROR((K41/12),"")
B42: 46266 | D42: Day | I42: =IFERROR((VLOOKUP(G42,S$6:T$8,2,FALSE)),"") | K42: =IFERROR((F42*I42*J42),"") | L42: =IFERROR(((F42*I42)*J42)*(1-H42),"") | M42: =IFERROR((K42/12),"") | N42: =SUM(L42:L43) -> 0
D43: Night | I43: =IFERROR((VLOOKUP(G43,S$6:T$8,2,FALSE)),"") | K43: =IFERROR((F43*I43*J43),"") | L43: =IFERROR(((F43*I43)*J43)*(1-H43),"") | M43: =IFERROR((K43/12),"")
B44: 46267 | D44: Day | I44: =IFERROR((VLOOKUP(G44,S$6:T$8,2,FALSE)),"") | K44: =IFERROR((F44*I44*J44),"") | L44: =IFERROR(((F44*I44)*J44)*(1-H44),"") | M44: =IFERROR((K44/12),"") | N44: =SUM(L44:L45) -> 0
D45: Night | I45: =IFERROR((VLOOKUP(G45,S$6:T$8,2,FALSE)),"") | K45: =IFERROR((F45*I45*J45),"") | L45: =IFERROR(((F45*I45)*J45)*(1-H45),"") | M45: =IFERROR((K45/12),"")
B46: 46268 | D46: Day | I46: =IFERROR((VLOOKUP(G46,S$6:T$8,2,FALSE)),"") | K46: =IFERROR((F46*I46*J46),"") | L46: =IFERROR(((F46*I46)*J46)*(1-H46),"") | M46: =IFERROR((K46/12),"") | N46: =SUM(L46:L47) -> 0
D47: Night | I47: =IFERROR((VLOOKUP(G47,S$6:T$8,2,FALSE)),"") | K47: =IFERROR((F47*I47*J47),"") | L47: =IFERROR(((F47*I47)*J47)*(1-H47),"") | M47: =IFERROR((K47/12),"")
B48: 46269 | D48: Day | I48: =IFERROR((VLOOKUP(G48,S$6:T$8,2,FALSE)),"") | K48: =IFERROR((F48*I48*J48),"") | L48: =IFERROR(((F48*I48)*J48)*(1-H48),"") | M48: =IFERROR((K48/12),"") | N48: =SUM(L48:L49) -> 0
D49: Night | I49: =IFERROR((VLOOKUP(G49,S$6:T$8,2,FALSE)),"") | K49: =IFERROR((F49*I49*J49),"") | L49: =IFERROR(((F49*I49)*J49)*(1-H49),"") | M49: =IFERROR((K49/12),"")
B50: 46270 | D50: Day | I50: =IFERROR((VLOOKUP(G50,S$6:T$8,2,FALSE)),"") | K50: =IFERROR((F50*I50*J50),"") | L50: =IFERROR(((F50*I50)*J50)*(1-H50),"") | M50: =IFERROR((K50/12),"") | N50: =SUM(L50:L51) -> 0 | R50: =180/12 -> 15
D51: Night | I51: =IFERROR((VLOOKUP(G51,S$6:T$8,2,FALSE)),"") | K51: =IFERROR((F51*I51*J51),"") | L51: =IFERROR(((F51*I51)*J51)*(1-H51),"") | M51: =IFERROR((K51/12),"")
B52: 46271 | D52: Day | I52: =IFERROR((VLOOKUP(G52,S$6:T$8,2,FALSE)),"") | K52: =IFERROR((F52*I52*J52),"") | L52: =IFERROR(((F52*I52)*J52)*(1-H52),"") | M52: =IFERROR((K52/12),"") | N52: =SUM(L52:L53) -> 0
D53: Night | I53: =IFERROR((VLOOKUP(G53,S$6:T$8,2,FALSE)),"") | K53: =IFERROR((F53*I53*J53),"") | L53: =IFERROR(((F53*I53)*J53)*(1-H53),"") | M53: =IFERROR((K53/12),"") | R53: =R50*4 -> 60
B54: 46272 | D54: Day | I54: =IFERROR((VLOOKUP(G54,S$6:T$8,2,FALSE)),"") | K54: =IFERROR((F54*I54*J54),"") | L54: =IFERROR(((F54*I54)*J54)*(1-H54),"") | M54: =IFERROR((K54/12),"") | N54: =SUM(L54:L55) -> 0
D55: Night | I55: =IFERROR((VLOOKUP(G55,S$6:T$8,2,FALSE)),"") | K55: =IFERROR((F55*I55*J55),"") | L55: =IFERROR(((F55*I55)*J55)*(1-H55),"") | M55: =IFERROR((K55/12),"") | R55: =R53*1.7 -> 102 | S55: 9570
B56: 46273 | D56: Day | I56: =IFERROR((VLOOKUP(G56,S$6:T$8,2,FALSE)),"") | K56: =IFERROR((F56*I56*J56),"") | L56: =IFERROR(((F56*I56)*J56)*(1-H56),"") | M56: =IFERROR((K56/12),"") | N56: =SUM(L56:L57) -> 0 | S56: 9795
D57: Night | I57: =IFERROR((VLOOKUP(G57,S$6:T$8,2,FALSE)),"") | K57: =IFERROR((F57*I57*J57),"") | L57: =IFERROR(((F57*I57)*J57)*(1-H57),"") | M57: =IFERROR((K57/12),"") | S57: 1190
B58: 46274 | D58: Day | I58: =IFERROR((VLOOKUP(G58,S$6:T$8,2,FALSE)),"") | K58: =IFERROR((F58*I58*J58),"") | L58: =IFERROR(((F58*I58)*J58)*(1-H58),"") | M58: =IFERROR((K58/12),"") | N58: =SUM(L58:L59) -> 0 | S58: =S56-S57 -> 8605
D59: Night | I59: =IFERROR((VLOOKUP(G59,S$6:T$8,2,FALSE)),"") | K59: =IFERROR((F59*I59*J59),"") | L59: =IFERROR(((F59*I59)*J59)*(1-H59),"") | M59: =IFERROR((K59/12),"") | S59: =(S55-S58)/S55 -> 0.10083595
B60: 46275 | D60: Day | E60: Toni | F60: 113 | G60: Exca PC 130 | H60: 0.1 | I60: =IFERROR((VLOOKUP(G60,S$6:T$8,2,FALSE)),"") -> 0.5 | J60: 1.3 | K60: =IFERROR((F60*I60*J60),"") -> 73.45 | L60: =IFERROR(((F60*I60)*J60)*(1-H60),"") -> 66.105 | M60: =IFERROR((K60/12),"") -> 6.1208333 | N60: =SUM(L60:L61) -> 73.125
D61: Night | E61: Toni | F61: 2 | G61: Loader | H61: 0.1 | I61: =IFERROR((VLOOKUP(G61,S$6:T$8,2,FALSE)),"") -> 3 | J61: 1.3 | K61: =IFERROR((F61*I61*J61),"") -> 7.8 | L61: =IFERROR(((F61*I61)*J61)*(1-H61),"") -> 7.02 | M61: =IFERROR((K61/12),"") -> 0.65
B62: 46276 | D62: Day | I62: =IFERROR((VLOOKUP(G62,S$6:T$8,2,FALSE)),"") | K62: =IFERROR((F62*I62*J62),"") | L62: =IFERROR(((F62*I62)*J62)*(1-H62),"") | M62: =IFERROR((K62/12),"") | N62: =SUM(L62:L63) -> 0
D63: Night | I63: =IFERROR((VLOOKUP(G63,S$6:T$8,2,FALSE)),"") | K63: =IFERROR((F63*I63*J63),"") | L63: =IFERROR(((F63*I63)*J63)*(1-H63),"") | M63: =IFERROR((K63/12),"")
B64: 46277 | D64: Day | E64: Toni | F64: 329 | G64: Exca PC 130 | H64: 0.1 | I64: =IFERROR((VLOOKUP(G64,S$6:T$8,2,FALSE)),"") -> 0.5 | J64: 1.3 | K64: =IFERROR((F64*I64*J64),"") -> 213.85 | L64: =IFERROR(((F64*I64)*J64)*(1-H64),"") -> 192.465 | M64: =IFERROR((K64/12),"") -> 17.820833 | N64: =SUM(L64:L65) -> 328.77
D65: Night | E65: Adit | F65: 233 | G65: Exca PC 130 | H65: 0.1 | I65: =IFERROR((VLOOKUP(G65,S$6:T$8,2,FALSE)),"") -> 0.5 | J65: 1.3 | K65: =IFERROR((F65*I65*J65),"") -> 151.45 | L65: =IFERROR(((F65*I65)*J65)*(1-H65),"") -> 136.305 | M65: =IFERROR((K65/12),"") -> 12.620833
B66: 46278 | D66: Day | E66: Adi | F66: 204 | G66: Exca PC 130 | H66: 0.1 | I66: =IFERROR((VLOOKUP(G66,S$6:T$8,2,FALSE)),"") -> 0.5 | J66: 1.3 | K66: =IFERROR((F66*I66*J66),"") -> 132.6 | L66: =IFERROR(((F66*I66)*J66)*(1-H66),"") -> 119.34 | M66: =IFERROR((K66/12),"") -> 11.05 | N66: =SUM(L66:L67) -> 262.665
D67: Night | E67: Toni | F67: 245 | G67: Exca PC 130 | H67: 0.1 | I67: =IFERROR((VLOOKUP(G67,S$6:T$8,2,FALSE)),"") -> 0.5 | J67: 1.3 | K67: =IFERROR((F67*I67*J67),"") -> 159.25 | L67: =IFERROR(((F67*I67)*J67)*(1-H67),"") -> 143.325 | M67: =IFERROR((K67/12),"") -> 13.270833
B68: 46279 | D68: Day | I68: =IFERROR((VLOOKUP(G68,S$6:T$8,2,FALSE)),"") | K68: =IFERROR((F68*I68*J68),"") | L68: =IFERROR(((F68*I68)*J68)*(1-H68),"") | M68: =IFERROR((K68/12),"") | N68: =SUM(L68:L69) -> 0
D69: Night | I69: =IFERROR((VLOOKUP(G69,S$6:T$8,2,FALSE)),"") | K69: =IFERROR((F69*I69*J69),"") | L69: =IFERROR(((F69*I69)*J69)*(1-H69),"") | M69: =IFERROR((K69/12),"")
B70: 46280 | D70: Day | I70: =IFERROR((VLOOKUP(G70,S$6:T$8,2,FALSE)),"") | K70: =IFERROR((F70*I70*J70),"") | L70: =IFERROR(((F70*I70)*J70)*(1-H70),"") | M70: =IFERROR((K70/12),"") | N70: =SUM(L70:L71) -> 0
D71: Night | I71: =IFERROR((VLOOKUP(G71,S$6:T$8,2,FALSE)),"") | K71: =IFERROR((F71*I71*J71),"") | L71: =IFERROR(((F71*I71)*J71)*(1-H71),"") | M71: =IFERROR((K71/12),"")
B72: 46281 | D72: Day | I72: =IFERROR((VLOOKUP(G72,S$6:T$8,2,FALSE)),"") | K72: =IFERROR((F72*I72*J72),"") | L72: =IFERROR(((F72*I72)*J72)*(1-H72),"") | M72: =IFERROR((K72/12),"") | N72: =SUM(L72:L73) -> 0
D73: Night | I73: =IFERROR((VLOOKUP(G73,S$6:T$8,2,FALSE)),"") | K73: =IFERROR((F73*I73*J73),"") | L73: =IFERROR(((F73*I73)*J73)*(1-H73),"") | M73: =IFERROR((K73/12),"")
B74: 46282 | D74: Day | I74: =IFERROR((VLOOKUP(G74,S$6:T$8,2,FALSE)),"") | K74: =IFERROR((F74*I74*J74),"") | L74: =IFERROR(((F74*I74)*J74)*(1-H74),"") | M74: =IFERROR((K74/12),"") | N74: =SUM(L74:L75) -> 0
D75: Night | I75: =IFERROR((VLOOKUP(G75,S$6:T$8,2,FALSE)),"") | K75: =IFERROR((F75*I75*J75),"") | L75: =IFERROR(((F75*I75)*J75)*(1-H75),"") | M75: =IFERROR((K75/12),"")
B76: 46283 | D76: Day | L76: =IFERROR(((F76*I76)*J76)*(1-H76),"") -> 0 | N76: =SUM(L76:L77) -> 201.24 | O76: Material dari cell A1 Heap Leach Labuha
D77: Night | E77: Toni | F77: 360 | G77: Exca PC 130 | H77: 0.14 | I77: =IFERROR((VLOOKUP(G77,S$6:T$8,2,FALSE)),"") -> 0.5 | J77: 1.3 | K77: =IFERROR((F77*I77*J77),"") -> 234 | L77: =IFERROR(((F77*I77)*J77)*(1-H77),"") -> 201.24 | M77: =IFERROR((K77/12),"") -> 19.5 | O77: Udah ter mixxing kapur dan cement
B78: 46284 | D78: Day | E78: Toni | F78: 178 | G78: Exca PC 200 | H78: 0.13 | I78: =IFERROR((VLOOKUP(G78,S$6:T$8,2,FALSE)),"") -> 0.7 | J78: 1.3 | K78: =IFERROR((F78*I78*J78),"") -> 161.98 | L78: =IFERROR(((F78*I78)*J78)*(1-H78),"") -> 140.9226 | M78: =IFERROR((K78/12),"") -> 13.498333 | N78: =SUM(L78:L80) -> 324.2096 | O78: Material dari cell A1 Heap Leach Labuha
D79: Day | E79: Toni | F79: 10 | G79: Loader | H79: 0.092 | I79: =IFERROR((VLOOKUP(G79,S$6:T$8,2,FALSE)),"") -> 3 | J79: 1.3 | K79: =IFERROR((F79*I79*J79),"") -> 39 | L79: =IFERROR(((F79*I79)*J79)*(1-H79),"") -> 35.412 | M79: =IFERROR((K79/12),"") -> 3.25
D80: Night | E80: Toni | F80: 250 | G80: Exca PC 130 | H80: 0.09 | I80: =IFERROR((VLOOKUP(G80,S$6:T$8,2,FALSE)),"") -> 0.5 | J80: 1.3 | K80: =IFERROR((F80*I80*J80),"") -> 162.5 | L80: =IFERROR(((F80*I80)*J80)*(1-H80),"") -> 147.875 | M80: =IFERROR((K80/12),"") -> 13.541667
B81: 46285 | D81: Day | E81: Toni | F81: 50 | G81: Exca PC 200 | H81: 0.1 | I81: =IFERROR((VLOOKUP(G81,S$6:T$8,2,FALSE)),"") -> 0.7 | J81: 1.3 | K81: =IFERROR((F81*I81*J81),"") -> 45.5 | L81: =IFERROR(((F81*I81)*J81)*(1-H81),"") -> 40.95 | M81: =IFERROR((K81/12),"") -> 3.7916667 | N81: =SUM(L81:L83) -> 209.989 | O81: Material dari cell A1 Heap Leach Labuha
D82: Day | E82: Toni | F82: 20 | G82: Exca PC 130 | H82: 0.1 | I82: =IFERROR((VLOOKUP(G82,S$6:T$8,2,FALSE)),"") -> 0.5 | J82: 1.3 | K82: =IFERROR((F82*I82*J82),"") -> 13 | L82: =IFERROR(((F82*I82)*J82)*(1-H82),"") -> 11.7 | M82: =IFERROR((K82/12),"") -> 1.0833333
D83: Night | E83: Adit | F83: 190 | G83: Exca PC 200 | H83: 0.09 | I83: =IFERROR((VLOOKUP(G83,S$6:T$8,2,FALSE)),"") -> 0.7 | J83: 1.3 | K83: =IFERROR((F83*I83*J83),"") -> 172.9 | L83: =IFERROR(((F83*I83)*J83)*(1-H83),"") -> 157.339 | M83: =IFERROR((K83/12),"") -> 14.408333
B84: 46286 | D84: Day | E84: Toni | F84: 300 | G84: Exca PC 200 | H84: 0.09 | I84: =IFERROR((VLOOKUP(G84,S$6:T$8,2,FALSE)),"") -> 0.7 | J84: 1.3 | K84: =IFERROR((F84*I84*J84),"") -> 273 | L84: =IFERROR(((F84*I84)*J84)*(1-H84),"") -> 248.43 | M84: =IFERROR((K84/12),"") -> 22.75 | N84: =SUM(L84:L85) -> 248.43 | O84: Log Sheet ilang kata mas wiliam
D85: Night | I85: =IFERROR((VLOOKUP(G85,S$6:T$8,2,FALSE)),"") | K85: =IFERROR((F85*I85*J85),"") | L85: =IFERROR(((F85*I85)*J85)*(1-H85),"") | M85: =IFERROR((K85/12),"")
B86: 46287 | D86: Day | E86: Toni | F86: 38 | G86: Loader | H86: 0.1 | I86: =IFERROR((VLOOKUP(G86,S$6:T$8,2,FALSE)),"") -> 3 | J86: 1.3 | K86: =IFERROR((F86*I86*J86),"") -> 148.2 | L86: =IFERROR(((F86*I86)*J86)*(1-H86),"") -> 133.38 | M86: =IFERROR((K86/12),"") -> 12.35 | N86: =SUM(L86:L87) -> 133.38
D87: Night | I87: =IFERROR((VLOOKUP(G87,S$6:T$8,2,FALSE)),"") | K87: =IFERROR((F87*I87*J87),"") | L87: =IFERROR(((F87*I87)*J87)*(1-H87),"") | M87: =IFERROR((K87/12),"")
B88: 46288 | D88: Day | E88: Toni | F88: 63 | G88: Loader | H88: 0.11 | I88: =IFERROR((VLOOKUP(G88,S$6:T$8,2,FALSE)),"") -> 3 | J88: 1.3 | K88: =IFERROR((F88*I88*J88),"") -> 245.7 | L88: =IFERROR(((F88*I88)*J88)*(1-H88),"") -> 218.673 | M88: =IFERROR((K88/12),"") -> 20.475 | N88: =SUM(L88:L89) -> 402.636
D89: Night | E89: Adit | F89: 53 | G89: Loader | H89: 0.11 | I89: =IFERROR((VLOOKUP(G89,S$6:T$8,2,FALSE)),"") -> 3 | J89: 1.3 | K89: =IFERROR((F89*I89*J89),"") -> 206.7 | L89: =IFERROR(((F89*I89)*J89)*(1-H89),"") -> 183.963 | M89: =IFERROR((K89/12),"") -> 17.225
B90: 46289 | D90: Day | E90: Toni | F90: 31 | G90: Loader | H90: 0.11 | I90: =IFERROR((VLOOKUP(G90,S$6:T$8,2,FALSE)),"") -> 3 | J90: 1.3 | K90: =IFERROR((F90*I90*J90),"") -> 120.9 | L90: =IFERROR(((F90*I90)*J90)*(1-H90),"") -> 107.601 | M90: =IFERROR((K90/12),"") -> 10.075 | N90: =SUM(L90:L91) -> 219.921
D91: Night | E91: Adit | F91: 32 | G91: Loader | H91: 0.1 | I91: =IFERROR((VLOOKUP(G91,S$6:T$8,2,FALSE)),"") -> 3 | J91: 1.3 | K91: =IFERROR((F91*I91*J91),"") -> 124.8 | L91: =IFERROR(((F91*I91)*J91)*(1-H91),"") -> 112.32 | M91: =IFERROR((K91/12),"") -> 10.4
B92: 46290 | D92: Day | E92: Toni | F92: 58 | G92: Loader | H92: 0.1 | I92: =IFERROR((VLOOKUP(G92,S$6:T$8,2,FALSE)),"") -> 3 | J92: 1.3 | K92: =IFERROR((F92*I92*J92),"") -> 226.2 | L92: =IFERROR(((F92*I92)*J92)*(1-H92),"") -> 203.58 | M92: =IFERROR((K92/12),"") -> 18.85 | N92: =SUM(L92:L93) -> 217.62
D93: Night | E93: Alan | F93: 4 | G93: Loader | H93: 0.1 | I93: =IFERROR((VLOOKUP(G93,S$6:T$8,2,FALSE)),"") -> 3 | J93: 1.3 | K93: =IFERROR((F93*I93*J93),"") -> 15.6 | L93: =IFERROR(((F93*I93)*J93)*(1-H93),"") -> 14.04 | M93: =IFERROR((K93/12),"") -> 1.3
B94: 46291 | D94: Day | E94: Toni | F94: 25 | G94: Loader | H94: 0.09 | I94: =IFERROR((VLOOKUP(G94,S$6:T$8,2,FALSE)),"") -> 3 | J94: 1.3 | K94: =IFERROR((F94*I94*J94),"") -> 97.5 | L94: =IFERROR(((F94*I94)*J94)*(1-H94),"") -> 88.725 | M94: =IFERROR((K94/12),"") -> 8.125 | N94: =SUM(L94:L95) -> 253.773
D95: Night | E95: Alan | F95: 46 | G95: Loader | H95: 0.08 | I95: =IFERROR((VLOOKUP(G95,S$6:T$8,2,FALSE)),"") -> 3 | J95: 1.3 | K95: =IFERROR((F95*I95*J95),"") -> 179.4 | L95: =IFERROR(((F95*I95)*J95)*(1-H95),"") -> 165.048 | M95: =IFERROR((K95/12),"") -> 14.95
B96: 46292 | D96: Day | I96: =IFERROR((VLOOKUP(G96,S$6:T$8,2,FALSE)),"") | K96: =IFERROR((F96*I96*J96),"") | L96: =IFERROR(((F96*I96)*J96)*(1-H96),"") | M96: =IFERROR((K96/12),"") | N96: =SUM(L96:L97) -> 0
D97: Night | I97: =IFERROR((VLOOKUP(G97,S$6:T$8,2,FALSE)),"") | K97: =IFERROR((F97*I97*J97),"") | L97: =IFERROR(((F97*I97)*J97)*(1-H97),"") | M97: =IFERROR((K97/12),"")
B98: 46293 | D98: Day | I98: =IFERROR((VLOOKUP(G98,S$6:T$8,2,FALSE)),"") | K98: =IFERROR((F98*I98*J98),"") | L98: =IFERROR(((F98*I98)*J98)*(1-H98),"") | M98: =IFERROR((K98/12),"") | N98: =SUM(L98:L99) -> 182.988
D99: Night | E99: Toni | F99: 51 | G99: Loader | H99: 0.08 | I99: =IFERROR((VLOOKUP(G99,S$6:T$8,2,FALSE)),"") -> 3 | J99: 1.3 | K99: =IFERROR((F99*I99*J99),"") -> 198.9 | L99: =IFERROR(((F99*I99)*J99)*(1-H99),"") -> 182.988 | M99: =IFERROR((K99/12),"") -> 16.575
B100: 46294 | D100: Day | I100: =IFERROR((VLOOKUP(G100,S$6:T$8,2,FALSE)),"") | K100: =IFERROR((F100*I100*J100),"") | L100: =IFERROR(((F100*I100)*J100)*(1-H100),"") | M100: =IFERROR((K100/12),"") | N100: =SUM(L100:L101) -> 0
D101: Night | I101: =IFERROR((VLOOKUP(G101,S$6:T$8,2,FALSE)),"") | K101: =IFERROR((F101*I101*J101),"") | L101: =IFERROR(((F101*I101)*J101)*(1-H101),"") | M101: =IFERROR((K101/12),"")
B102: 46295 | D102: Day | I102: =IFERROR((VLOOKUP(G102,S$6:T$8,2,FALSE)),"") | K102: =IFERROR((F102*I102*J102),"") | L102: =IFERROR(((F102*I102)*J102)*(1-H102),"") | M102: =IFERROR((K102/12),"") | N102: =SUM(L102:L103) -> 121.485
D103: Night | E103: Toni | F103: 35 | G103: Loader | H103: 0.11 | I103: =IFERROR((VLOOKUP(G103,S$6:T$8,2,FALSE)),"") -> 3 | J103: 1.3 | K103: =IFERROR((F103*I103*J103),"") -> 136.5 | L103: =IFERROR(((F103*I103)*J103)*(1-H103),"") -> 121.485 | M103: =IFERROR((K103/12),"") -> 11.375
...

Sheet Crushing Down Time Hours
B1: Down Time Process Crushing PT Bulawan Daya Lestari
F2: Agustus 2026
A3: DOWN TIME (HOUR)
A4: Date | C4: PIC | D4: Stop Time | E4: Start Time | F4: Down Time (Mins) | G4: Reason | J4: Date | K4: Total Down Time (Mins) | L4: Running Time (Hours) | M4: Availability (%) | N4: Down Time (Hours)
A6: 46252 | C6: Toni | D6: 0.00069444444 | E6: 0.91597222 | F6: =(E6-D6)*1440 -> 1318 | G6: Perbaikan Conveyor Cone Crusher, dan satu shift kerja | J6: 46252 | K6: =F6 -> 1318 | L6: =(1440-K6)/60 -> 2.0333333 | M6: =L6/12 -> 0.16944444 | N6: =12-L6 -> 9.9666667
A7: 46253 | C7: Toni | D7: 0.00069444444 | E7: 0.54097222 | F7: =(E7-D7)*1440 -> 778 | G7: Satu shift kerja, istirahat jam 12-13:00 | J7: 46253 | K7: =F7 -> 778 | L7: =(1440-K7)/60 -> 11.033333 | M7: =L7/12 -> 0.91944444 | N7: =12-L7 -> 0.96666667
A8: 46254 | C8: Toni | D8: 0.00069444444 | E8: 0.54097222 | F8: =(E8-D8)*1440 -> 778 | J8: 46254 | K8: =F8 -> 778 | L8: =(1440-K8)/60 -> 11.033333 | M8: =L8/12 -> 0.91944444 | N8: =12-L8 -> 0.96666667 | Z8: Running Hours Vs Down Time Hours
A9: 46255 | C9: Toni | D9: 0.00069444444 | E9: 0.60763889 | F9: =(E9-D9)*1440 -> 874 | G9: isitrahat jumat 11-13, 16:20-16:55 Perbaikan Cone Crusher | J9: 46255 | K9: =F9 -> 874 | L9: =(1440-K9)/60 -> 9.4333333 | M9: =L9/12 -> 0.78611111 | N9: =12-L9 -> 2.5666667 | Z9: Total Running Hour | AA9: =L43 -> 65.95
A10: 46256 | C10: Toni | D10: 0.00069444444 | E10: 0.625 | F10: =(E10-D10)*1440 -> 899 | G10: Material Habis hanya running 9 Jam | J10: 46256 | K10: =SUM(F10) -> 899 | L10: =(1440-K10)/60 -> 9.0166667 | M10: =L10/12 -> 0.75138889 | N10: =12-L10 -> 2.9833333 | Z10: Total Down Time Hours | AA10: =N43 -> 66.05
A11: 46257 | C11: Toni | D11: 0.00069444444 | E11: 0.99930556 | F11: =(E11-D11)*1440 -> 1438 | G11: Tidak ada material | J11: 46257 | K11: =SUM(F11) -> 1438 | L11: =(1440-K11)/60 -> 0.033333333 | M11: =L11/12 -> 0.0027777778 | N11: =12-L11 -> 11.966667 | Z11: Crushing Availability, % | AA11: =L44 -> 0.61064815
A12: 46258 | C12: Toni | D12: 0.00069444444 | E12: 0.58333333 | F12: =(E12-D12)*1440 -> 839 | G12: istirahat jam 12-13, material habis dan selesai jam 17:30 | J12: 46258 | K12: =F12 -> 839 | L12: =(1440-K12)/60 -> 10.016667 | M12: =L12/12 -> 0.83472222 | N12: =12-L12 -> 1.9833333 | Z12: Crushing %Loss Time | AA12: =N44 -> 0
A13: 46259 | C13: Toni | D13: 0.00069444444 | E13: 0.99930556 | F13: =(E13-D13)*1440 -> 1438 | G13: Tidak ada material | J13: 46259 | K13: =F13 -> 1438 | L13: =(1440-K13)/60 -> 0.033333333 | M13: =L13/12 -> 0.0027777778 | N13: =12-L13 -> 11.966667
A14: 46260 | C14: Toni | D14: 0.00069444444 | E14: 0.99930556 | F14: =(E14-D14)*1440 -> 1438 | G14: Tidak ada material | J14: 46260 | K14: =F14 -> 1438 | L14: =(1440-K14)/60 -> 0.033333333 | M14: =L14/12 -> 0.0027777778 | N14: =12-L14 -> 11.966667
A15: 46261 | C15: Toni | D15: 0.00069444444 | E15: 0.78125 | F15: =(E15-D15)*1440 -> 1124 | G15: Start Crusher jam 10:00, dikarenakan bari loading material jam 08:00, pada jam 15:30-17:15 stop dikarenakan material stuck pada cone crusher | J15: 46261 | K15: =F15 -> 1124 | L15: =(1440-K15)/60 -> 5.2666667 | M15: =L15/12 -> 0.43888889 | N15: =12-L15 -> 6.7333333
A16: 46262 | C16: Toni | D16: 0.00069444444 | E16: 0.66666667 | F16: =(E16-D16)*1440 -> 959 | G16: Start Crusher jam 08:00, istirahat jam 11:00-13:00 | J16: 46262 | K16: =F16 -> 959 | L16: =(1440-K16)/60 -> 8.0166667 | M16: =L16/12 -> 0.66805556 | N16: =12-L16 -> 3.9833333
A17: 46263 | C17: Toni | D17: 0.00069444444 | E17: 0.58333333 | F17: =(E17-D17)*1440 -> 839 | G17: istirahat jam 12-13, 14:00-15:00 ada loading material dari mining | J17: 46263 | K17: =F17 -> 839 | L17: =(1440-K17)/60 -> 10.016667 | M17: =L17/12 -> 0.83472222 | N17: =12-L17 -> 1.9833333
A18: 46264 | C18: Toni | D18: 0.00069444444 | E18: 0.91597222 | F18: =(E18-D18)*1440 -> 1318 | J18: 46264 | K18: =F18 -> 1318 | L18: =(1440-K18)/60 -> 2.0333333 | M18: =L18/12 -> 0.16944444 | N18: =12-L18 -> 9.9666667
A19: 46265 | F19: =(E19-D19)*1440 -> 0 | G19: Habis Material dan jalan ball mill | J19: 46265 | K19: =F19 -> 0 | M19: =L19/12 -> 0
A20: 46266 | F20: =(E20-D20)*1440 -> 0 | J20: 46266 | K20: =F20 -> 0 | M20: =L20/12 -> 0
A21: 46267 | F21: =(E21-D21)*1440 -> 0 | J21: 46267 | K21: =F21 -> 0 | M21: =L21/12 -> 0
A22: 46268 | F22: =(E22-D22)*1440 -> 0 | J22: 46268 | K22: =F22 -> 0 | M22: =L22/12 -> 0
A23: 46269 | F23: =(E23-D23)*1440 -> 0 | J23: 46269 | K23: =F23 -> 0 | M23: =L23/12 -> 0
A24: 46270 | F24: =(E24-D24)*1440 -> 0 | J24: 46270 | K24: =F24 -> 0 | M24: =L24/12 -> 0
A25: 46271 | F25: =(E25-D25)*1440 -> 0 | J25: 46271 | K25: =F25 -> 0 | M25: =L25/12 -> 0
A26: 46272 | F26: =(E26-D26)*1440 -> 0 | J26: 46272 | K26: =F26 -> 0 | M26: =L26/12 -> 0
A27: 46273 | F27: =(E27-D27)*1440 -> 0 | J27: 46273 | K27: =F27 -> 0 | M27: =L27/12 -> 0
A28: 46274 | F28: =(E28-D28)*1440 -> 0 | J28: 46274 | K28: =F28 -> 0 | M28: =L28/12 -> 0
A29: 46275 | J29: 46275 | K29: =SUM(F29:F32) -> 0 | M29: =L29/12 -> 0
A30: 46276 | J30: 46276
A31: 46277 | J31: 46277
A32: 46278 | J32: 46278
A33: 46279 | J33: 46279 | K33: =SUM(F34:F35) -> 0 | M33: =L33/24 -> 0
A34: 46280 | F34: =(E34-D34)*1440 -> 0 | G34: Satu Shift | J34: 46280
A35: 46281 | F35: =(E35-D35)*1440 -> 0 | G35: Satu Shift | J35: 46281
A36: 46282 | F36: =(E36-D36)*1440 -> 0 | J36: 46282 | K36: =SUM(F36:F37) -> 0 | M36: =L36/24 -> 0
A37: 46283
A38: 46284
A39: 46285
A40: 46286
A41: 46287
A42: 46288 | O42: Total Hours
J43: Total | K43: =SUM(K6:K42) -> 14040 | L43: =SUM(L6:L16) -> 65.95 | M43: =L43/O43 -> 0.49962121 | N43: =SUM(N6:N16) -> 66.05 | O43: =L43+N43 -> 132
J44: Hours | K44: =K43/60 -> 234 | L44: =L43/L46 -> 0.61064815
L46: =9*12 -> 108

Sheet Tailing Check 
B2: PT BULAWAN DAYA LESTARI
C3: MINING & INDUSTRI COMPANY
B4: SITE BULAWAN DAYA LESTARI, BOLAANG MONGONDOW, SULAWESI UTARA
B6: Daily Monitoring sandios ppm on Solid Tailing Cake Filter Press
C13: No | D13: Date | E13: Id Sampel | F13: Met Lab Technician | G13: Berat Solid (gr) | H13: FP | I13: V Sampel (ml) | J13: V Agno3 (ml) | K13: M Agno3 | L13: Sandios ppm | M13: pH | Z13: Lab Technician
C14: 1 | D14: 46268 | E14: Filter Press Day Shift | F14: Gerald | G14: 1000 | H14: 1 | I14: 10 | J14: 0 | K14: 0.01 | L14: <0,05 | M14: 7 | Z14: 1 | AA14: Eka
C15: 2 | D15: 46269 | E15: Filter Press Day Shift | F15: Gerald | G15: 1000 | H15: 1 | I15: 10 | J15: 0 | K15: 0.01 | L15: <0,05 | M15: 7 | Z15: 2 | AA15: Gerald
C16: 3 | D16: 46269 | E16: Filter Press Night Shift | F16: Gerald | G16: 1000 | H16: 1 | I16: 10 | J16: 0 | K16: 0.01 | L16: <0,05 | M16: 7 | Z16: 3 | AA16: Krisna
C17: 4 | D17: 46270 | E17: Filter Press Day | F17: Gerald | G17: 1000 | H17: 1 | I17: 10 | J17: 0 | K17: 0.01 | L17: <0,05 | M17: 7
C18: 5 | D18: 46274 | E18: Filter PressDay | F18: Gerald | G18: 1000 | H18: 1 | I18: 10 | J18: 0 | K18: 0.01 | L18: <0,05 | M18: 7
C19: 6 | D19: 46274 | E19: Filter Press Night | F19: Gerald | G19: 1000 | H19: 1 | I19: 10 | J19: 0 | K19: 0.01 | L19: <0,05 | M19: 7
C20: 7 | D20: 46275 | E20: Filter Press Day | F20: Gerald | G20: 1000 | H20: 1 | I20: 10 | J20: 0 | K20: 0.01 | L20: <0,05 | M20: 7
C21: 8 | D21: 46275 | E21: Filter Press Night | F21: Gerald | G21: 1000 | H21: 1 | I21: 10 | J21: 0 | K21: 0.01 | L21: <0,05 | M21: 7
C22: 9 | D22: 46276 | E22: Filter Press Day | F22: Gerald | G22: 1000 | H22: 1 | I22: 10 | J22: 0 | K22: 0.01 | L22: <0,05 | M22: 7
C23: 10 | D23: 46276 | E23: Filter Press Night | F23: Gerald | G23: 1000 | H23: 1 | I23: 10 | J23: 0 | K23: 0.01 | L23: <0,05 | M23: 7
C24: 11 | D24: 46277 | E24: Filter Press Day | F24: Krisna | G24: 1000 | H24: 1 | I24: 10 | J24: 0 | K24: 0.01 | L24: <0,05 | M24: 7
C25: 12 | D25: 46277 | E25: Filter Press Night | F25: Krisna | G25: 1000 | H25: 1 | I25: 10 | J25: 0 | K25: 0.01 | L25: <0,05 | M25: 7
C26: 13 | D26: 46278 | E26: Filter Press Night | F26: Krisna | G26: 1000 | H26: 1 | I26: 10 | J26: 0 | K26: 0.01 | L26: <0,05 | M26: 7.1
C27: 14 | D27: 46279 | E27: Filter Press Day | F27: Krisna | G27: 1000 | H27: 1 | I27: 10 | J27: 0 | K27: 0.01 | L27: <0,05 | M27: 6.6
C28: 15 | D28: 46280 | E28: Filter Press Day | F28: Krisna | G28: 1000 | H28: 1 | I28: 10 | J28: 0 | K28: 0.01 | L28: <0,05 | M28: 6.8
... C34: 21 | D34: 46286 | E34: Filter Press Night | F34: Gerald | G34: 1000 | H34: 1 | I34: 10 | J34: 0 | K34: 0.01 | L34: <0,05 | M34: 7.9
C35: 22 | G35: 1000 | H35: 1 | I35: 10 | J35: 0 | K35: 0.01 | L35: =J35*100 -> 0
C36: 23 | G36: 1000 | H36: 1 | I36: 10 | J36: 0 | K36: 0.01 | L36: =J36*100 -> 0
C37: 24 | G37: 1000 | H37: 1 | I37: 10 | J37: 0 | K37: 0.01 | L37: =J37*100 -> 0
C38: 25 | G38: 1000 | H38: 1 | I38: 10 | J38: 0 | K38: 0.01 | L38: =J38*100 -> 0
C39: 26 | G39: 1000 | H39: 1 | I39: 10 | J39: 0 | K39: 0.01 | L39: =J39*100 -> 0
C40: 27 | G40: 1000 | H40: 1 | I40: 10 | J40: 0 | K40: 0.01 | L40: =J40*100 -> 0
C41: 28 | G41: 1000 | H41: 1 | I41: 10 | J41: 0 | K41: 0.01 | L41: =J41*100 -> 0
C42: 29 | G42: 1000 | H42: 1 | I42: 10 | J42: 0 | K42: 0.01 | L42: =J42*100 -> 0
C43: 30 | G43: 1000 | H43: 1 | I43: 10 | J43: 0 | K43: 0.01 | L43: =J43*100 -> 0
C44: 31 | G44: 1000 | H44: 1 | I44: 10 | J44: 0 | K44: 0.01 | L44: =J44*100 -> 0
C45: 32 | G45: 1000 | H45: 1 | I45: 10 | J45: 0 | K45: 0.01 | L45: =J45*100 -> 0
C46: 33 | G46: 1000 | H46: 1 | I46: 10 | J46: 0 | K46: 0.01 | L46: =J46*100 -> 0
... C49: 36 | G49: 1000 | H49: 1 | I49: 10 | J49: 0 | K49: 0.01 | L49: =J49*100 -> 0

Sheet LT Ball Mill
B2: Composite | T2: Average Daily | W2: Variance Com Vs Time
B3: No | C3: id batch | D3: Id sampel | E3: date | F3: au (g/t) | G3: ag (g/t) | H3: Cu (g/t) | M3: No | N3: id batch | O3: Id sampel | P3: date | Q3: au (g/t) | R3: ag (g/t) | S3: Cu (g/t) | T3: Au | U3: Ag | V3: Cu
B4: 1 | C4: 1 | D4: LF Ball Mill DS 1 | E4: 46265 | F4: 1.023 | G4: 0.31 | H4: 6.156 | M4: 1 | N4: 1 | O4: LF Ball Mill DS 10:00 | P4: 46265 | Q4: 0.83 | R4: 0.459 | S4: 4.757
B5: 2 | D5: LF Ball Mill DS 2 | E5: 46265 | F5: 0.949 | G5: 0.513 | H5: 5.956 | M5: 2 | N5: 1 | O5: LF Ball Mill DS 12:00 | P5: 46265 | Q5: 0.792 | R5: 0.46 | S5: 4.903
B6: 3 | D6: LF Ball Mill DS 3 | E6: 46265 | F6: 0.929 | G6: 0.407 | H6: 6.217 | I6: =AVERAGE(F4:F6) -> 0.967 | J6: =AVERAGE(G4:G6) -> 0.41 | K6: =AVERAGE(H4:H6) -> 6.1096667 | M6: 3 | N6: 1 | O6: LF Ball Mill DS 14:00 | P6: 46265 | Q6: 0.753 | R6: 0.589 | S6: 6.61
B7: 4 | D7: LF Ball Mill NS 1 | E7: 46265 | F7: 0.641 | G7: 0.557 | H7: 7.72 | M7: 4 | N7: 1 | O7: LF Ball Mill DS 16:00 | P7: 46265 | Q7: 0.97 | R7: 0.383 | S7: 7.683
B8: 5 | D8: LF Ball Mill NS 2 | E8: 46265 | F8: 0.637 | G8: 0.502 | H8: 7.51 | M8: 5 | N8: 1 | O8: LF Ball Mill DS 18:00 | P8: 46265 | Q8: 1.123 | R8: 0.289 | S8: 7.577 | T8: =AVERAGE(Q4:Q8) -> 0.8936 | U8: =AVERAGE(R4:R8) -> 0.436 | V8: =AVERAGE(S4:S8) -> 6.306 | W8: =T8-I6 -> -0.0734 | X8: =U8-J6 -> 0.026 | Y8: =V8-K6 -> 0.19633333 | Z8: =MEDIAN(Q4:Q8) -> 0.83 | AA8: =MEDIAN(R4:R8) -> 0.459 | AB8: =MEDIAN(S4:S8) -> 6.61
B9: 6 | D9: LF Ball Mill NS 3 | E9: 46265 | F9: 0.549 | G9: 0.526 | H9: 7.64 | M9: 6 | N9: 1 | O9: LF Ball Mill DS 08:00 | P9: 46266 | Q9: 1.802 | R9: 1.216 | S9: 9.18
B10: 7 | D10: LF Ball Mill DS 1 | E10: 46266 | F10: 0.646 | G10: 0.681 | H10: 7.62 | M10: 7 | N10: 1 | O10: LF Ball Mill DS 10:00 | P10: 46266 | Q10: 1.264 | R10: 1.156 | S10: 12.08
B11: 8 | D11: LF Ball Mill DS 2 | E11: 46266 | F11: 0.645 | G11: 0.687 | H11: 7.55 | I11: =AVERAGE(F10:F12) -> 0.647 | J11: =AVERAGE(G10:G12) -> 0.67433333 | K11: =AVERAGE(H10:H12) -> 7.5333333 | M11: 8 | N11: 1 | O11: LF Ball Mill DS 12:00 | P11: 46266 | Q11: 0.758 | R11: 0.949 | S11: 7.46
B12: 9 | D12: LF Ball Mill DS 3 | E12: 46266 | F12: 0.65 | G12: 0.655 | H12: 7.43 | M12: 9 | N12: 1 | O12: LF Ball Mill DS 14:00 | P12: 46266 | Q12: 0.777 | R12: 0.775 | S12: 7.2
B13: 10 | D13: LF Ball Mill NS 1 | E13: 46266 | F13: 0.641 | G13: 0.557 | H13: 7.72 | M13: 10 | N13: 1 | O13: LF Ball Mill DS 18:00 | P13: 46266 | Q13: 0.737 | R13: 0.815 | S13: 7.21 | T13: =AVERAGE(Q9:Q13) -> 1.0676 | U13: =AVERAGE(R9:R13) -> 0.9822 | V13: =AVERAGE(S9:S13) -> 8.626 | W13: =I11-T13 -> -0.4206 | X13: =J11-U13 -> -0.30786667 | Y13: =K11-V13 -> -1.0926667 | Z13: =MEDIAN(Q9:Q13) -> 0.777 | AA13: =MEDIAN(R9:R13) -> 0.949 | AB13: =MEDIAN(S9:S13) -> 7.46
B14: 11 | D14: LF Ball Mill NS 2 | E14: 46266 | F14: 0.637 | G14: 0.502 | H14: 7.51 | M14: 11 | N14: 1 | O14: LF Ball Mill DS 09:00 | P14: 46267 | Q14: 0.949 | R14: 0.79 | S14: 8.75
B15: 12 | D15: LF Ball Mill NS 3 | E15: 46266 | F15: 0.549 | G15: 0.526 | H15: 7.64 | M15: 12 | N15: 1 | O15: LF Ball Mill DS 11:00 | P15: 46267 | Q15: 0.971 | R15: 0.6 | S15: 7.56
B16: 13 | C16: 2 | D16: LF Ball Mill DS 1 | E16: 46267 | F16: 0.66 | G16: 0.32 | H16: 9.63 | M16: 13 | N16: 2 | O16: LF Ball Mill DS 13:00 | P16: 46267 | Q16: 0.988 | R16: 0.65 | S16: 8.44
B17: 14 | D17: LF Ball Mill DS 2 | E17: 46267 | F17: 0.824 | G17: 0.67 | H17: 9.79 | M17: 14 | N17: 2 | O17: LF Ball Mill DS 15:00 | P17: 46267 | Q17: 1.014 | R17: 0.43 | S17: 9.04
B18: 15 | D18: LF Ball Mill DS 3 | E18: 46267 | F18: 0.75 | G18: 0.78 | H18: 10.1 | I18: =AVERAGE(F16:F18) -> 0.74466667 | J18: =AVERAGE(G16:G18) -> 0.59 | K18: =AVERAGE(H16:H18) -> 9.84 | M18: 15 | N18: 2 | O18: LF Ball Mill DS 18:00 | P18: 46267 | Q18: 0.959 | R18: 0.62 | S18: 8.31 | T18: =AVERAGE(Q14:Q18) -> 0.9762 | U18: =AVERAGE(R14:R18) -> 0.618 | V18: =AVERAGE(S14:S18) -> 8.42 | W18: =I18-T18 -> -0.23153333 | X18: =J18-U18 -> -0.028 | Y18: =K18-V18 -> 1.42 | Z18: =MEDIAN(Q14:Q17) -> 0.9795 | AA18: =MEDIAN(R14:R17) -> 0.625 | AB18: =MEDIAN(S14:S17) -> 8.595
B19: 16 | D19: LF Ball Mill NS 1 | E19: 46267 | F19: 0.632 | G19: 1.103 | H19: 9.26 | M19: 16 | N19: 2 | O19: LF Ball Mill DS 12:00 | P19: 46268 | Q19: 0.82 | R19: 0.65 | S19: 6.55
B20: 17 | D20: LF Ball Mill NS 2 | E20: 46267 | F20: 0.631 | G20: 1.008 | H20: 9.24 | M20: 17 | N20: 2 | O20: LF Ball Mill DS 14:00 | P20: 46268 | Q20: 0.809 | R20: 0.66 | S20: 6.62
B21: 18 | D21: LF Ball Mill NS 3 | E21: 46267 | F21: 0.675 | G21: 1.089 | H21: 9.27 | M21: 18 | N21: 2 | O21: LF Ball Mill DS 18:00 | P21: 46268 | Q21: 0.764 | R21: 0.67 | S21: 7.17 | T21: =AVERAGE(Q19:Q21) -> 0.79766667 | U21: =AVERAGE(R19:R21) -> 0.66 | V21: =AVERAGE(S19:S21) -> 6.78 | W21: =T21-I24 -> 0.13633333 | X21: =U21-J24 -> -0.063333333 | Y21: =V21-K24 -> -1.2766667 | Z21: =MEDIAN(Q19:Q21) -> 0.809 | AA21: =MEDIAN(R19:R21) -> 0.66 | AB21: =MEDIAN(S19:S21) -> 6.62
B22: 19 | D22: LF Ball Mill DS 1 | E22: 46268 | F22: 0.668 | G22: 0.61 | H22: 8.17 | M22: 19 | N22: 3 | O22: LF Ball Mill DS 08:00 | P22: 46271 | Q22: 1.061 | R22: 0.73 | S22: 8.87
B23: 20 | D23: LF Ball Mill DS 2 | E23: 46268 | F23: 0.594 | G23: 0.71 | H23: 7.54 | M23: 20 | N23: 3 | O23: LF Ball Mill DS 10:00 | P23: 46271 | Q23: 0.909 | R23: 0.77 | S23: 9.69
B24: 21 | D24: LF Ball Mill DS 3 | E24: 46268 | F24: 0.722 | G24: 0.85 | H24: 8.46 | I24: =AVERAGE(F22:F24) -> 0.66133333 | J24: =AVERAGE(G22:G24) -> 0.72333333 | K24: =AVERAGE(H22:H24) -> 8.0566667 | M24: 21 | N24: 3 | O24: LF Ball Mill DS 12:00 | P24: 46271 | Q24: 0.848 | R24: 0.66 | S24: 8.73
B25: 22 | C25: 3 | D25: LF Ball Mill NS 1 | E25: 46270 | F25: 1.098 | G25: 0.82 | H25: 8.17 | M25: 21 | N25: 3 | O25: LF Ball Mill DS 16:00 | P25: 46271 | Q25: 0.83 | R25: 0.53 | S25: 8.72
B26: 23 | D26: LF Ball Mill NS 2 | E26: 46270 | F26: 1.088 | G26: 0.75 | H26: 8.1 | M26: 21 | N26: 3 | O26: LF Ball Mill DS 18:00 | P26: 46271 | Q26: 1.168 | R26: 0.83 | S26: 9.84
B27: 24 | D27: LF Ball Mill NS 3 | E27: 46270 | F27: 1.075 | G27: 0.75 | H27: 8.08
B28: 25 | D28: LF Ball Mill DS 1 | E28: 46271 | F28: 0.92 | G28: 0.57 | H28: 9.66
B29: 26 | D29: LF Ball Mill DS 2 | E29: 46271 | F29: 0.86 | G29: 0.54 | H29: 9.56
B30: 27 | D30: LF Ball Mill DS 3 | E30: 46271 | F30: 0.927 | G30: 0.6 | H30: 9.74
B31: 28 | D31: LF Ball Mill NS 1 | E31: 46271 | F31: 0.788 | G31: 0.62 | H31: 9.46
B32: 29 | D32: LF Ball Mill NS 2 | E32: 46271 | F32: 0.742 | G32: 0.6 | H32: 9.43
B33: 30 | D33: LF Ball Mill NS 3 | E33: 46271 | F33: 0.913 | G33: 0.68 | H33: 9.42
B34: 31 | D34: LF Ball Mill DS 1 | E34: 46272 | F34: 0.911 | G34: 0.95 | H34: 9.38
B35: 32 | D35: LF Ball Mill DS 2 | E35: 46272 | F35: 0.952 | G35: 0.98 | H35: 9.4
B36: 33 | D36: LF Ball Mill DS 3 | E36: 46272 | F36: 0.873 | G36: 0.93 | H36: 9.41
B37: 34 | C37: 4 | D37: LF Ball Mill NS 1 | E37: 46272 | F37: 0.531 | G37: 1.07 | H37: 8.87
B38: 35 | D38: LF Ball Mill NS 2 | E38: 46272 | F38: 0.501 | G38: 1.12 | H38: 8.99
B39: 36 | D39: LF Ball Mill NS 3 | E39: 46272 | F39: 0.559 | G39: 1.02 | H39: 8.92
B40: 37 | D40: LF Ball Mill DS 1 | E40: 46273 | F40: 0.664 | G40: 0.98 | H40: 9.05
B41: 38 | D41: LF Ball Mill DS 2 | E41: 46273 | F41: 0.645 | G41: 0.94 | H41: 9.03
B42: 39 | D42: LF Ball Mill DS 3 | E42: 46273 | F42: 0.631 | G42: 0.97 | H42: 9.23
B43: 40 | D43: LF Ball Mill NS 1 | E43: 46273 | F43: 0.61 | G43: 1.01 | H43: 7.79
B44: 41 | D44: LF Ball Mill NS 2 | E44: 46273 | F44: 0.633 | G44: 1.05 | H44: 7.71
B45: 42 | D45: LF Ball Mill NS 3 | E45: 46273 | F45: 0.662 | G45: 1.04 | H45: 7.93
B46: 43 | D46: LF Ball Mill DS 1 | E46: 46274 | F46: 0.596 | G46: 0.64 | H46: 7.27
B47: 44 | D47: LF Ball Mill DS 2 | E47: 46274 | F47: 0.594 | G47: 0.68 | H47: 7.24
B48: 45 | D48: LF Ball Mill DS 3 | E48: 46274 | F48: 0.587 | G48: 0.68 | H48: 7.21
B49: 46 | D49: LF Ball Mill NS 1 | E49: 46274 | F49: drain slurry
B50: 47 | D50: LF Ball Mill NS 2 | E50: 46274 | F50: ball mill mati
B51: 48 | D51: LF Ball Mill NS 3 | E51: 46274
B52: 49 | C52: 5 | D52: LF Ball Mill DS 1 | E52: 46275 | F52: 0.796 | G52: 0.64 | H52: 9.08
B53: 50 | D53: LF Ball Mill DS 2 | E53: 46275 | F53: 0.826 | G53: 0.72 | H53: 8.82
B54: 51 | D54: LF Ball Mill DS 3 | E54: 46275 | F54: 0.73 | G54: 0.63 | H54: 8.57
B55: 52 | D55: LF Ball Mill NS 1 | E55: 46275 | F55: 0.493 | G55: 0.45 | H55: 9.11
B56: 53 | D56: LF Ball Mill NS 2 | E56: 46275 | F56: 0.497 | G56: 0.52 | H56: 9.36
B57: 54 | D57: LF Ball Mill NS 3 | E57: 46275 | F57: 0.558 | G57: 0.32 | H57: 9.36
B58: 55 | D58: LF Ball Mill DS 1 | E58: 46276 | F58: 1.376 | G58: 0.99 | H58: 9.21
B59: 56 | D59: LF Ball Mill DS 2 | E59: 46276 | F59: 1.468 | G59: 0.93 | H59: 8.94
B60: 57 | D60: LF Ball Mill DS 3 | E60: 46276 | F60: 1.442 | G60: 1.06 | H60: 9.25
B61: 58 | C61: 6 | D61: LF Ball Mill NS 1 | E61: 46276 | F61: 0.28 | G61: 0.56 | H61: 7.41
B62: 59 | D62: LF Ball Mill NS 2 | E62: 46276 | F62: 0.233 | G62: 0.66 | H62: 7.27
B63: 60 | D63: LF Ball Mill NS 3 | E63: 46276 | F63: 0.282 | G63: 0.5 | H63: 8.1
B64: 61 | D64: LF Ball Mill DS 1 | E64: 46277 | F64: 0.278 | G64: 0.54 | H64: 6.85
B65: 62 | D65: LF Ball Mill DS 2 | E65: 46277 | F65: 0.313 | G65: 0.71 | H65: 6.29
B66: 63 | D66: LF Ball Mill DS 3 | E66: 46277 | F66: 0.325 | G66: 0.41 | H66: 7.25
B67: 64 | C67: 7 | D67: LF Ball Mill NS 1 | E67: 46279 | F67: 0.72 | G67: 0.57 | H67: 8.72
B68: 65 | D68: LF Ball Mill NS 2 | E68: 46279 | F68: 0.505 | G68: 0.55 | H68: 8.4
B69: 66 | D69: LF Ball Mill NS 3 | E69: 46279 | F69: 0.671 | G69: 0.64 | H69: 8.67
B70: 67 | D70: LF Ball Mill DS 1 | E70: 46280 | F70: 0.35 | G70: 0.49 | H70: 9.53
B71: 68 | D71: LF Ball Mill DS 2 | E71: 46280 | F71: 0.375 | G71: 0.46 | H71: 9.86
B72: 69 | D72: LF Ball Mill DS 3 | E72: 46280 | F72: 0.369 | G72: 0.45 | H72: 9.32
B73: 70 | D73: LF Ball Mill NS 1 | E73: 46280 | F73: 0.64 | G73: 0.58 | H73: 11.12
B74: 71 | D74: LF Ball Mill NS 2 | E74: 46280 | F74: 0.583 | G74: 0.53 | H74: 11.35
B75: 72 | D75: LF Ball Mill NS 3 | E75: 46280 | F75: 0.607 | G75: 0.55 | H75: 11.36
B76: 73 | C76: 8 | D76: LF Ball Mill DS 1 | E76: 46281 | F76: 0.449 | G76: 0.63 | H76: 11.56
B77: 74 | D77: LF Ball Mill DS 2 | E77: 46281 | F77: 0.468 | G77: 0.6 | H77: 11.66
B78: 75 | D78: LF Ball Mill DS 3 | E78: 46281 | F78: 0.438 | G78: 0.67 | H78: 11.67
B79: 76 | D79: LF Ball Mill NS 1 | E79: 46281 | F79: 0.596 | G79: 0.59 | H79: 9.13
B80: 77 | D80: LF Ball Mill NS 2 | E80: 46281 | F80: 0.585 | G80: 0.57 | H80: 9.29
B81: 78 | D81: LF Ball Mill NS 3 | E81: 46281 | F81: 0.583 | G81: 0.58 | H81: 9.14
B82: 79 | D82: LF Ball Mill DS 1 | E82: 46282 | F82: 0.577 | G82: 0.53 | H82: 10.92
B83: 80 | D83: LF Ball Mill DS 2 | E83: 46282 | F83: 0.68 | G83: 0.67 | H83: 10.54
B84: 81 | D84: LF Ball Mill DS 3 | E84: 46282 | F84: 0.586 | G84: 0.57 | H84: 11.77
B85: 82 | D85: LF Ball Mill NS 1 | E85: 46282 | F85: 0.736 | G85: 0.61 | H85: 9.9
B86: 83 | D86: LF Ball Mill NS 2 | E86: 46282 | F86: 0.691 | G86: 0.53 | H86: 10.31
B87: 84 | D87: LF Ball Mill NS 3 | E87: 46282 | F87: 0.629 | G87: 0.51 | H87: 8.64
B88: 85 | C88: 9 | D88: LF Ball Mill DS 1 | E88: 46283 | F88: 0.782 | G88: 0.55 | H88: 12.04
B89: 86 | D89: LF Ball Mill DS 2 | E89: 46283 | F89: 0.759 | G89: 0.52 | H89: 12.08
B90: 87 | D90: LF Ball Mill DS 3 | E90: 46283 | F90: 0.763 | G90: 0.54 | H90: 12.03
B91: 88 | D91: LF Ball Mill NS 1 | E91: 46283 | F91: 0.525 | G91: 0.74 | H91: 11.56
B92: 89 | D92: LF Ball Mill NS 2 | E92: 46283 | F92: 0.557 | G92: 0.72 | H92: 12.77
B93: 90 | D93: LF Ball Mill NS 3 | E93: 46283 | F93: 0.468 | G93: 0.69 | H93: 9.9
B94: 91 | D94: LF Ball Mill DS 1 | E94: 46284 | F94: 0.571 | G94: 0.8 | H94: 15.95
B95: 92 | D95: LF Ball Mill DS 2 | E95: 46284 | F95: 0.644 | G95: 1.04 | H95: 16.68
B96: 93 | D96: LF Ball Mill DS 3 | E96: 46284 | F96: 0.558 | G96: 1.06 | H96: 17.13
B97: 94 | D97: LF Ball Mill NS 1 | E97: 46284 | F97: 0.531 | G97: 1.17 | H97: 19.08
B98: 95 | D98: LF Ball Mill NS 2 | E98: 46284 | F98: 0.603 | G98: 1.39 | H98: 18.75
B99: 96 | D99: LF Ball Mill NS 3 | E99: 46284 | F99: 0.508 | G99: 1.14 | H99: 18.14
B100: 97 | C100: 10 | D100: LF Ball Mill DS 1 | E100: 46286 | F100: 1.046 | G100: 1.86 | H100: 19.69
B101: 98 | D101: LF Ball Mill DS 2 | E101: 46286 | F101: 0.949 | G101: 1.98 | H101: 20.5
...

Sheet Milling Down Time Hours
A3: Data milling
A4: Date | C4: Shift | D4: PIC | E4: Stop Time | F4: Start Time | G4: Down Time (Mins) | H4: Reason | I4: BATCH | J4: Running Time Hour/Shift | K4: Availibility per Shift | L4: Availibility Per Day | O4: Date | P4: Total Down Time (Mins) | Q4: Running Time (Hr) | R4: Availbility (%) | S4: Downtime (hr) | T4: Reason
A5: 46265 | C5: Day | D5: Toni | E5: 0.00069444444 | F5: 0.065972222 | G5: =(F5-E5)*1440 -> 94 | H5: Start Ball Mill 1 08:35, start ball mill 2 13:15, start ball mill 3 16:50, ball mill 1,2 dan 3 ada trouble kebocoran dan baud bermasalah | I5: 1 | J5: =(720-G5)/60 -> 10.433333 | K5: =J5/12 -> 0.86944444 | L5: =SUM(J5:J6)/24 -> 0.93472222 | O5: 46265 | P5: =SUM(G5:G6) -> 94 | Q5: =(1440-P5)/60 -> 22.433333 | R5: =Q5/24 -> 0.93472222 | S5: =P5/60 -> 1.5666667 | T5: =H5 -> Start Ball Mill 1 08:35, start ball mill 2 13:15, start ball mill 3 16:50, ball mill 1,2 dan 3 ada trouble kebocoran dan baud bermasalah | V5: Day
A6: 46265 | C6: Night | G6: =(F6-E6)*1440 -> 0 | J6: =(720-G6)/60 -> 12 | K6: =J6/12 -> 1 | O6: 46266 | P6: =SUM(G7:G8) -> 66 | Q6: =(1440-P6)/60 -> 22.9 | R6: =Q6/24 -> 0.95416667 | S6: =P6/60 -> 1.1 | T6: =H8 -> shift malam jam 20:59-21:40 stop thicekener tank bermasalah, jam 06:00-07:00 houskepping ball mill 3 meluap | V6: Night | AH6: =Q59 -> 438.86667 | AI6: =S59 -> 245.46667 | AJ6: =R59 -> 0.64130541
A7: 46266 | C7: Day | G7: =(F7-E7)*1440 -> 0 | J7: =(720-G7)/60 -> 12 | K7: =J7/12 -> 1 | L7: =SUM(J7:J8)/24 -> 0.95416667 | O7: 46267 | P7: =SUM(G9:G10) -> 120 | Q7: =(1440-P7)/60 -> 22 | R7: =Q7/24 -> 0.91666667 | S7: =P7/60 -> 2 | T7: =H9 -> Ball mill sampai jam 12 Cuma berjalan 1, housekepping material meluap dari ball mill 3 hingga jam 9 | AH7: Running Time Hour Tercatat | AI7: Down Time Hour Tercatat | AJ7: %Plant Availability
A8: 46266 | C8: Night | D8: Toni | E8: 0.00069444444 | F8: 0.046527778 | G8: =(F8-E8)*1440 -> 66 | H8: shift malam jam 20:59-21:40 stop thicekener tank bermasalah, jam 06:00-07:00 houskepping ball mill 3 meluap | J8: =(720-G8)/60 -> 10.9 | K8: =J8/12 -> 0.90833333 | O8: 46268 | P8: =SUM(G11:G12) -> 60 | Q8: =(1440-P8)/60 -> 23 | R8: =Q8/24 -> 0.95833333 | S8: =P8/60 -> 1 | T8: =H12 -> Stop ball mill jam 18:00 material finish pump ke tank 3, shift malam drain slurry tank 2
A9: 46267 | C9: Day | D9: Hadi | E9: 0.00069444444 | F9: 0.084027778 | G9: =(F9-E9)*1440 -> 120 | H9: Ball mill sampai jam 12 Cuma berjalan 1, housekepping material meluap dari ball mill 3 hingga jam 9 | I9: 2 | J9: =(720-G9)/60 -> 10 | K9: =J9/12 -> 0.83333333 | L9: =SUM(J9:J10)/24 -> 0.91666667 | O9: 46269 | P9: =SUM(G13:G14) -> 1440 | Q9: =(1440-P9)/60 -> 0 | R9: =Q9/24 -> 0 | S9: =P9/60 -> 24 | T9: =H13 -> drain slurry tank 2 dan 3, batch process 1 dan 2
A10: 46267 | C10: Night | G10: =(F10-E10)*1440 -> 0 | J10: =(720-G10)/60 -> 12 | K10: =J10/12 -> 1 | O10: 46270 | P10: =SUM(G15:G16) -> 780 | Q10: =(1440-P10)/60 -> 11 | R10: =Q10/24 -> 0.45833333 | S10: =P10/60 -> 13 | T10: =H16 -> Drain Slurry tank 3, genset 600 dan 750 rusak, ball mill baru mulai shift malam, hanya 1 ball milll dikarenakan genset pakai 300
A11: 46268 | C11: Day | G11: =(F11-E11)*1440 -> 0 | J11: =(720-G11)/60 -> 12 | K11: =J11/12 -> 1 | L11: =SUM(J11:J12)/24 -> 0.95833333 | O11: 46271 | P11: =SUM(G17:G18) -> 130 | Q11: =(1440-P11)/60 -> 21.833333 | R11: =Q11/24 -> 0.90972222 | S11: =P11/60 -> 2.1666667
A12: 46268 | C12: Night | D12: Toni | E12: 0.00069444444 | F12: 0.042361111 | G12: =(F12-E12)*1440 -> 60 | H12: Stop ball mill jam 18:00 material finish pump ke tank 3, shift malam drain slurry tank 2 | J12: =(720-G12)/60 -> 11 | K12: =J12/12 -> 0.91666667 | O12: 46272 | P12: =SUM(G19:G20) -> 93 | Q12: =(1440-P12)/60 -> 22.45 | R12: =Q12/24 -> 0.93541667 | S12: =P12/60 -> 1.55 | T12: Ball mill 3 yang baru start jam 09:15, pada jam 13:40 ball mill baru kapasitas 300 tpd mati jam | V12: =SUM(S17:S19) -> 62
A13: 46269 | C13: Day | D13: Hadi | E13: 0.00069444444 | F13: 0.50069444 | G13: =(F13-E13)*1440 -> 720 | H13: drain slurry tank 2 dan 3, batch process 1 dan 2 | J13: =(720-G13)/60 -> 0 | K13: =J13/12 -> 0 | L13: =SUM(J13:J14)/24 -> 0 | O13: 46273 | P13: =SUM(G21:G22) -> 253 | Q13: =(1440-P13)/60 -> 19.783333 | R13: =Q13/24 -> 0.82430556 | S13: =P13/60 -> 4.2166667 | T13: =H20 -> Start ball mill 19:30 jalan 2 ball mill no 1 dan 2, jam 21:30 jalan 3 ball mill, no 3 ball mill baru jalan sampai jam 01:45. dari jam 02:25 jalan hanya 1 ball mill, karena genset 750 rusak, hanya pakai genset 300
A14: 46269 | C14: Night | D14: Toni | E14: 0.00069444444 | F14: 0.50069444 | G14: =(F14-E14)*1440 -> 720 | H14: drain slurry tank 2 dan 3, batch process 1 dan 2 | J14: =(720-G14)/60 -> 0 | K14: =J14/12 -> 0 | O14: 46274 | P14: =SUM(G22:G23) -> 693 | Q14: =(1440-P14)/60 -> 12.45 | R14: =Q14/24 -> 0.51875 | S14: =P14/60 -> 11.55 | T14: Ball Mill Finish pump to tank 3 batch 4 jam 10:00, drain slurry tank 2 batch 3.
A15: 46270 | C15: Day | E15: 0.00069444444 | F15: 0.50069444 | G15: =(F15-E15)*1440 -> 720 | H15: Stop Genset Rusak | I15: 3 | J15: =(720-G15)/60 -> 0 | K15: =J15/12 -> 0 | L15: =SUM(J15:J16)/24 -> 0.45833333 | O15: 46275 | P15: =SUM(G25:G26) -> 178 | Q15: =(1440-P15)/60 -> 21.033333 | R15: =Q15/24 -> 0.87638889 | S15: =P15/60 -> 2.9666667
A16: 46270 | C16: Night | D16: Toni | E16: 0.00069444444 | F16: 0.042361111 | G16: =(F16-E16)*1440 -> 60 | H16: Drain Slurry tank 3, genset 600 dan 750 rusak, ball mill baru mulai shift malam, hanya 1 ball milll dikarenakan genset pakai 300 | J16: =(720-G16)/60 -> 11 | K16: =J16/12 -> 0.91666667 | O16: 46276 | P16: =SUM(G27:G28) -> 661 | Q16: =(1440-P16)/60 -> 12.983333 | R16: =Q16/24 -> 0.54097222 | S16: =P16/60 -> 11.016667
A17: 46271 | C17: Day | D17: Kristo | E17: 0.00069444444 | F17: 0.18125 | G17: =(F17-E17)*720 -> 130 | H17: Genset mengalami masalah sekitar 120 menit | J17: =(720-G17)/60 -> 9.8333333 | K17: =J17/12 -> 0.81944444 | L17: =SUM(J17:J18)/24 -> 0.90972222 | O17: 46277 | P17: =SUM(G29:G30) -> 1440 | Q17: =(1440-P17)/60 -> 0 | R17: =Q17/24 -> 0 | S17: =P17/60 -> 24
A18: 46271 | C18: Night | D18: Yanli | G18: =(F18-E18)*1440 -> 0 | H18: Shift malam ada kebocoran pada ball mill 3 jam 06:30, jalan ball mill 1 dan 2 | J18: =(720-G18)/60 -> 12 | K18: =J18/12 -> 1 | O18: 46278 | P18: =SUM(G31:G32) -> 1440 | Q18: =(1440-P18)/60 -> 0 | R18: =Q18/24 -> 0 | S18: =P18/60 -> 24
A19: 46272 | C19: Day | D19: Toni | E19: 0.00069444444 | F19: 0.013888889 | G19: =(F19-E19)*1440 -> 19 | H19: Ball mill no 3 yang baru start jam 09:15, pada jam 13:40 ball mill baru kapasitas 300 tpd mati. | J19: =(720-G19)/60 -> 11.683333 | K19: =J19/12 -> 0.97361111 | L19: =SUM(J19:J20)/24 -> 0.93541667 | O19: 46279 | P19: =SUM(G33:G34) -> 840 | Q19: =(1440-P19)/60 -> 10 | R19: =Q19/24 -> 0.41666667 | S19: =P19/60 -> 14
A20: 46272 | C20: Night | D20: Toni | E20: 0.00069444444 | F20: 0.052083333 | G20: =(F20-E20)*1440 -> 74 | H20: Start ball mill 19:30 jalan 2 ball mill no 1 dan 2, jam 21:30 jalan 3 ball mill, no 3 ball mill baru jalan sampai jam 01:45. dari jam 02:25 jalan hanya 1 ball mill, karena genset 750 rusak, hanya pakai genset 300 | I20: 4 | J20: =(720-G20)/60 -> 10.766667 | K20: =J20/12 -> 0.89722222 | O20: 46280 | P20: =SUM(G35:G36) -> 0 | Q20: =(1440-P20)/60 -> 24 | R20: =Q20/24 -> 1 | S20: =P20/60 -> 0
A21: 46273 | C21: Day | D21: Toni | E21: 0.00069444444 | F21: 0.070138889 | G21: =(F21-E21)*1440 -> 100 | H21: start 1 ball mill jam 07:04 masalah pada genset, start 2 ball mill jam 09:19. ball mill baru no 3 start jam 14:46, ball mill baru no 3 hanya berjalan 3 jam, ada masalah pada pompa dan genset. Efektifitas kerja ball mill adalah no 1 dan 2 running hour mencapai 10 hour | J21: =(720-G21)/60 -> 10.333333 | K21: =J21/12 -> 0.86111111 | L21: =SUM(J21:J22)/24 -> 0.82430556 | O21: 46281 | P21: =SUM(G37:G38) -> 64 | Q21: =(1440-P21)/60 -> 22.933333 | R21: =Q21/24 -> 0.95555556 | S21: =P21/60 -> 1.0666667
A22: 46273 | C22: Night | D22: Deny | E22: 0.00069444444 | F22: 0.10694444 | G22: =(F22-E22)*1440 -> 153 | H22: start ball mill 1 dan 2, jam 20:33. ball mill baru no 3 start jam 21:08. jam 06:44 ball mill no 2 bocor | J22: =(720-G22)/60 -> 9.45 | K22: =J22/12 -> 0.7875 | O22: 46282 | P22: =SUM(G39:G40) -> 0 | Q22: =(1440-P22)/60 -> 24 | R22: =Q22/24 -> 1 | S22: =P22/60 -> 0
A23: 46274 | C23: Day | D23: Toni | E23: 0.00069444444 | F23: 0.37569444 | G23: =(F23-E23)*1440 -> 540 | H23: Ball Mill Finish pump slurry to tank 3 batch 3, drain slurry tank 2 batch 3 | J23: =(720-G23)/60 -> 3 | K23: =J23/12 -> 0.25 | L23: =SUM(J23:J24)/24 -> 0.125 | O23: 46283 | P23: =SUM(G41:G42) -> 175 | Q23: =(1440-P23)/60 -> 21.083333 | R23: =Q23/24 -> 0.87847222 | S23: =P23/60 -> 2.9166667
A24: 46274 | C24: Night | D24: Toni | E24: 0.00069444444 | F24: 0.50069444 | G24: =(F24-E24)*1440 -> 720 | H24: Drain Slurry Tank 2 Batch 3 | J24: =(720-G24)/60 -> 0 | K24: =J24/12 -> 0 | O24: 46284 | P24: =SUM(G43:G44) -> 360 | Q24: =(1440-P24)/60 -> 18 | R24: =Q24/24 -> 0.75 | S24: =P24/60 -> 6
A25: 46275 | C25: Day | D25: Toni | E25: 0.00069444444 | F25: 0.060416667 | G25: =(F25-E25)*1440 -> 86 | H25: Start ball mill jam 07:23, jam 09:19-10:23 pompa tank pengental eror | I25: 5 | J25: =(720-G25)/60 -> 10.566667 | K25: =J25/12 -> 0.88055556 | L25: =SUM(J25:J26)/24 -> 0.87638889 | O25: 46285 | P25: =SUM(G45:G46) -> 1440 | Q25: =(1440-P25)/60 -> 0 | R25: =Q25/24 -> 0 | S25: =P25/60 -> 24 | T25: Perbaikan Tank Floculation
A26: 46275 | C26: Night | D26: Septian | E26: 0.00069444444 | F26: 0.064583333 | G26: =(F26-E26)*1440 -> 92 | H26: GENSET 750 MATI | J26: =(720-G26)/60 -> 10.466667 | K26: =J26/12 -> 0.87222222 | O26: 46286 | P26: =SUM(G47:G48) -> 605 | Q26: =(1440-P26)/60 -> 13.916667 | R26: =Q26/24 -> 0.57986111 | S26: =P26/60 -> 10.083333 | T26: Ball Mill 02 BD, BM 04 tidak stabil bocor terus pemai
A27: 46276 | C27: Day | D27: Toni | E27: 0.00069444444 | F27: 0.043055556 | G27: =(F27-E27)*1440 -> 61 | H27: start ball mill 1 dan 2 sampai jam 15:25. selesai pengisian tank slurry ke tanki no 2 batch pengolahan 5 jam 10:23, ball mill kembali berjalan 12:36 pengisian slurry ke tanki 03 batch pengolahan 6 | J27: =(720-G27)/60 -> 10.983333 | K27: =J27/12 -> 0.91527778 | L27: =SUM(J27:J28)/24 -> 0.54097222 | O27: 46287 | P27: =SUM(G49:G50) -> 165 | Q27: =(1440-P27)/60 -> 21.25 | R27: =Q27/24 -> 0.88541667 | S27: =P27/60 -> 2.75
A28: 46276 | C28: Night | D28: Toni | E28: 0.00069444444 | F28: 0.41736111 | G28: =(F28-E28)*1440 -> 600 | H28: Jalan ball mill 1-2 sampai jam 15:25, jalan ketiga ball mill pada jam 15:25, ball mill 2 mati di jam 17:00 dikarenakan ada kebocoran, pada jam 21:05 ball mill 1,2 dan 3 mati dikarenakan overload material pada tanki thcikener sehingga agitator stuck | I28: 6 | J28: =(720-G28)/60 -> 2 | K28: =J28/12 -> 0.16666667 | O28: 46288 | P28: =SUM(G51:G52) -> 270 | Q28: =(1440-P28)/60 -> 19.5 | R28: =Q28/24 -> 0.8125 | S28: =P28/60 -> 4.5
A29: 46277 | C29: Day | D29: Toni | E29: 0.00069444444 | F29: 0.50069444 | G29: =(F29-E29)*1440 -> 720 | H29: break down tanki thickener karena material overload pada tanki thickener | J29: =(720-G29)/60 -> 0 | K29: =J29/12 -> 0 | L29: =SUM(J29:J30)/24 -> 0 | O29: 46289 | P29: =SUM(G53:G54) -> 0 | Q29: =(1440-P29)/60 -> 24 | R29: =Q29/24 -> 1 | S29: =P29/60 -> 0
A30: 46277 | C30: Night | D30: Toni | E30: 0.00069444444 | F30: 0.50069444 | G30: =(F30-E30)*1440 -> 720 | H30: clean up material overload thickener tank batch 6 dan pengisian material ke tank 3 | J30: =(720-G30)/60 -> 0 | K30: =J30/12 -> 0 | O30: 46290 | P30: =SUM(G55:G56) -> 881 | Q30: =(1440-P30)/60 -> 9.3166667 | R30: =Q30/24 -> 0.38819444 | S30: =P30/60 -> 14.683333
A31: 46278 | C31: Day | D31: Hadi | E31: 0.00069444444 | F31: 0.50069444 | G31: =(F31-E31)*1440 -> 720 | H31: Clean up material thickener dan perbaikan tanki thickener | J31: =(720-G31)/60 -> 0 | K31: =J31/12 -> 0 | L31: =SUM(J31:J32)/24 -> 0 | O31: 46291 | P31: =SUM(G57:G58) -> 1440 | Q31: =(1440-P31)/60 -> 0 | R31: =Q31/24 -> 0 | S31: =P31/60 -> 24
A32: 46278 | C32: Night | D32: Toni | E32: 0.00069444444 | F32: 0.50069444 | G32: =(F32-E32)*1440 -> 720 | J32: =(720-G32)/60 -> 0 | K32: =J32/12 -> 0 | O32: 46292 | P32: =SUM(G59:G60) -> 300 | Q32: =(1440-P32)/60 -> 19 | R32: =Q32/24 -> 0.79166667 | S32: =P32/60 -> 5
A33: 46279 | C33: Day | D33: Toni | E33: 0.00069444444 | F33: 0.50069444 | G33: =(F33-E33)*1440 -> 720 | J33: =(720-G33)/60 -> 0 | K33: =J33/12 -> 0 | L33: =SUM(J33:J34)/24 -> 0.41666667 | O33: 46293 | P33: =SUM(G61:G62) -> 0 | R33: =Q33/24 -> 0 | S33: =P33/60 -> 0
A34: 46279 | C34: Night | D34: Tony S | E34: 0.00069444444 | F34: 0.084027778 | G34: =(F34-E34)*1440 -> 120 | H34: Start Ball Mill jam 20:30 | I34: 7 | J34: =(720-G34)/60 -> 10 | K34: =J34/12 -> 0.83333333 | O34: 46294 | P34: =SUM(G63:G64) -> 740 | R34: =Q34/24 -> 0 | S34: =P34/60 -> 12.333333
A35: 46280 | C35: Day | D35: Deny | G35: =(F35-E35)*1440 -> 0 | H35: Ball mill jalan 3; ball mill 2 jam 15:35 mati (maintenance di gear grith) | J35: =(720-G35)/60 -> 12 | K35: =J35/12 -> 1 | L35: =SUM(J35:J36)/24 -> 1 | O35: 46295 | P35: =SUM(G65:G66) -> 1440 | R35: =Q35/24 -> 0
A36: 46280 | C36: Night | D36: Tony S | G36: =(F36-E36)*1440 -> 0 | H36: Ball mill jalan 3; ball mill 2 maintenance, slurry pump to tank 2 batch 7 finish jam 02:39 | J36: =(720-G36)/60 -> 12 | K36: =J36/12 -> 1 | O36: 46296 | P36: =SUM(G67:G68) -> 1440 | R36: =Q36/24 -> 0
A37: 46281 | C37: Day | D37: Deny | G37: =(F37-E37)*1440 -> 0 | H37: Ball mill jalan 3; ball mill 2 maintenance | I37: 8 | J37: =(720-G37)/60 -> 12 | K37: =J37/12 -> 1 | L37: =SUM(J37:J38)/24 -> 0.95555556 | O37: 46297 | P37: =SUM(G69:G70) -> 1440 | R37: =Q37/24 -> 0
A38: 46281 | C38: Night | D38: Suono | E38: 0.00069444444 | F38: 0.045138889 | G38: =(F38-E38)*1440 -> 64 | H38: Ball mill 1-2 perbaikan gear grith 00:30 , jam 04:00 ball mill 3-4 perbaikan, running lagi 3-4 jam 5 | J38: =(720-G38)/60 -> 10.933333 | K38: =J38/12 -> 0.91111111 | O38: 46298 | P38: =SUM(G73:G74) -> 10 | R38: =Q38/24 -> 0
A39: 46282 | C39: Day | D39: Yan Lee | G39: =(F39-E39)*1440 -> 0 | H39: Running with two Ball Mill (3&4), ball mill 3 sempat bocor & baut longgar, begitupun ball mill 4 | J39: =(720-G39)/60 -> 12 | K39: =J39/12 -> 1 | L39: =SUM(J39:J40)/24 -> 1 | O39: 46299 | R39: =Q39/24 -> 0
A40: 46282 | C40: Night | D40: Suono | G40: =(F40-E40)*1440 -> 0 | H40: Running Ball Mill 3-4. jam 19:20 running ball mill 1,3 dan 4 | J40: =(720-G40)/60 -> 12 | K40: =J40/12 -> 1 | O40: 46300 | R40: =Q40/24 -> 0
A41: 46283 | C41: Day | D41: Septian | E41: 0.00069444444 | F41: 0.12222222 | G41: =(F41-E41)*1440 -> 175 | H41: Kabel putus kena batu mengakibatkan putus aliran listrik dari genset ke pabrik | I41: 9 | J41: =(720-G41)/60 -> 9.0833333 | K41: =J41/12 -> 0.75694444 | L41: =SUM(J41:J42)/24 -> 0.87847222 | O41: 46301 | R41: =Q41/24 -> 0
A42: 46283 | C42: Night | D42: Awal/Suono | E42: 0.00069444444 | F42: 0.00069444444 | G42: =(F42-E42)*1440 -> 0 | H42: Running Ball Mill No 1,3 dan 4 | J42: =(720-G42)/60 -> 12 | K42: =J42/12 -> 1 | O42: 46302 | R42: =Q42/24 -> 0
A43: 46284 | C43: Day | D43: Yanli | E43: 0.00069444444 | F43: 0.00069444444 | G43: =(F43-E43)*1440 -> 0 | H43: Running Ball Mill No 1,3 dan 4 | J43: =(720-G43)/60 -> 12 | K43: =J43/12 -> 1 | L43: =SUM(J43:J44)/24 -> 0.75 | O43: 46303 | R43: =Q43/24 -> 0
A44: 46284 | C44: Night | D44: Kristo Suono | E44: 0.00069444444 | F44: 0.25069444 | G44: =(F44-E44)*1440 -> 360 | H44: Selesai pengisian tank 2, drain slurry tank 3 tanki floculant bermasalah | J44: =(720-G44)/60 -> 6 | K44: =J44/12 -> 0.5 | O44: 46304 | R44: =Q44/24 -> 0
A45: 46285 | C45: Day | D45: Toni | E45: 0.00069444444 | F45: 0.50069444 | G45: =(F45-E45)*1440 -> 720 | H45: Floculation Tank bermasalah drain slurry tank 3 terhambat, ball mill stop | I45: 10 | J45: =(720-G45)/60 -> 0 | K45: =J45/12 -> 0 | L45: =SUM(J45:J46)/24 -> 0 | O45: 46305 | R45: =Q45/24 -> 0
A46: 46285 | C46: Night | D46: Yanli | E46: 0.00069444444 | F46: 0.50069444 | G46: =(F46-E46)*1440 -> 720 | H46: Perbaikan tanki Floculation | J46: =(720-G46)/60 -> 0 | K46: =J46/12 -> 0 | O46: 46306 | R46: =Q46/24 -> 0
A47: 46286 | C47: Day | D47: Kristo | E47: 0.00069444444 | F47: 0.4 | G47: =(F47-E47)*1440 -> 575 | H47: Perbaikan tanki Floculation, Ada kebocoran screen pada tanki 02 | J47: =(720-G47)/60 -> 2.4166667 | K47: =J47/12 -> 0.20138889 | L47: =SUM(J47:J48)/24 -> 0.57986111 | O47: 46307 | R47: =Q47/24 -> 0
A48: 46286 | C48: Night | D48: Septian | E48: 0.00069444444 | F48: 0.021527778 | G48: =(F48-E48)*1440 -> 30 | H48: Start ball mill jam 19:30 | J48: =(720-G48)/60 -> 11.5 | K48: =J48/12 -> 0.95833333 | O48: 46308 | R48: =Q48/24 -> 0
A49: 46287 | C49: Day | D49: Kristo | E49: 0.00069444444 | F49: 0.00069444444 | G49: =(F49-E49)*1440 -> 0 | H49: Running Ball Mill 1 dan 3, BM 02 BD | J49: =(720-G49)/60 -> 12 | K49: =J49/12 -> 1 | L49: =SUM(J49:J50)/24 -> 0.88541667 | O49: 46309 | R49: =Q49/24 -> 0
A50: 46287 | C50: Night | D50: Rivai | E50: 0.00069444444 | F50: 0.11527778 | G50: =(F50-E50)*1440 -> 165 | H50: Stop Ball Mill Pengisian Batch 10 tank 3 finish jam 05:45, tank 2 screen carbon rusak | J50: =(720-G50)/60 -> 9.25 | K50: =J50/12 -> 0.77083333 | O50: 46310 | R50: =Q50/24 -> 0
A51: 46288 | C51: Day | D51: Kristo | E51: 0.00069444444 | F51: 0.18819444 | G51: =(F51-E51)*1440 -> 270 | H51: Genset 750 Trouble start ball mill jam 14:30 | J51: =(720-G51)/60 -> 7.5 | K51: =J51/12 -> 0.625 | L51: =SUM(J51:J52)/24 -> 0.8125 | O51: 46311 | R51: =Q51/24 -> 0
A52: 46288 | C52: Night | D52: Septian | E52: 0.00069444444 | F52: 0.00069444444 | G52: =(F52-E52)*1440 -> 0 | H52: Jam 05:50 ball mill 03 mati perbaikan | J52: =(720-G52)/60 -> 12 | K52: =J52/12 -> 1 | O52: 46312 | R52: =Q52/24 -> 0
A53: 46289 | C53: Day | D53: Kristo | E53: 0.00069444444 | F53: 0.00069444444 | G53: =(F53-E53)*1440 -> 0 | H53: Finish Pump slurry to tank3 batch 10 jam 13:30 | J53: =(720-G53)/60 -> 12 | K53: =J53/12 -> 1 | L53: =SUM(J53:J54)/24 -> 1 | O53: 46313 | R53: =Q53/24 -> 0
A54: 46289 | C54: Night | D54: Toni | E54: 0.00069444444 | F54: 0.00069444444 | G54: =(F54-E54)*1440 -> 0 | H54: Start Batch 11 Tank 2 | I54: 11 | J54: =(720-G54)/60 -> 12 | K54: =J54/12 -> 1 | O54: 46314 | R54: =Q54/24 -> 0
A55: 46290 | C55: Day | D55: Kristo | E55: 0.00069444444 | F55: 0.1125 | G55: =(F55-E55)*1440 -> 161 | H55: Perbaikan tanki thickener tank batch 8 fimish pump, bearing agitator perbaikan | J55: =(720-G55)/60 -> 9.3166667 | K55: =J55/12 -> 0.77638889 | L55: =SUM(J55:J56)/24 -> 0.38819444 | O55: 46315 | R55: =Q55/24 -> 0
A56: 46290 | C56: Night | D56: Septian | E56: 0.00069444444 | F56: 0.50069444 | G56: =(F56-E56)*1440 -> 720 | H56: Perbaikan Bearing tanki thickener, drain slurry terhambat karena air habis | J56: =(720-G56)/60 -> 0 | K56: =J56/12 -> 0 | O56: 46316 | R56: =Q56/24 -> 0
A57: 46291 | C57: Day | D57: Septian | E57: 0.00069444444 | F57: 0.50069444 | G57: =(F57-E57)*1440 -> 720 | H57: Perbaikan bearing thickener, dan perbaikan tanki floculation, Batch 11 Tank 3 star jam 15:00 | J57: =(720-G57)/60 -> 0 | K57: =J57/12 -> 0 | L57: =SUM(J57:J58)/24 -> 0 | O57: 46317 | R57: =Q57/24 -> 0
A58: 46291 | C58: Night | D58: Kristo | E58: 0.00069444444 | F58: 0.50069444 | G58: =(F58-E58)*1440 -> 720 | H58: Pergantian genset | J58: =(720-G58)/60 -> 0 | K58: =J58/12 -> 0 | O58: 46318 | R58: =Q58/24 -> 0
A59: 46292 | C59: Day | D59: Septian | E59: 0.00069444444 | F59: 0.16736111 | G59: =(F59-E59)*1440 -> 240 | H59: Perbaikan bearing thickener, dan perbaikan tanki floculation, Batch 11 Tank 3 star jam 15:00 | I59: 12 | J59: =(720-G59)/60 -> 8 | K59: =J59/12 -> 0.66666667 | L59: =SUM(J59:J60)/24 -> 0.79166667 | P59: =SUM(P5:P58) -> 19058 | Q59: =SUM(Q5:Q58) -> 438.86667 | R59: =Q59/(Q59+S59) -> 0.64130541 | S59: =SUM(S5:S58) -> 245.46667
A60: 46292 | C60: Night | D60: Kristo | E60: 0.00069444444 | F60: 0.042361111 | G60: =(F60-E60)*1440 -> 60 | H60: Pergantian genset, ball mill running no 1 dan 3 | I60: 12 | J60: =(720-G60)/60 -> 11 | K60: =J60/12 -> 0.91666667 | P60: =P59/60 -> 317.63333 | Q60: =Q59/24 -> 18.286111 | R60: =Q60+S60 -> 28.513889 | S60: =S59/24 -> 10.227778
A61: 46293 | C61: Day | D61: Septian | E61: 0.00069444444 | F61: 0.00069444444 | G61: =(F61-E61)*1440 -> 0 | H61: Jalan ball mill 1, 2, dan 3 | I61: 12 | J61: =(720-G61)/60 -> 12 | K61: =J61/12 -> 1 | L61: =SUM(J61:J62)/24 -> 1
A62: 46293 | C62: Night | D62: Kristo | E62: 0.00069444444 | F62: 0.00069444444 | G62: =(F62-E62)*1440 -> 0 | H62: Jalan ball mill 1.2 dan3, Ball mill 1 mati selama 2 jam, ball mill no 2 mati 2 jam | I62: 12 | J62: =(720-G62)/60 -> 12 | K62: =J62/12 -> 1
A63: 46294 | C63: Day | D63: Septian | E63: 0.00069444444 | F63: 0.014583333 | G63: =(F63-E63)*1440 -> 20 | H63: Running Ball Mill 3 dan 2 | I63: 12 | J63: =(720-G63)/60 -> 11.666667 | K63: =J63/12 -> 0.97222222
A64: 46294 | C64: Night | E64: 0.00069444444 | F64: 0.50069444 | G64: =(F64-E64)*1440 -> 720 | J64: =(720-G64)/60 -> 0 | K64: =J64/12 -> 0
A65: 46295 | C65: Day | E65: 0.00069444444 | F65: 0.50069444 | G65: =(F65-E65)*1440 -> 720 | J65: =(720-G65)/60 -> 0 | K65: =J65/12 -> 0
A66: 46295 | C66: Night | E66: 0.00069444444 | F66: 0.50069444 | G66: =(F66-E66)*1440 -> 720 | J66: =(720-G66)/60 -> 0 | K66: =J66/12 -> 0
A67: 46296 | C67: Day | E67: 0.00069444444 | F67: 0.50069444 | G67: =(F67-E67)*1440 -> 720 | J67: =(720-G67)/60 -> 0 | K67: =J67/12 -> 0
A68: 46296 | C68: Night | E68: 0.00069444444 | F68: 0.50069444 | G68: =(F68-E68)*1440 -> 720 | J68: =(720-G68)/60 -> 0 | K68: =J68/12 -> 0
A69: 46297 | C69: Day | E69: 0.00069444444 | F69: 0.50069444 | G69: =(F69-E69)*1440 -> 720 | J69: =(720-G69)/60 -> 0 | K69: =J69/12 -> 0
A70: 46297 | C70: Night | E70: 0.00069444444 | F70: 0.50069444 | G70: =(F70-E70)*1440 -> 720 | J70: =(720-G70)/60 -> 0 | K70: =J70/12 -> 0
A71: 46298 | C71: Day | E71: 0.00069444444 | F71: 0.50069444 | G71: =(F71-E71)*1440 -> 720 | J71: =(720-G71)/60 -> 0 | K71: =J71/12 -> 0
A72: 46298 | C72: Night | E72: 0.00069444444 | F72: 0.50069444 | G72: =(F72-E72)*1440 -> 720 | J72: =(720-G72)/60 -> 0 | K72: =J72/12 -> 0
A73: 46299 | C73: Day | E73: 0.00069444444 | F73: 0.00069444444 | G73: =(F73-E73)*1440 -> 0 | J73: =(720-G73)/60 -> 12 | K73: =J73/12 -> 1
A74: 46299 | C74: Night | E74: 0.00069444444 | F74: 0.0076388889 | G74: =(F74-E74)*1440 -> 10 | H74: Peralihan genset | I74: 13 | J74: =(720-G74)/60 -> 11.833333 | K74: =J74/12 -> 0.98611111
A75: 46300 | C75: Day | E75: 0.00069444444 | F75: 0.00069444444 | G75: =(F75-E75)*1440 -> 0 | I75: 13 | J75: =(720-G75)/60 -> 12 | K75: =J75/12 -> 1
A76: 46300 | C76: Night | E76: 0.00069444444 | F76: 0.50069444 | G76: =(F76-E76)*1440 -> 720 | H76: Ada perbaikan pada tanki thickener tank, | J76: =(720-G76)/60 -> 0 | K76: =J76/12 -> 0
A77: 46301 | C77: Day | G77: =(F77-E77)*1440 -> 0 | J77: =(720-G77)/60 -> 12 | K77: =J77/12 -> 1
A78: 46301 | C78: Night | G78: =(F78-E78)*1440 -> 0 | J78: =(720-G78)/60 -> 12 | K78: =J78/12 -> 1
A79: 46302 | C79: Day | G79: =(F79-E79)*1440 -> 0 | J79: =(720-G79)/60 -> 12 | K79: =J79/12 -> 1
A80: 46302 | C80: Night | G80: =(F80-E80)*1440 -> 0 | J80: =(720-G80)/60 -> 12 | K80: =J80/12 -> 1
A81: 46303 | C81: Day | G81: =(F81-E81)*1440 -> 0 | J81: =(720-G81)/60 -> 12 | K81: =J81/12 -> 1
A82: 46303 | C82: Night | G82: =(F82-E82)*1440 -> 0 | J82: =(720-G82)/60 -> 12 | K82: =J82/12 -> 1
A83: 46304 | C83: Day | G83: =(F83-E83)*1440 -> 0 | J83: =(720-G83)/60 -> 12 | K83: =J83/12 -> 1
A84: 46304 | C84: Night | G84: =(F84-E84)*1440 -> 0 | J84: =(720-G84)/60 -> 12 | K84: =J84/12 -> 1
A85: 46305 | C85: Day | G85: =(F85-E85)*1440 -> 0 | J85: =(720-G85)/60 -> 12 | K85: =J85/12 -> 1
A86: 46305 | C86: Night | G86: =(F86-E86)*1440 -> 0 | J86: =(720-G86)/60 -> 12 | K86: =J86/12 -> 1
A87: 46306 | C87: Day | G87: =(F87-E87)*1440 -> 0 | J87: =(720-G87)/60 -> 12 | K87: =J87/12 -> 1
A88: 46306 | C88: Night | G88: =(F88-E88)*1440 -> 0 | J88: =(720-G88)/60 -> 12 | K88: =J88/12 -> 1
... A179: 46403 | C179: Day | G179: =(F179-E179)*1440 -> 0 | J179: =(720-G179)/60 -> 12 | K179: =J179/12 -> 1

Sheet LT Floculation
B3: No | C3: Tanggal | D3: Shift | E3: Leaching | F3: Batch | G3: Lab AAS Result | K3: Batch Process
E4: Tank | F4: Process | G4: Solid | J4: Solution | O4: Id sampel | P4: Batch Process | Q4: Date | R4: Au | S4: Ag | T4: Cu
E5: No | F5: No | G5: Au | H5: Ag | I5: Cu | J5: Au | O5: LT-Floc NS 1 | P5: 1 | Q5: 46268 | R5: 0.078 | S5: 0.6 | T5: 9.08
B6: 1 | C6: 46268 | D6: Night | E6: 2 | F6: 1 | G6: =AVERAGE(R5:R8) -> 0.05575 | H6: =AVERAGE(S5:S8) -> 0.6175 | I6: =AVERAGE(T5:T8) -> 8.9425 | J6: 0.02 | K6: 1 | O6: LT-Floc NS 2 | Q6: 46268 | R6: 0.038 | S6: 0.59 | T6: 8.71
B7: 2 | C7: 46269 | D7: Night | E7: 3 | F7: 2 | G7: =AVERAGE(R9:R12) -> 0.05575 | H7: =AVERAGE(S9:S12) -> 0.25 | I7: =AVERAGE(T9:T12) -> 8.3525 | J7: 0.029 | K7: 2 | O7: LT-Floc NS 3 | Q7: 46268 | R7: 0.038 | S7: 0.61 | T7: 8.8
B8: 3 | C8: 46274 | D8: Day | E8: 2 | F8: 3 | G8: =AVERAGE(R13:R18) -> 0.098166667 | H8: =AVERAGE(S13:S18) -> 0.23333333 | I8: =AVERAGE(T13:T18) -> 8.9633333 | J8: 0.023 | K8: 3 | O8: LT-Floc NS 4 | Q8: 46268 | R8: 0.069 | S8: 0.67 | T8: 9.18
B9: 4 | C9: 46275 | D9: Night | E9: 3 | F9: 4 | G9: =AVERAGE(R19:R24) -> 0.10916667 | H9: =AVERAGE(S19:S24) -> 0.24 | I9: =AVERAGE(T19:T24) -> 5.1633333 | J9: 0.032 | K9: 4 | O9: LT-Floc NS 1 | P9: 2 | Q9: 46269 | R9: 0.034 | S9: 0.26 | T9: 8.21
B10: 5 | C10: 46277 | D10: Day | E10: 2 | F10: 5 | G10: =AVERAGE(R28:R33) -> 0.12466667 | H10: =AVERAGE(S28:S33) -> 0.37833333 | I10: =AVERAGE(T28:T33) -> 7.5183333 | J10: 0.043 | K10: 5 | O10: LT-Floc NS 2 | Q10: 46269 | R10: 0.079 | S10: 0.25 | T10: 8.17
B11: 6 | C11: 46278 | D11: Night | E11: 3 | F11: 6 | G11: =AVERAGE(R34:R39) -> 0.0435 | H11: =AVERAGE(S34:S39) -> 0.238 | I11: =AVERAGE(T37:T39) -> 7.4 | J11: 0.018 | K11: 6 | O11: LT-Floc NS 3 | Q11: 46269 | R11: 0.037 | S11: 0.25 | T11: 8.87
B12: 7 | C12: 46282 | D12: Day | E12: 2 | F12: 7 | G12: =AVERAGE(R43:R48) -> 0.10016667 | H12: =AVERAGE(S43:S48) -> 0.58666667 | I12: =AVERAGE(T43:T48) -> 8.1666667 | J12: 0.021 | K12: 7 | O12: LT-Floc NS 4 | Q12: 46269 | R12: 0.073 | S12: 0.24 | T12: 8.16
B13: 8 | C13: 46283 | E13: 3 | F13: 8 | G13: =AVERAGE(R49:R57) -> 0.058888889 | H13: =AVERAGE(S49:S57) -> 0.38777778 | I13: =AVERAGE(T49:T51) -> 10.2 | J13: 0.027 | K13: 8 | O13: LT-Floc DS 1 | P13: 3 | Q13: 46274 | R13: 0.117 | S13: 0.31 | T13: 8.81
B14: 9 | C14: 46286 | E14: 2 | F14: 9 | G14: =AVERAGE(R58:R67) -> 0.1028 | H14: =AVERAGE(S58:S67) -> 0.407 | I14: =AVERAGE(T58:T67) -> 14.752 | J14: 0.017 | K14: 9 | O14: LT-Floc DS 2 | Q14: 46274 | R14: 0.165 | S14: 0.36 | T14: 9.57
B15: 10 | C15: 46290 | E15: 3 | F15: 10 | G15: =AVERAGE(R71:R79) -> 0.13188889 | H15: =AVERAGE(S71:S79) -> 0.46888889 | I15: =AVERAGE(T71:T79) -> 17.484444 | J15: 0.021 | K15: 10 | O15: LT-Floc DS 3 | Q15: 46274 | R15: 0.13 | S15: 0.31 | T15: 9.89
B16: 11 | C16: 46292 | D16: Day | E16: 2 | F16: 11 | G16: =IFERROR(AVERAGE(R80:R100),"") -> 0.13305556 | H16: =IFERROR(AVERAGE(S80:S100),"") -> 0.65888889 | I16: =IFERROR(AVERAGE(T80:T100),"") -> 15.253333 | J16: 0.037 | K16: 11 | O16: LT-Floc NS 1 | Q16: 46274 | R16: 0.083 | S16: 0.15 | T16: 8.44
B17: 12 | E17: 3 | F17: 12 | G17: =AVERAGE(R101:R106) -> 0.2335 | H17: =AVERAGE(S101:S106) -> 0.94 | I17: =AVERAGE(T101:T106) -> 19.876667 | O17: LT-Floc NS 2 | Q17: 46274 | R17: 0.042 | S17: 0.13 | T17: 8.31
B18: 13 | O18: LT-Floc NS 3 | Q18: 46274 | R18: 0.052 | S18: 0.14 | T18: 8.76
B19: 14 | O19: LT-Floc DS 1 | P19: 4 | Q19: 46275 | R19: 0.124 | S19: 0.22 | T19: 6.48
B20: 15 | O20: LT-Floc DS 2 | Q20: 46275 | R20: 0.145 | S20: 0.25 | T20: 4.43
B21: 16 | O21: LT-Floc DS 3 | Q21: 46275 | R21: 0.131 | S21: 0.25 | T21: 4.58
B22: 17 | O22: LT-Floc NS 1 | Q22: 46275 | R22: 0.064 | S22: 0.22 | T22: 6.48
B23: 18 | O23: LT-Floc NS 2 | Q23: 46275 | R23: 0.095 | S23: 0.25 | T23: 4.43
B24: 19 | O24: LT-Floc NS 3 | Q24: 46275 | R24: 0.096 | S24: 0.25 | T24: 4.58
O25: LT-Floc DS 1 | Q25: 46276 | R25: 0.045 | S25: 0.21 | T25: 4.11
O26: LT-Floc DS 2 | Q26: 46276 | R26: 0.041 | S26: 0.44 | T26: 6.67
O27: LT-Floc DS 3 | Q27: 46276 | R27: 0.063 | S27: 0.48 | T27: 6.84
O28: LT-Floc DS 1 | P28: 5 | Q28: 46277 | R28: 0.045 | S28: 0.41 | T28: 7.15
O29: LT-Floc DS 2 | Q29: 46277 | R29: 0.041 | S29: 0.6 | T29: 7.18
O30: LT-Floc DS 3 | Q30: 46277 | R30: 0.063 | S30: 0.27 | T30: 7.26
O31: LT-Floc NS 1 | Q31: 46277 | R31: 0.243 | S31: 0.39 | T31: 7.74
O32: LT-Floc NS 2 | Q32: 46277 | R32: 0.211 | S32: 0.27 | T32: 8.23
O33: LT-Floc NS 3 | Q33: 46277 | R33: 0.145 | S33: 0.33 | T33: 7.55
O34: LT-Floc NS 1 | P34: 6 | Q34: 46278 | R34: 0.086 | S34: 0.11 | T34: 11.708
O35: LT-Floc NS 2 | Q35: 46278 | R35: 0.05 | S35: 0.203 | T35: 13.383
O36: LT-Floc NS 3 | Q36: 46278 | R36: 0.019 | S36: 0.065 | T36: 12.15
O37: LT-Floc DS 1 | Q37: 46279 | R37: 0.048 | S37: 0.35 | T37: 7.47
O38: LT-Floc DS 2 | Q38: 46279 | R38: 0.035 | S38: 0.35 | T38: 7.36
O39: LT-Floc DS 3 | Q39: 46279 | R39: 0.023 | S39: 0.35 | T39: 7.37
O40: LT-Floc DS 1 | Q40: 46279 | R40: 0.132 | S40: 0.83 | T40: 8.71
O41: LT-Floc DS 2 | Q41: 46279 | R41: 0.116 | S41: 0.83 | T41: 8.84
O42: LT-Floc DS 3 | Q42: 46279 | R42: 0.094 | S42: 0.83 | T42: 8.76
O43: LT-Floc NS 1 | P43: 7 | Q43: 46281 | R43: 0.093 | S43: 0.15 | T43: 6.42
O44: LT-Floc NS 2 | P44: 7 | Q44: 46281 | R44: 0.084 | S44: 0.14 | T44: 6.38
O45: LT-Floc NS 3 | P45: 7 | Q45: 46281 | R45: 0.1 | S45: 0.15 | T45: 6.34
O46: LT-Floc DS 1 | P46: 7 | Q46: 46282 | R46: 0.116 | S46: 1.06 | T46: 9.98
O47: LT-Floc DS 2 | P47: 7 | Q47: 46282 | R47: 0.114 | S47: 1.04 | T47: 9.95
O48: LT-Floc DS 3 | P48: 7 | Q48: 46282 | R48: 0.094 | S48: 0.98 | T48: 9.93
O49: LT-Floc NS 1 | P49: 8 | Q49: 46283 | R49: 0.055 | S49: 0.32 | T49: 10.4
O50: LT-Floc NS 2 | P50: 8 | Q50: 46283 | R50: 0.037 | S50: 0.34 | T50: 9.42
O51: LT-Floc NS 3 | P51: 8 | Q51: 46283 | R51: 0.036 | S51: 0.38 | T51: 10.78
O52: LT-Floc DS 1 | P52: 8 | Q52: 46284 | R52: 0.021 | S52: 0.18 | T52: 10.59
O53: LT-Floc DS 2 | P53: 8 | Q53: 46284 | R53: 0.08 | S53: 0.39 | T53: 10.44
O54: LT-Floc DS 3 | P54: 8 | Q54: 46284 | R54: 0.033 | S54: 0.3 | T54: 10.65
... O58: LT-Floc DS 1 | P58: 9 | Q58: 46286 | R58: 0.085 | S58: 0.46 | T58: 13.61
O59: LT-Floc DS 2 | Q59: 46286 | R59: 0.104 | S59: 0.4 | T59: 14.11
O60: LT-Floc NS 1 | Q60: 46286 | R60: 0.1 | S60: 0.45 | T60: 12.47
O61: LT-Floc NS 2 | Q61: 46286 | R61: 0.095 | S61: 0.43 | T61: 12.99
O62: LT-Floc DS 1 | Q62: 46287 | R62: 0.117 | S62: 0.45 | T62: 15.99
O63: LT-Floc DS 2 | Q63: 46287 | R63: 0.148 | S63: 0.47 | T63: 15.98
O64: LT-Floc DS 3 | Q64: 46287 | R64: 0.116 | S64: 0.47 | T64: 16.18
O65: LT-Floc NS 1 | Q65: 46287 | R65: 0.074 | S65: 0.33 | T65: 15.36
O66: LT-Floc NS 2 | Q66: 46287 | R66: 0.092 | S66: 0.29 | T66: 15.39
O67: LT-Floc NS 3 | Q67: 46287 | R67: 0.097 | S67: 0.32 | T67: 15.44
O68: LT-Floc DS 1 | P68: 10 | Q68: 46290
O69: LT-Floc DS 2 | Q69: 46290
O70: LT-Floc DS 3 | Q70: 46290
O71: LT-Floc NS 1 | Q71: 46290 | R71: 0.158 | S71: 0.65 | T71: 18.88
O72: LT-Floc NS 2 | Q72: 46290 | R72: 0.146 | S72: 0.68 | T72: 18.93
O73: LT-Floc NS 3 | Q73: 46290 | R73: 0.134 | S73: 0.69 | T73: 18.74
O74: LT-Floc DS 1 | Q74: 46291 | R74: 0.131 | S74: 0.32 | T74: 16.27
O75: LT-Floc DS 2 | Q75: 46291 | R75: 0.145 | S75: 0.34 | T75: 16.15
O76: LT-Floc DS 3 | Q76: 46291 | R76: 0.15 | S76: 0.31 | T76: 16.81
O77: LT-Floc NS 1 | Q77: 46291 | R77: 0.1 | S77: 0.41 | T77: 17.16
O78: LT-Floc NS 2 | Q78: 46291 | R78: 0.117 | S78: 0.41 | T78: 17.24
O79: LT-Floc NS 3 | Q79: 46291 | R79: 0.106 | S79: 0.41 | T79: 17.18
O80: LT-Floc DS 1 | P80: 11 | Q80: 46292 | R80: 0.152 | S80: 0.5 | T80: 15.57
O81: LT-Floc DS 2 | Q81: 46292 | R81: 0.156 | S81: 0.47 | T81: 15.85
O82: LT-Floc DS 3 | Q82: 46292 | R82: 0.135 | S82: 0.47 | T82: 15.75
O83: LT-Floc NS 1 | Q83: 46292
O84: LT-Floc NS 2 | Q84: 46292
O85: LT-Floc NS 3 | Q85: 46292
O86: LT-Floc DS 1 | Q86: 46293 | R86: 0.1 | S86: 0.44 | T86: 13.09
O87: LT-Floc DS 2 | Q87: 46293 | R87: 0.109 | S87: 0.48 | T87: 13.04
O88: LT-Floc DS 3 | Q88: 46293 | R88: 0.125 | S88: 0.46 | T88: 13.19
O89: LT-Floc NS 1 | Q89: 46293 | R89: 0.148 | S89: 0.51 | T89: 12.78
O90: LT-Floc NS 2 | Q90: 46293 | R90: 0.115 | S90: 0.55 | T90: 12.75
O91: LT-Floc NS 3 | Q91: 46293 | R91: 0.133 | S91: 0.56 | T91: 12.66
O92: LT-Floc DS 1 | Q92: 46294 | R92: 0.142 | S92: 0.79 | T92: 15.32
O93: LT-Floc DS 2 | Q93: 46294 | R93: 0.152 | S93: 0.77 | T93: 15.12
O94: LT-Floc DS 3 | Q94: 46294 | R94: 0.13 | S94: 0.78 | T94: 15.11
O95: LT-Floc NS 1 | Q95: 46294 | R95: 0.119 | S95: 0.63 | T95: 18.23
O96: LT-Floc NS 2 | Q96: 46294 | R96: 0.15 | S96: 0.61 | T96: 18.34
O97: LT-Floc NS 3 | Q97: 46294 | R97: 0.147 | S97: 0.59 | T97: 18.2
... O103: LT-Floc DS 3 | Q103: 46297 | R103: 0.324 | S103: 1.04 | T103: 19.92
O104: LT-Floc NS 1 | Q104: 46297 | R104: 0.153 | S104: 0.72
O105: LT-Floc NS 2 | Q105: 46297 | R105: 0.115 | S105: 0.83
O106: LT-Floc NS 3 | Q106: 46297 | R106: 0.115 | S106: 0.74

Sheet Filter Press
B2: Filter Press 01 | J2: Filter Press 02 | R2: Estimate Capacity per siklus
B3: No | C3: Date | D3: Shift | E3: Siklus Process | F3: WMT | G3: %Moisture | H3: DMT | J3: No | K3: Date | L3: Shift | M3: Siklus Process | N3: WMT (Wet Metrix Ton) | O3: %Moisture | P3: DMT (Dry Metrix Ton) | R3: Fp 01 | S3: Fp 02
R4: 6 | S4: 12
B5: 1 | C5: 46268 | D5: Day | E5: 16 | F5: =E5*$R$4 -> 96 | G5: 0.2 | H5: =F5*(1-G5) -> 76.8 | J5: 1 | K5: 46268 | L5: Day | M5: 9 | N5: =M5*$S$4 -> 108 | O5: 0.2 | P5: =N5*(1-O5) -> 86.4
B6: 2 | C6: 46269 | D6: Day | E6: 5 | F6: =E6*$R$4 -> 30 | G6: 0.2 | H6: =F6*(1-G6) -> 24 | J6: 2 | K6: 46269 | L6: Day | M6: 4 | N6: =M6*$S$4 -> 48 | O6: 0.2 | P6: =N6*(1-O6) -> 38.4
B7: 3 | C7: 46269 | D7: Night | E7: 12 | F7: =E7*$R$4 -> 72 | G7: 0.2 | H7: =F7*(1-G7) -> 57.6 | J7: 3 | K7: 46269 | L7: Night | M7: 10 | N7: =M7*$S$4 -> 120 | O7: 0.2 | P7: =N7*(1-O7) -> 96
B8: 4 | C8: 46270 | D8: Day | E8: 10 | F8: =E8*$R$4 -> 60 | G8: 0.2 | H8: =F8*(1-G8) -> 48 | J8: 4 | K8: 46270 | L8: Day | M8: 10 | N8: =M8*$S$4 -> 120 | O8: 0.2 | P8: =N8*(1-O8) -> 96
B9: 5 | C9: 46274 | D9: Day | E9: 4 | F9: =E9*$R$4 -> 24 | G9: 0.18 | H9: =F9*(1-G9) -> 19.68 | J9: 5 | K9: 46274 | L9: Day | M9: 4 | N9: =M9*$S$4 -> 48 | O9: 0.18 | P9: =N9*(1-O9) -> 39.36
B10: 6 | C10: 46274 | D10: Night | E10: 12 | F10: =E10*$R$4 -> 72 | G10: 0.19 | H10: =F10*(1-G10) -> 58.32 | J10: 6 | K10: 46274 | L10: Night | M10: 12 | N10: =M10*$S$4 -> 144 | O10: 0.19 | P10: =N10*(1-O10) -> 116.64 | R10: Total Production
B11: 7 | C11: 46275 | D11: Day | E11: 4 | F11: =E11*$R$4 -> 24 | G11: 0.2 | H11: =F11*(1-G11) -> 19.2 | J11: 7 | K11: 46275 | L11: Day | M11: 8 | N11: =M11*$S$4 -> 96 | O11: 0.2 | P11: =N11*(1-O11) -> 76.8 | R11: =SUM(P4:P234,H4:H233) -> 3975.42
B12: 8 | C12: 46275 | D12: Night | E12: 3 | F12: =E12*$R$4 -> 18 | G12: 0.18 | H12: =F12*(1-G12) -> 14.76 | J12: 8 | K12: 46275 | L12: Night | M12: 3 | N12: =M12*$S$4 -> 36 | O12: 0.18 | P12: =N12*(1-O12) -> 29.52
B13: 9 | C13: 46276 | D13: Day | E13: 8 | F13: =E13*$R$4 -> 48 | G13: 0.19 | H13: =F13*(1-G13) -> 38.88 | J13: 9 | K13: 46276 | L13: Day | M13: 8 | N13: =M13*$S$4 -> 96 | O13: 0.19 | P13: =N13*(1-O13) -> 77.76
B14: 10 | C14: 46276 | D14: Night | E14: 4 | F14: =E14*$R$4 -> 24 | G14: 0.19 | H14: =F14*(1-G14) -> 19.44 | J14: 10 | K14: 46276 | L14: Night | M14: 6 | N14: =M14*$S$4 -> 72 | O14: 0.19 | P14: =N14*(1-O14) -> 58.32
B15: 11 | C15: 46277 | D15: Day | E15: 7 | F15: =E15*$R$4 -> 42 | G15: 0.19 | H15: =F15*(1-G15) -> 34.02 | J15: 11 | K15: 46277 | L15: Day | M15: 7 | N15: =M15*$S$4 -> 84 | O15: 0.19 | P15: =N15*(1-O15) -> 68.04
B16: 12 | C16: 46277 | D16: Night | E16: 11 | F16: =E16*$R$4 -> 66 | G16: 0.18 | H16: =F16*(1-G16) -> 54.12 | J16: 12 | K16: 46277 | L16: Night | M16: 11 | N16: =M16*$S$4 -> 132 | O16: 0.18 | P16: =N16*(1-O16) -> 108.24
A17: 6 | B17: 13 | C17: 46278 | D17: Night | E17: 10 | F17: =E17*$R$4 -> 60 | G17: 0.21 | H17: =F17*(1-G17) -> 47.4 | J17: 13 | K17: 46278 | L17: Night | M17: 10 | N17: =M17*$S$4 -> 120 | O17: 0.21 | P17: =N17*(1-O17) -> 94.8
B18: 14 | C18: 46279 | D18: Day | E18: 9 | F18: =E18*$R$4 -> 54 | G18: 0.21 | H18: =F18*(1-G18) -> 42.66 | J18: 14 | K18: 46279 | L18: Day | M18: 7 | N18: =M18*$S$4 -> 84 | O18: 0.21 | P18: =N18*(1-O18) -> 66.36
B19: 15 | C19: 46279 | D19: Night | E19: 6 | F19: =E19*$R$4 -> 36 | G19: 0.19 | H19: =F19*(1-G19) -> 29.16
B20: 16 | C20: 46280 | F20: =E20*$R$4 -> 0 | G20: 0.2 | H20: =F20*(1-G20) -> 0 | J20: 15 | K20: 46280 | L20: Day | M20: 7 | N20: =M20*$S$4 -> 84 | O20: 0.2 | P20: =N20*(1-O20) -> 67.2
A21: 9 | B21: 21 | C21: 46282 | D21: Perbaikan | F21: =E21*$R$4 -> 0 | H21: =F21*(1-G21) -> 0 | J21: 20 | K21: 46282 | L21: Night | M21: 10 | N21: =M21*$S$4 -> 120 | O21: 0.2 | P21: =N21*(1-O21) -> 96
B22: 22 | C22: 46283 | D22: Perbaikan | F22: =E22*$R$4 -> 0 | H22: =F22*(1-G22) -> 0 | J22: 21 | K22: 46283 | L22: Day | M22: 10 | N22: =M22*$S$4 -> 120 | O22: 0.23 | P22: =N22*(1-O22) -> 92.4
B23: 23 | C23: 46283 | D23: Perbaikan | F23: =E23*$R$4 -> 0 | H23: =F23*(1-G23) -> 0 | J23: 22 | K23: 46283 | L23: Night | M23: 3 | N23: =M23*$S$4 -> 36 | O23: 0.19 | P23: =N23*(1-O23) -> 29.16
B24: 24 | C24: 46284 | D24: Perbaikan | F24: =E24*$R$4 -> 0 | H24: =F24*(1-G24) -> 0 | J24: 23 | K24: 46284 | L24: Day | M24: 10 | N24: =M24*$S$4 -> 120 | O24: 0.21 | P24: =N24*(1-O24) -> 94.8
B25: 25 | C25: 46284 | D25: Perbaikan | F25: =E25*$R$4 -> 0 | H25: =F25*(1-G25) -> 0 | J25: 24 | K25: 46284 | L25: Night | M25: 10 | N25: =M25*$S$4 -> 120 | O25: 0.21 | P25: =N25*(1-O25) -> 94.8
B26: 26 | C26: 46285 | D26: Day | F26: =E26*$R$4 -> 0 | H26: =F26*(1-G26) -> 0 | J26: 25 | K26: 46285 | L26: Day | N26: =M26*$S$4 -> 0 | P26: =N26*(1-O26) -> 0
B27: 27 | C27: 46285 | D27: Night | E27: 6 | F27: =E27*$R$4 -> 36 | G27: 0.2 | H27: =F27*(1-G27) -> 28.8 | J27: 26 | K27: 46285 | L27: Night | M27: 15 | N27: =M27*$S$4 -> 180 | O27: 0.21 | P27: =N27*(1-O27) -> 142.2
A28: 10 | B28: 28 | C28: 46286 | F28: =E28*$R$4 -> 0 | H28: =F28*(1-G28) -> 0 | J28: 27 | K28: 46286 | L28: Day | M28: 10 | N28: =M28*$S$4 -> 120 | O28: 0.22 | P28: =N28*(1-O28) -> 93.6
B29: 29 | C29: 46286 | F29: =E29*$R$4 -> 0 | H29: =F29*(1-G29) -> 0 | J29: 28 | K29: 46286 | L29: Night | M29: 10 | N29: =M29*$S$4 -> 120 | O29: 0.23 | P29: =N29*(1-O29) -> 92.4
B30: 30 | C30: 46287 | F30: =E30*$R$4 -> 0 | H30: =F30*(1-G30) -> 0 | J30: 29 | K30: 46287 | L30: Day | M30: 10 | N30: =M30*$S$4 -> 120 | O30: 0.25 | P30: =N30*(1-O30) -> 90
B31: 31 | C31: 46287 | F31: =E31*$R$4 -> 0 | H31: =F31*(1-G31) -> 0 | J31: 30 | K31: 46287 | L31: Night | M31: 10 | N31: =M31*$S$4 -> 120 | O31: 0.21 | P31: =N31*(1-O31) -> 94.8
B32: 32 | C32: 46288 | F32: =E32*$R$4 -> 0 | H32: =F32*(1-G32) -> 0 | J32: 31 | K32: 46288 | L32: Day | M32: 8 | N32: =M32*$S$4 -> 96 | O32: 0.21 | P32: =N32*(1-O32) -> 75.84
B33: 33 | C33: 46288 | F33: =E33*$R$4 -> 0 | H33: =F33*(1-G33) -> 0 | J33: 32 | K33: 46288 | L33: Night | N33: =M33*$S$4 -> 0
B34: 34 | C34: 46289 | F34: =E34*$R$4 -> 0 | H34: =F34*(1-G34) -> 0 | J34: 33 | K34: 46290 | L34: Day | N34: =M34*$S$4 -> 0
B35: 35 | C35: 46289 | F35: =E35*$R$4 -> 0 | H35: =F35*(1-G35) -> 0 | J35: 34 | K35: 46290 | L35: Night | M35: 5 | N35: =M35*$S$4 -> 60 | O35: 0.24 | P35: =N35*(1-O35) -> 45.6
B36: 36 | C36: 46290 | D36: Day | E36: 4 | F36: =E36*$R$4 -> 24 | G36: 0.24 | H36: =F36*(1-G36) -> 18.24 | J36: 35 | K36: 46291 | L36: Day | M36: 4 | N36: =M36*$S$4 -> 48 | O36: 0.24 | P36: =N36*(1-O36) -> 36.48
B37: 37 | C37: 46290 | D37: Night | E37: 15 | F37: =E37*$R$4 -> 90 | G37: 0.24 | H37: =F37*(1-G37) -> 68.4 | J37: 36 | K37: 46291 | L37: Night | M37: 13 | N37: =M37*$S$4 -> 156 | O37: 0.24 | P37: =N37*(1-O37) -> 118.56
B38: 38 | C38: 46291 | D38: Day | E38: 9 | F38: =E38*$R$4 -> 54 | G38: 0.24 | H38: =F38*(1-G38) -> 41.04 | J38: 37 | K38: 46292 | L38: Day | N38: =M38*$S$4 -> 0
B39: 39 | C39: 46291 | D39: Night | E39: 8 | F39: =E39*$R$4 -> 48 | G39: 0.25 | H39: =F39*(1-G39) -> 36 | J39: 38 | K39: 46292 | L39: Night | M39: 3 | N39: =M39*$S$4 -> 36 | O39: 0.24 | P39: =N39*(1-O39) -> 27.36
B40: 40 | C40: 46292 | D40: Day | F40: =E40*$R$4 -> 0 | H40: =F40*(1-G40) -> 0 | J40: 39 | K40: 46293 | L40: Day | M40: 8 | N40: =M40*$S$4 -> 96 | O40: 0.23 | P40: =N40*(1-O40) -> 73.92
B41: 41 | C41: 46292 | D41: Night | E41: 5 | F41: =E41*$R$4 -> 30 | G41: 0.25 | H41: =F41*(1-G41) -> 22.5 | J41: 40 | K41: 46293 | L41: Night | M41: 8 | N41: =M41*$S$4 -> 96 | O41: 0.23 | P41: =N41*(1-O41) -> 73.92
B42: 42 | C42: 46293 | D42: Day | E42: 4 | F42: =E42*$R$4 -> 24 | G42: 0.23 | H42: =F42*(1-G42) -> 18.48 | J42: 41 | K42: 46294 | L42: Day | M42: 10 | N42: =M42*$S$4 -> 120 | O42: 0.23 | P42: =N42*(1-O42) -> 92.4
B43: 43 | C43: 46293 | D43: Night | E43: 5 | F43: =E43*$R$4 -> 30 | G43: 0.23 | H43: =F43*(1-G43) -> 23.1 | J43: 42 | K43: 46294 | L43: Night | M43: 7 | N43: =M43*$S$4 -> 84 | O43: 0.23 | P43: =N43*(1-O43) -> 64.68
B44: 44 | C44: 46294 | D44: Day | F44: =E44*$R$4 -> 0 | H44: =F44*(1-G44) -> 0 | J44: 43 | K44: 46295 | L44: Day | M44: 8 | N44: =M44*$S$4 -> 96 | O44: 0.21 | P44: =N44*(1-O44) -> 75.84
B45: 45 | C45: 46294 | D45: Night | E45: 7 | F45: =E45*$R$4 -> 42 | G45: 0.23 | H45: =F45*(1-G45) -> 32.34 | J45: 44 | K45: 46295 | L45: Night | N45: =M45*$S$4 -> 0 | P45: =N45*(1-O45) -> 0
B46: 46 | C46: 46295 | D46: Day | E46: 3 | F46: =E46*$R$4 -> 18 | G46: 0.21 | H46: =F46*(1-G46) -> 14.22 | J46: 45 | K46: 46297 | L46: Day | M46: 1 | N46: =M46*$S$4 -> 12 | O46: 0.22 | P46: =N46*(1-O46) -> 9.36
B47: 47 | C47: 46295 | D47: Night | E47: 1 | F47: =E47*$R$4 -> 6 | G47: 0.21 | H47: =F47*(1-G47) -> 4.74 | J47: 46 | K47: 46297 | L47: Night | M47: 10 | N47: =M47*$S$4 -> 120 | O47: 0.22 | P47: =N47*(1-O47) -> 93.6
B48: 48 | F48: =E48*$R$4 -> 0 | H48: =F48*(1-G48) -> 0 | J48: 47 | K48: 46298 | L48: Day | M48: 12 | N48: =M48*$S$4 -> 144 | O48: 0.21 | P48: =N48*(1-O48) -> 113.76
B49: 49 | F49: =E49*$R$4 -> 0 | H49: =F49*(1-G49) -> 0 | J49: 48 | K49: 46298 | L49: Night | M49: 15 | N49: =M49*$S$4 -> 180 | O49: 0.21 | P49: =N49*(1-O49) -> 142.2
B50: 50 | F50: =E50*$R$4 -> 0 | H50: =F50*(1-G50) -> 0 | J50: 49 | L50: Day
B51: 51 | F51: =E51*$R$4 -> 0 | H51: =F51*(1-G51) -> 0 | J51: 50 | L51: Night
B52: 52 | F52: =E52*$R$4 -> 0 | H52: =F52*(1-G52) -> 0 | J52: 51 | L52: Day
B53: 53 | F53: =E53*$R$4 -> 0 | H53: =F53*(1-G53) -> 0 | J53: 52 | L53: Night
B54: 54 | F54: =E54*$R$4 -> 0 | H54: =F54*(1-G54) -> 0 | J54: 53 | L54: Day
B55: 55 | F55: =E55*$R$4 -> 0 | H55: =F55*(1-G55) -> 0 | J55: 54 | L55: Night
B56: 56 | F56: =E56*$R$4 -> 0 | H56: =F56*(1-G56) -> 0 | J56: 55 | L56: Day
B57: 57 | F57: =E57*$R$4 -> 0 | H57: =F57*(1-G57) -> 0 | J57: 56 | L57: Night
B58: 58 | F58: =E58*$R$4 -> 0 | H58: =F58*(1-G58) -> 0 | J58: 57 | L58: Day
B59: 59 | F59: =E59*$R$4 -> 0 | H59: =F59*(1-G59) -> 0 | J59: 58 | L59: Night
B60: 60 | F60: =E60*$R$4 -> 0 | H60: =F60*(1-G60) -> 0 | J60: 59 | L60: Day
B61: 61 | F61: =E61*$R$4 -> 0 | H61: =F61*(1-G61) -> 0 | J61: 60 | L61: Night
... B125: 125 | F125: =E125*$R$4 -> 0 | H125: =F125*(1-G125) -> 0 | J125: 124 | L125: Night
B126: 126 | F126: =E126*$R$4 -> 0 | H126: =F126*(1-G126) -> 0 | J126: 125

Sheet Milling and Leach Feed
B2: PIC | C2: DYAN RAMDHANI | H2: Milling And Leach Feed Material
A4: BATCH | B4: Date | D4: PIC | E4: Keterangan | F4: Shift | G4: %Solid | H4: Slurry Pump to Tank Leaching (m3) | I4: Estimasi Flow Rate to leaching (m3/h) | J4: Slurry On Tank Leaching | K4: Sg Slurry | L4: passing -75 micron (%) | M4: Tonage/Shift | N4: Tpd | O4: Tph | P4: Running (hour) | Q4: Running Time (mins) | R4: lose time(Mins) | S4: tonage/Batch ' | T4: Au Lab (g/t) | U4: Ag Lab (g/t) | V4: Cu Lab (g/t) | W4: Au (gr) | X4: Ag (gr) | Y4: Cu (gr) | Z4: Tinggi Plat (Meter) | AB4: Au Recovered Price (rp) | AC4: Gold Price
A5: 1 | B5: 46265 | D5: Yanli/Hadi | E5: Batch 1 Tank 2 | F5: Day | G5: 0.2271 | H5: 116.84 | I5: =H5/((720-R5)/60) -> 11.198722 | J5: =H5 -> 116.84 | K5: 1.135 | L5: 0.68 | M5: =H5*K5*G5 -> 30.116503 | N5: =SUM(M5:M6) -> 95.90022 | O5: =M5/((720-R5)/60) -> 2.8865658 | P5: ='Milling Down Time Hours'!Q5 -> 22.433333 | Q5: =720-R5 -> 626 | R5: ='Milling Down Time Hours'!G5 -> 94 | S5: =SUM(M5:M8) -> 292.3136 | T5: =IFERROR(AVERAGE('LT Ball Mill'!F4:F6),"") -> 0.967 | U5: =AVERAGE('LT Ball Mill'!G4:G6) -> 0.41 | V5: =AVERAGE('LT Ball Mill'!H4:H6) -> 6.1096667 | W5: =T5*M5 -> 29.122659 | X5: =M5*U5 -> 12.347766 | Y5: =M5*V5 -> 184.0018 | AB5: =W5*$AC$5 -> 72806646 | AC5: 2500000 | AG5: pct solids from known Pulp Weight | AL5: Diameter Tank | AM5: 10.7 | AN5: m
D6: Kristo/Ulan | E6: Batch 1 Tank 2 | F6: Night | G6: 0.36 | H6: =J6-H5 -> 98.86 | I6: =H6/((720-R6)/60) -> 8.2383333 | J6: 215.7 | K6: 1.235 | L6: 0.68 | M6: =(J6*K6*G6)-SUM(M5) -> 65.783717 | O6: =M6/((720-R6)/60) -> 5.4819764 | Q6: =720-R6 -> 720 | R6: ='Milling Down Time Hours'!G6 -> 0 | T6: =AVERAGE('LT Ball Mill'!F7:F9) -> 0.609 | U6: =AVERAGE('LT Ball Mill'!G7:G9) -> 0.52833333 | V6: =AVERAGE('LT Ball Mill'!H7:H9) -> 7.6233333 | W6: =T6*M6 -> 40.062284 | X6: =M6*U6 -> 34.75573 | Y6: =M6*V6 -> 501.4912 | AB6: =W6*$AC$5 -> 1.0015571e+08 | AH6: W Pulp | AI6: 1190 | AJ6: gr | AL6: Tinggi | AM6: 2.8 | AN6: m
B7: 46266 | D7: Yanli/Hadi | E7: Batch 1 Tank 2 | F7: Day | G7: 0.3879 | H7: =J7-SUM(H5:H6) -> 143.3 | I7: =H7/((720-R7)/60) -> 11.941667 | J7: 359 | K7: 1.255 | L7: 0.7 | M7: =(J7*K7*G7)-SUM(M5:M6) -> 78.866186 | N7: =SUM(M7:M8) -> 196.41338 | O7: =M7/((720-R7)/60) -> 6.5721821 | P7: ='Milling Down Time Hours'!Q6 -> 22.9 | Q7: =720-R7 -> 720 | R7: ='Milling Down Time Hours'!G7 -> 0 | T7: =AVERAGE('LT Ball Mill'!F10:F12) -> 0.647 | U7: =AVERAGE('LT Ball Mill'!G10:G12) -> 0.67433333 | V7: =AVERAGE('LT Ball Mill'!H10:H12) -> 7.5333333 | W7: =T7*M7 -> 51.026422 | X7: =M7*U7 -> 53.182098 | Y7: =M7*V7 -> 594.12526 | AB7: =W7*$AC$5 -> 1.2756606e+08 | AH7: V Pulp | AI7: 1000 | AJ7: mL | AL7: r2 | AM7: =AM5*0.5 -> 5.35
D8: Kristo/Ulan | E8: Batch 1 Tank 2 finish milling jam 06:00 | F8: Night | G8: 0.41 | H8: =J8-SUM(H5:H7) -> 198 | I8: =H8/((720-R8)/60) -> 18.165138 | J8: 557 | K8: 1.28 | L8: 0.7 | M8: =(K8*J8*G8)-(SUM(M5:M7)) -> 117.54719 | O8: =M8/((720-R8)/60) -> 10.784146 | Q8: =720-R8 -> 654 | R8: ='Milling Down Time Hours'!G8 -> 66 | T8: =AVERAGE('LT Ball Mill'!F13:F15) -> 0.609 | U8: =AVERAGE('LT Ball Mill'!G13:G15) -> 0.52833333 | V8: =AVERAGE('LT Ball Mill'!H13:H15) -> 7.6233333 | W8: =T8*M8 -> 71.586241 | X8: =M8*U8 -> 62.104101 | Y8: =M8*V8 -> 896.10145 | AB8: =W8*$AC$5 -> 1.789656e+08 | AH8: SG pulp | AI8: =+AI6/AI7 -> 1.19 | AJ8: g/mL | AL8: Volume Tank | AM8: =3.14*AM7*AM7*AM6 -> 251.64902
A9: 2 | B9: 46267 | D9: Yanli/Hadi | E9: Batch 2 Tank 3 start | F9: Day | G9: 0.39 | H9: =J9 -> 215 | I9: =H9/((720-R9)/60) -> 21.5 | J9: 215 | K9: 1.26 | L9: 0.72 | M9: =J9*K9*G9 -> 105.651 | N9: =SUM(M9:M10) -> 209.804 | O9: =M9/((720-R9)/60) -> 10.5651 | P9: ='Milling Down Time Hours'!Q7 -> 22 | Q9: =720-R9 -> 600 | R9: ='Milling Down Time Hours'!G9 -> 120 | S9: =SUM(M9:M11) -> 300.14215 | T9: =AVERAGE('LT Ball Mill'!F16:F18) -> 0.74466667 | U9: =AVERAGE('LT Ball Mill'!G16:G18) -> 0.59 | V9: =AVERAGE('LT Ball Mill'!H16:H18) -> 9.84 | W9: =T9*M9 -> 78.674778 | X9: =M9*U9 -> 62.33409 | Y9: =M9*V9 -> 1039.6058 | AB9: =W9*$AC$5 -> 196686945 | AH9: SG Solid | AI9: =2.1 -> 2.1 | AJ9: g/mL
D10: Ulan/Kristo | F10: Night | G10: 0.4 | H10: =J10-H9 -> 198 | I10: =H10/((720-R10)/60) -> 16.5 | J10: 413 | K10: 1.27 | L10: 0.72 | M10: =K10*J10*G10-SUM(M9) -> 104.153 | O10: =M10/((720-R10)/60) -> 8.6794167 | Q10: =720-R10 -> 720 | R10: ='Milling Down Time Hours'!G10 -> 0 | T10: =AVERAGE('LT Ball Mill'!F19:F21) -> 0.646 | U10: =AVERAGE('LT Ball Mill'!G19:G21) -> 1.0666667 | V10: =AVERAGE('LT Ball Mill'!H19:H21) -> 9.2566667 | W10: =T10*M10 -> 67.282838 | X10: =M10*U10 -> 111.09653 | Y10: =M10*V10 -> 964.1096 | AB10: =W10*$AC$5 -> 1.682071e+08 | AH10: SG Soln | AI10: 1 | AJ10: g/mL
B11: 46268 | D11: Yanli/Hadi | E11: Finish pump tank 3, batch 2 jam 06:00 | F11: Day | G11: 0.43 | H11: =J11-H10-H9 -> 126 | I11: =H11/((720-R11)/60) -> 10.5 | J11: 539 | K11: 1.295 | L11: 0.71 | M11: =J11*K11*G11-SUM(M9:M10) -> 90.33815 | N11: =SUM(M11:M12) -> 90.33815 | O11: =M11/((720-R11)/60) -> 7.5281792 | P11: ='Milling Down Time Hours'!Q8 -> 23 | Q11: =720-R11 -> 720 | R11: ='Milling Down Time Hours'!G11 -> 0 | T11: =AVERAGE('LT Ball Mill'!F22:F24) -> 0.66133333 | U11: =AVERAGE('LT Ball Mill'!G22:G24) -> 0.72333333 | V11: =AVERAGE('LT Ball Mill'!H22:H24) -> 8.0566667 | W11: =T11*M11 -> 59.74363 | X11: =M11*U11 -> 65.344595 | Y11: =M11*V11 -> 727.82436 | AB11: =W11*$AC$5 -> 1.4935907e+08 | AH11: %sd | AI11: =+(AI8-1)/(AI8-AI8/AI9) -> 0.30481283
D12: Ulan/Kristo | E12: Stop Drain slurry tank 2, batch 1 | F12: Night | M12: =H12*K12*G12 -> 0 | Q12: =720-R12 -> 660 | R12: ='Milling Down Time Hours'!G12 -> 60 | W12: =T12*M12 -> 0 | X12: =M12*U12 -> 0 | Y12: =M12*V12 -> 0 | AB12: =W12*$AC$5 -> 0 | AH12: W Solid | AI12: =+AI11*AI6 -> 362.72727 | AJ12: gr
B13: 46269 | D13: Stop drain slurry | F13: Day | M13: =H13*K13*G13 -> 0 | O13: 0 | P13: ='Milling Down Time Hours'!Q9 -> 0 | R13: ='Milling Down Time Hours'!P9 -> 1440 | W13: =T13*M13 -> 0 | X13: =M13*U13 -> 0 | Y13: =M13*V13 -> 0 | AB13: =W13*$AC$5 -> 0 | AH13: W Sln | AI13: =(AI6-AI12) -> 827.27273 | AJ13: gr | AL13: =1.2*9 -> 10.8
F14: Night | M14: =H14*K14*G14 -> 0 | O14: =(N14/SUM(P5:P14)) -> 0 | P14: 0 | Q14: 0 | W14: =T14*M14 -> 0 | X14: =M14*U14 -> 0 | Y14: =M14*V14 -> 0 | AB14: =W14*$AC$5 -> 0
B15: 46270 | E15: stop genset rusak | F15: Day | M15: =H15*K15*G15 -> 0 | P15: 0 | Q15: =720-R15 -> 0 | R15: ='Milling Down Time Hours'!G15 -> 720 | W15: =T15*M15 -> 0 | X15: =M15*U15 -> 0 | Y15: =M15*V15 -> 0 | AB15: =W15*$AC$5 -> 0
A16: 3 | B16: 46270 | D16: Kristo/Ulan | E16: start batch 3, ball mill no 3 only | F16: Night | G16: 0.38 | H16: =J16-'Au Cal Leaching Tank'!$T$10 -> 62.15 | I16: 5.57 | J16: 170 | K16: 1.25 | L16: 0.7 | M16: =(J16*K16*G16)-'Au Cal Leaching Tank'!$U$10 -> 26.31433 | N16: =SUM(M15:M16) -> 26.31433 | O16: =M16/P16 -> 2.3252722 | P16: =Q16/60 -> 11.316667 | Q16: =720-R16 -> 679 | R16: 41 | S16: =SUM(M16:M19) -> 326.97083 | T16: =AVERAGE('LT Ball Mill'!F25:F27) -> 1.087 | U16: =AVERAGE('LT Ball Mill'!G25:G27) -> 0.77333333 | V16: =AVERAGE('LT Ball Mill'!H25:H27) -> 8.1166667 | W16: =T16*M16 -> 28.603677 | X16: =M16*U16 -> 20.349749 | Y16: =M16*V16 -> 213.58465 | AB16: =W16*$AC$5 -> 71509192
B17: 46271 | D17: Kristo/Ulan | E17: Batch 3, tank 2 | F17: Day | G17: 0.47 | H17: =J17-SUM(H16)-'Au Cal Leaching Tank'!$T$10 -> 45 | I17: =H17/((720-R17)/60) -> 4.5762712 | J17: 215 | K17: 1.33 | L17: 0.65 | M17: =J17*K17*G17-SUM(M16)-'Au Cal Leaching Tank'!$U$10 -> 53.6465 | N17: =SUM(M17:M18) -> 173.3245 | O17: =M17/P17 -> 5.4555763 | P17: =(720-R17)/60 -> 9.8333333 | Q17: =720-R17 -> 590 | R17: ='Milling Down Time Hours'!P11 -> 130 | T17: =AVERAGE('LT Ball Mill'!F28:F30) -> 0.90233333 | U17: =AVERAGE('LT Ball Mill'!G28:G30) -> 0.57 | V17: =AVERAGE('LT Ball Mill'!H28:H30) -> 9.6533333 | W17: =T17*M17 -> 48.407025 | X17: =M17*U17 -> 30.578505 | Y17: =M17*V17 -> 517.86755 | AB17: =W17*$AC$5 -> 1.2101756e+08
D18: Yanli/Hadi | F18: Night | G18: 0.45 | H18: =J18-SUM(H16:H17)-'Au Cal Leaching Tank'!$T$10 -> 216 | I18: =H18/((720-R18)/60) -> 18 | J18: 431 | K18: 1.31 | L18: 0.65 | M18: =J18*K18*G18-SUM(M16:M17)-'Au Cal Leaching Tank'!$U$10 -> 119.678 | O18: =M18/P18 -> 9.9731667 | P18: =(720-R18)/60 -> 12 | Q18: =720-R18 -> 720 | R18: 0 | T18: =AVERAGE('LT Ball Mill'!F31:F33) -> 0.81433333 | U18: =AVERAGE('LT Ball Mill'!G31:G33) -> 0.63333333 | V18: =AVERAGE('LT Ball Mill'!H31:H33) -> 9.4366667 | W18: =T18*M18 -> 97.457785 | X18: =M18*U18 -> 75.796067 | Y18: =M18*V18 -> 1129.3614 | AB18: =W18*$AC$5 -> 2.4364446e+08
B19: 46272 | D19: Toni | E19: batch 3 tank 2 finish pump jam 22:00 | F19: Day | G19: 0.45 | H19: =J19-SUM(H16:H18)-'Au Cal Leaching Tank'!$T$10 -> 216 | I19: =H19/((720-R19)/60) -> 19.314456 | J19: 647 | K19: 1.31 | L19: 0.73 | M19: =J19*K19*G19-SUM(M16:M18)-'Au Cal Leaching Tank'!$U$10 -> 127.332 | N19: =SUM(M19:M20) -> 185.5919 | O19: =M19/P19 -> 8.9775793 | P19: =(900-R19)/60 -> 14.183333 | Q19: =900-R19 -> 851 | R19: ='Milling Down Time Hours'!G19+30 -> 49 | T19: =AVERAGE('LT Ball Mill'!F34:F36) -> 0.912 | U19: =AVERAGE('LT Ball Mill'!G34:G36) -> 0.95333333 | V19: =AVERAGE('LT Ball Mill'!H34:H36) -> 9.3966667 | W19: =T19*M19 -> 116.12678 | X19: =M19*U19 -> 121.38984 | Y19: =M19*V19 -> 1196.4964 | AB19: =W19*$AC$5 -> 2.9031696e+08
A20: 4 | B20: 46272 | D20: Yanli | E20: Start Batch 4 tank 3 | F20: Night | G20: 0.41 | H20: =J20-'Au Cal Leaching Tank'!$T$11 -> 107.15 | I20: =H20/((720-R20)/60) -> 9.510355 | J20: 215 | K20: 1.28 | L20: 0.73 | M20: =J20*K20*G20-'Au Cal Leaching Tank'!$U$11 -> 58.2599 | O20: =M20/P20 -> 6.2870396 | P20: =(600-R20)/60 -> 9.2666667 | Q20: =600-R20 -> 556 | R20: ='Milling Down Time Hours'!G20-30 -> 44 | S20: =SUM(M20:M23) -> 316.9353 | T20: =AVERAGE('LT Ball Mill'!F37:F39) -> 0.53033333 | U20: =AVERAGE('LT Ball Mill'!G37:G39) -> 1.07 | V20: =AVERAGE('LT Ball Mill'!H37:H39) -> 8.9266667 | W20: =T20*M20 -> 30.897167 | X20: =M20*U20 -> 62.338093 | Y20: =M20*V20 -> 520.06671 | AB20: =W20*$AC$5 -> 77242917
B21: 46273 | D21: Toni | E21: jalan bm 1 dan 2, bm no 3 start jam 14:30 | F21: Day | G21: 0.42 | H21: =J21-'Au Cal Leaching Tank'!$T$11-SUM(H20) -> 189 | I21: =H21/((720-R21)/60) -> 18.290323 | J21: 404 | K21: 1.29 | L21: 0.75 | M21: =J21*K21*G21-'Au Cal Leaching Tank'!$U$11-SUM(M20) -> 106.0552 | N21: =SUM(M21:M22) -> 193.8268 | O21: =M21/P21 -> 10.263406 | P21: =(720-R21)/60 -> 10.333333 | Q21: =720-R21 -> 620 | R21: ='Milling Down Time Hours'!G21 -> 100 | T21: =AVERAGE('LT Ball Mill'!F40:F42) -> 0.64666667 | U21: =AVERAGE('LT Ball Mill'!G40:G42) -> 0.96333333 | V21: =AVERAGE('LT Ball Mill'!H40:H42) -> 9.1033333 | W21: =T21*M21 -> 68.582363 | X21: =M21*U21 -> 102.16651 | Y21: =M21*V21 -> 965.45584 | AB21: =W21*$AC$5 -> 1.7145591e+08
D22: Deny | E22: batch 4 to tank 3 | F22: Night | G22: 0.42 | H22: =J22-'Au Cal Leaching Tank'!$T$11-SUM(H20:H21) -> 162 | I22: =H22/((720-R22)/60) -> 17.142857 | J22: 566 | K22: 1.29 | L22: 0.75 | M22: =J22*K22*G22-'Au Cal Leaching Tank'!$U$11-SUM(M20:M21) -> 87.7716 | O22: =M22/P22 -> 9.288 | P22: =(720-R22)/60 -> 9.45 | Q22: =720-R22 -> 567 | R22: ='Milling Down Time Hours'!G22 -> 153 | T22: =AVERAGE('LT Ball Mill'!F43:F45) -> 0.635 | U22: =AVERAGE('LT Ball Mill'!G43:G45) -> 1.0333333 | V22: =AVERAGE('LT Ball Mill'!H43:H45) -> 7.81 | W22: =T22*M22 -> 55.734966 | X22: =M22*U22 -> 90.69732 | Y22: =M22*V22 -> 685.4962 | AB22: =W22*$AC$5 -> 1.3933742e+08
B23: 46274 | D23: Toni | E23: Batch 4 tank 3 finish pump jam 10:00, start drain slurry tank 2 | F23: Day | G23: 0.44 | H23: =J23-'Au Cal Leaching Tank'!$T$11-SUM(H20:H22) -> 81 | I23: =H23/((720-R23)/60) -> 27 | J23: 647 | K23: 1.305 | L23: 0.75 | M23: =J23*K23*G23-'Au Cal Leaching Tank'!$U$11-SUM(M20:M22) -> 64.8486 | N23: =SUM(M23:M24) -> 64.8486 | O23: =M23/P23 -> 21.6162 | P23: =(720-R23)/60 -> 3 | Q23: =720-R23 -> 180 | R23: ='Milling Down Time Hours'!G23 -> 540 | T23: =AVERAGE('LT Ball Mill'!F46:F48) -> 0.59233333 | U23: =AVERAGE('LT Ball Mill'!G46:G48) -> 0.66666667 | V23: =AVERAGE('LT Ball Mill'!H46:H48) -> 7.24 | W23: =T23*M23 -> 38.411987 | X23: =M23*U23 -> 43.2324 | Y23: =M23*V23 -> 469.50386 | AB23: =W23*$AC$5 -> 96029968
B24: 46274 | D24: Deny | E24: drain slurry tank no 2 stop ball mill | F24: Night | M24: =H24*K24*G24 -> 0 | O24: =IFERROR(M24/P24,"") | P24: =(720-R24)/60 -> 0 | Q24: =720-R24 -> 0 | R24: ='Milling Down Time Hours'!G24 -> 720 | W24: =T24*M24 -> 0 | X24: =M24*U24 -> 0 | Y24: =M24*V24 -> 0 | AB24: =W24*$AC$5 -> 0
A25: 5 | B25: 46275 | D25: Toni | E25: Start Ball Mill 07:23, Batch 5 tank 2 | F25: Day | G25: 0.44 | H25: =J25-'Au Cal Leaching Tank'!$T$14 -> 215.15 | I25: =H25/((720-R25)/60) -> 20.361199 | J25: 323 | K25: 1.3 | L25: 0.75 | M25: =J25*K25*G25-'Au Cal Leaching Tank'!$U$12 -> 123.0658 | N25: =SUM(M25:M26) -> 262.0878 | O25: =M25/P25 -> 11.646606 | P25: =(720-R25)/60 -> 10.566667 | Q25: =720-R25 -> 634 | R25: ='Milling Down Time Hours'!G25 -> 86 | S25: =SUM(M25:M27) -> 266.9858 | T25: =AVERAGE('LT Ball Mill'!F54) -> 0.73 | U25: =AVERAGE('LT Ball Mill'!G54) -> 0.63 | V25: =AVERAGE('LT Ball Mill'!H54) -> 8.57 | W25: =T25*M25 -> 89.838034 | X25: =M25*U25 -> 77.531454 | Y25: =M25*V25 -> 1054.6739 | AB25: =W25*$AC$5 -> 2.2459509e+08
D26: Septian/Nipto | F26: Night | G26: 0.42 | H26: =J26-'Au Cal Leaching Tank'!$T$14-SUM(H25) -> 270 | I26: =H26/((720-R26)/60) -> 25.796178 | J26: 593 | K26: 1.3 | L26: 0.75 | M26: =(J26*K26*G26-'Au Cal Leaching Tank'!$U$12)-M25 -> 139.022 | O26: =M26/P26 -> 13.282357 | P26: =(720-R26)/60 -> 10.466667 | Q26: =720-R26 -> 628 | R26: ='Milling Down Time Hours'!G26 -> 92 | T26: =AVERAGE('LT Ball Mill'!F55:F57) -> 0.516 | U26: =AVERAGE('LT Ball Mill'!G55:G57) -> 0.43 | V26: =AVERAGE('LT Ball Mill'!H55:H57) -> 9.2766667 | W26: =T26*M26 -> 71.735352 | X26: =M26*U26 -> 59.77946 | Y26: =M26*V26 -> 1289.6608 | AB26: =W26*$AC$5 -> 1.7933838e+08
B27: 46276 | D27: Kristo/Awal | E27: slurry finish pump to tank 2 batch 5 10:41, agitator tank 3 stuck jam 21:05 | F27: Day | G27: 0.4 | H27: =J27-'Au Cal Leaching Tank'!$T$14-SUM(H25:H26) -> 54 | I27: =H27/((720-R27)/60) -> 4.9165402 | J27: 647 | K27: 1.27 | L27: 0.75 | M27: =(J27*K27*G27-'Au Cal Leaching Tank'!$U$12)-SUM(M25:M26) -> 4.898 | N27: =SUM(M27:M28) -> 65.006413 | O27: =M27/P27 -> 0.98287625 | P27: =(360-R27)/60 -> 4.9833333 | Q27: =360-R27 -> 299 | R27: ='Milling Down Time Hours'!G27 -> 61 | T27: =AVERAGE('LT Ball Mill'!F55:F57) -> 0.516 | U27: =AVERAGE('LT Ball Mill'!G55:G57) -> 0.43 | V27: =AVERAGE('LT Ball Mill'!H55:H57) -> 9.2766667 | W27: =T27*M27 -> 2.527368 | X27: =M27*U27 -> 2.10614 | Y27: =M27*V27 -> 45.437113 | AB27: =W27*$AC$5 -> 6318420
B28: 46276 | D28: Kristo/Awal | E28: Batch 6 Start jam 12:36 | F28: Day | G28: 0.42 | H28: =J28-'Au Cal Leaching Tank'!$T$15 -> 107.15 | I28: =H28/((360-R28)/60) -> 17.858333 | J28: 215 | K28: 1.29 | L28: 0.75 | M28: =(J28*K28*G28)-'Au Cal Leaching Tank'!$U$13 -> 60.108413 | O28: =M28/P28 -> 10.018069 | P28: =(360-R28)/60 -> 6 | Q28: 360 | R28: 0 | S28: =SUM(M28:M31) -> 277.03691 | T28: =AVERAGE('LT Ball Mill'!F58:F60) -> 1.4286667 | U28: =AVERAGE('LT Ball Mill'!G58:G60) -> 0.99333333 | V28: =AVERAGE('LT Ball Mill'!H58:H60) -> 9.1333333 | W28: =T28*M28 -> 85.874885 | X28: =M28*U28 -> 59.70769 | Y28: =M28*V28 -> 548.99017 | AB28: =W28*$AC$5 -> 2.1468721e+08
A29: 6 | B29: 46276 | D29: Yanly | E29: Start ball mill batch 6 tank 3, 12:36, ball mill stop 21:05 karena material overload pada tanki thickener | F29: Night | G29: 0.45 | H29: =J29-'Au Cal Leaching Tank'!$T$15-SUM(H28) -> 72 | I29: =H29/((720-R29)/60) -> 36 | J29: 287 | K29: 1.29 | L29: 0.75 | M29: =(J29*K29*G29)-'Au Cal Leaching Tank'!$U$13-SUM(M28) -> 50.1165 | N29: =M29 -> 50.1165 | O29: =M29/P29 -> 25.05825 | P29: =(720-R29)/60 -> 2 | Q29: =720-R29 -> 120 | R29: ='Milling Down Time Hours'!G28 -> 600 | T29: =AVERAGE('LT Ball Mill'!F61:F63) -> 0.265 | U29: =AVERAGE('LT Ball Mill'!G61:G63) -> 0.57333333 | V29: =AVERAGE('LT Ball Mill'!H61:H63) -> 7.5933333 | W29: =T29*M29 -> 13.280873 | X29: =M29*U29 -> 28.73346 | Y29: =M29*V29 -> 380.55129 | AB29: =W29*$AC$5 -> 33202181
B30: 46277 | D30: Toni/Hady | E30: Stop ball mill tanki thickener overload clean up thickener tank | F30: Day | G30: 0.33 | H30: =J30-'Au Cal Leaching Tank'!$T$15-SUM(H28:H29) -> 432 | J30: 719 | K30: 1.21 | L30: 0.75 | M30: =(J30*K30*G30)-'Au Cal Leaching Tank'!$U$13-SUM(M28:M29) -> 120.4932 | N30: =SUM(M30:M31) -> 166.812 | O30: =IFERROR(M30/P30,"") | P30: =(720-R30)/60 -> 0 | Q30: =720-R30 -> 0 | R30: ='Milling Down Time Hours'!G29 -> 720 | T30: =AVERAGE('LT Ball Mill'!F64:F66) -> 0.30533333 | U30: =AVERAGE('LT Ball Mill'!G64:G66) -> 0.55333333 | V30: =AVERAGE('LT Ball Mill'!H64:H66) -> 6.7966667 | W30: =T30*M30 -> 36.79059 | X30: =M30*U30 -> 66.672904 | Y30: =M30*V30 -> 818.95212 | AB30: =W30*$AC$5 -> 91976476
D31: Anja | E31: Perbaikan Thickener | F31: Night | G31: 0.33 | H31: =J31-'Au Cal Leaching Tank'!$T$15-SUM(H28:H30) -> 116 | J31: 835 | K31: 1.21 | L31: 0.75 | M31: =(J31*K31*G31)-'Au Cal Leaching Tank'!$U$13-SUM(M28:M30) -> 46.3188 | O31: =IFERROR(M31/P31,"") | P31: =(720-R31)/60 -> 0 | Q31: =720-R31 -> 0 | R31: ='Milling Down Time Hours'!G30 -> 720 | T31: =AVERAGE('LT Ball Mill'!F64:F66) -> 0.30533333 | U31: =AVERAGE('LT Ball Mill'!G64:G66) -> 0.55333333 | V31: =AVERAGE('LT Ball Mill'!H64:H66) -> 6.7966667 | W31: =T31*M31 -> 14.142674 | X31: =M31*U31 -> 25.629736 | Y31: =M31*V31 -> 314.81344 | AB31: =W31*$AC$5 -> 35356684
B32: 46278 | D32: Hadi | E32: Perbaikan Thickener | F32: Day | M32: =H32*K32*G32 -> 0 | O32: =IFERROR(M32/P32,"") | P32: =(720-R32)/60 -> 0 | Q32: =720-R32 -> 0 | R32: ='Milling Down Time Hours'!G31 -> 720 | W32: =T32*M32 -> 0 | X32: =M32*U32 -> 0 | Y32: =M32*V32 -> 0 | AB32: =W32*$AC$5 -> 0
B33: 46278 | D33: Hadi | E33: Perbaikan Thickener | F33: Night | AB33: =W33*$AC$5 -> 0
B34: 46279 | D34: Hadi | E34: Perbaikan Thickener | F34: Day | M34: =H34*K34*G34 -> 0 | O34: =IFERROR(M34/P34,"") | W34: =T34*M34 -> 0 | X34: =M34*U34 -> 0 | Y34: =M34*V34 -> 0 | AB34: =W34*$AC$5 -> 0
A35: 7 | B35: 46279 | D35: Toni | E35: START BALL MILL BATCH 7, TANK 2 | F35: Night | G35: 0.38 | H35: =J35-'Au Cal Leaching Tank'!$T$14 -> 179.74888 | I35: =H35/((720-R35)/60) -> 17.974888 | J35: =3.14*Z35*((10.7/2)^2) -> 287.59888 | K35: 1.25 | L35: 0.75 | M35: =(J35*K35*G35)-'Au Cal Leaching Tank'!$U$14 -> 80.009788 | N35: =SUM(M33:M35) -> 80.009788 | O35: =IFERROR(M35/P35,"") -> 8.0009788 | P35: =(720-R35)/60 -> 10 | Q35: =720-R35 -> 600 | R35: ='Milling Down Time Hours'!G34 -> 120 | S35: =SUM(M35:M37) -> 246.09634 | T35: =AVERAGE('LT Ball Mill'!F67:F69) -> 0.632 | U35: =AVERAGE('LT Ball Mill'!G67:G69) -> 0.58666667 | V35: =AVERAGE('LT Ball Mill'!H67:H69) -> 8.5966667 | W35: =T35*M35 -> 50.566186 | X35: =M35*U35 -> 46.939076 | Y35: =M35*V35 -> 687.81748 | Z35: 3.2 | AB35: =W35*$AC$5 -> 1.2641547e+08
B36: 46280 | D36: Deny | E36: BALL MILL JALAN 3 BIJI | F36: Day | G36: 0.37 | H36: =J36-'Au Cal Leaching Tank'!$T$14-H35 -> 188.73676 | I36: =H36/((720-R36)/60) -> 15.728064 | J36: =3.14*Z36*((10.7/2)^2) -> 476.33564 | K36: 1.24 | L36: 0.75 | M36: =(J36*K36*G36)-'Au Cal Leaching Tank'!$U$14-SUM(M35) -> 81.933326 | N36: =SUM(M36:M37) -> 166.08656 | O36: =IFERROR(M36/P36,"") -> 6.8277772 | P36: =(720-R36)/60 -> 12 | Q36: =720-R36 -> 720 | R36: ='Milling Down Time Hours'!G35 -> 0 | T36: =AVERAGE('LT Ball Mill'!F70:F72) -> 0.36466667 | U36: =AVERAGE('LT Ball Mill'!G70:G72) -> 0.46666667 | V36: =AVERAGE('LT Ball Mill'!H70:H72) -> 9.57 | W36: =T36*M36 -> 29.878353 | X36: =M36*U36 -> 38.235552 | Y36: =M36*V36 -> 784.10193 | Z36: 5.3 | AB36: =W36*$AC$5 -> 74695882 | AE36: 67 | AF36: 72
D37: Ulan | E37: ballmill 1,3 ; ball mill 2 maintenance, slurry pump to tank 2 batch 7 finish jam 02:30, start batch 8 | F37: Night | G37: 0.33 | H37: =J37-'Au Cal Leaching Tank'!$T$14-SUM(H35:H36) -> 278.61141 | I37: =H37/((720-R37)/60) -> 23.217618 | J37: =3.14*Z37*((10.7/2)^2) -> 754.94706 | K37: 1.215 | L37: 0.75 | M37: =(J37*K37*G37)-'Au Cal Leaching Tank'!$U$14-SUM(M35:M36) -> 84.15323 | O37: =IFERROR(M37/P37,"") -> 7.0127691 | P37: =(720-R37)/60 -> 12 | Q37: =720-R37 -> 720 | R37: ='Milling Down Time Hours'!G36 -> 0 | T37: =AVERAGE('LT Ball Mill'!F73:F75) -> 0.61 | U37: =AVERAGE('LT Ball Mill'!G73:G75) -> 0.55333333 | V37: =AVERAGE('LT Ball Mill'!H73:H75) -> 11.276667 | W37: =T37*M37 -> 51.33347 | X37: =M37*U37 -> 46.564787 | Y37: =M37*V37 -> 948.96792 | Z37: 8.4 | AB37: =W37*$AC$5 -> 1.2833368e+08 | AE37: 75 | AF37: 90
A38: 8 | B38: 46281 | D38: Yan Lee Huang | E38: ballmill 1,3 ; ball mill 2 maintenance | F38: Day | G38: 0.3 | H38: =J38-'Au Cal Leaching Tank'!$T$15 -> 323.54832 | I38: =H38/((720-R38)/60) -> 26.96236 | J38: =3.14*Z38*((10.7/2)^2) -> 431.39832 | K38: 1.19 | L38: 0.75 | M38: =(J38*K38*G38)-'Au Cal Leaching Tank'!$U$15 -> 117.10293 | N38: =SUM(M38:M39) -> 171.64786 | O38: =IFERROR(M38/P38,"") -> 9.7585775 | P38: =(720-R38)/60 -> 12 | Q38: =720-R38 -> 720 | R38: ='Milling Down Time Hours'!G37 -> 0 | S38: =SUM(M38:M41) -> 365.71778 | T38: =AVERAGE('LT Ball Mill'!F76:F78) -> 0.45166667 | U38: =AVERAGE('LT Ball Mill'!G76:G78) -> 0.63333333 | V38: =AVERAGE('LT Ball Mill'!H76:H78) -> 11.63 | W38: =T38*M38 -> 52.89149 | X38: =M38*U38 -> 74.165189 | Y38: =M38*V38 -> 1361.9071 | Z38: =1.2*4 -> 4.8 | AB38: =W38*$AC$5 -> 1.3222873e+08 | AE38: 72 | AF38: 78
D39: Suono | E39: Ball mill 3-4; ball mill 1,2 maintenance | F39: Night | G39: 0.3 | H39: =J39-'Au Cal Leaching Tank'!$T$15-H38 -> 152.78691 | I39: =H39/((720-R39)/60) -> 13.974412 | J39: =3.14*Z39*((10.7/2)^2) -> 584.18522 | K39: 1.19 | L39: 0.75 | M39: =(J39*K39*G39)-'Au Cal Leaching Tank'!$U$15-SUM(M38) -> 54.544925 | O39: =IFERROR(M39/P39,"") -> 4.9888651 | P39: =(720-R39)/60 -> 10.933333 | Q39: =720-R39 -> 656 | R39: ='Milling Down Time Hours'!G38 -> 64 | T39: =AVERAGE('LT Ball Mill'!F79:F81) -> 0.588 | U39: =AVERAGE('LT Ball Mill'!G79:G81) -> 0.58 | V39: =AVERAGE('LT Ball Mill'!H79:H81) -> 9.1866667 | W39: =T39*M39 -> 32.072416 | X39: =M39*U39 -> 31.636057 | Y39: =M39*V39 -> 501.08605 | Z39: =6.5 -> 6.5 | AB39: =W39*$AC$5 -> 80181040 | AE39: 70
B40: 46282 | D40: Yan Lee Huang | E40: Running with 2 ball mill (3&4); ball mill 1&2 maintenance | F40: Day | G40: 0.35 | H40: =J40-'Au Cal Leaching Tank'!$T$15-SUM(H38:H39) -> 170.76183 | I40: =H40/((720-R40)/60) -> 14.230153 | J40: =3.14*Z40*((10.7/2)^2) -> 754.94706 | K40: 1.225 | L40: 0.75 | M40: =(J40*K40*G40)-'Au Cal Leaching Tank'!$U$15-SUM(M38:M39) -> 115.12943 | N40: =SUM(M40:M41) -> 194.06993 | O40: =IFERROR(M40/P40,"") -> 9.5941189 | P40: =(720-R40)/60 -> 12 | Q40: =720-R40 -> 720 | R40: ='Milling Down Time Hours'!G39 -> 0 | T40: =AVERAGE('LT Ball Mill'!F82:F84) -> 0.61433333 | U40: =AVERAGE('LT Ball Mill'!G82:G84) -> 0.59 | V40: =AVERAGE('LT Ball Mill'!H82:H84) -> 11.076667 | W40: =T40*M40 -> 70.727844 | X40: =M40*U40 -> 67.926362 | Y40: =M40*V40 -> 1275.2503 | Z40: =1.2*7 -> 8.4 | AB40: =W40*$AC$5 -> 1.7681961e+08 | AE40: 60
D41: Suono | E41: Finish Drain Slurry batch 7 04:30. slurry pump to tank leaching finish jam 07:00 Batch 8 | F41: Night | G41: 0.34 | H41: =J41-'Au Cal Leaching Tank'!$T$15-SUM(H38:H40) -> 215.69916 | I41: =H41/((720-R41)/60) -> 17.97493 | J41: =3.14*Z41*((10.7/2)^2) -> 970.64622 | K41: 1.22 | L41: 0.75 | M41: =(J41*K41*G41)-'Au Cal Leaching Tank'!$U$15-SUM(M38:M40) -> 78.9405 | O41: =IFERROR(M41/P41,"") -> 6.578375 | P41: =(720-R41)/60 -> 12 | Q41: =720-R41 -> 720 | R41: ='Milling Down Time Hours'!G40 -> 0 | T41: =AVERAGE('LT Ball Mill'!F85:F87) -> 0.68533333 | U41: =AVERAGE('LT Ball Mill'!G85:G87) -> 0.55 | V41: =AVERAGE('LT Ball Mill'!H85:H87) -> 9.6166667 | W41: =T41*M41 -> 54.100556 | X41: =M41*U41 -> 43.417275 | Y41: =M41*V41 -> 759.14448 | Z41: 10.8 | AB41: =W41*$AC$5 -> 1.3525139e+08 | AE41: 60
A42: 9 | B42: 46283 | D42: Yanli | E42: Batch 9 Tank 2 jam 07:00 | F42: Day | G42: 0.34 | H42: =J42-'Au Cal Leaching Tank'!$T$18 -> 323.54832 | I42: =H42/((720-R42)/60) -> 35.619999 | J42: =3.14*Z42*((10.7/2)^2) -> 431.39832 | K42: 1.22 | L42: 0.75 | M42: =(J42*K42*G42)-'Au Cal Leaching Tank'!$U$16 -> 135.87952 | N42: =SUM(M42:M43) -> 229.75179 | O42: =IFERROR(M42/P42,"") -> 14.959213 | P42: =(720-R42)/60 -> 9.0833333 | Q42: =720-R42 -> 545 | R42: ='Milling Down Time Hours'!G41 -> 175 | S42: =SUM(M42:M45) -> 472.85194 | T42: =AVERAGE('LT Ball Mill'!F88:F90) -> 0.768 | U42: =AVERAGE('LT Ball Mill'!G88:G90) -> 0.53666667 | V42: =AVERAGE('LT Ball Mill'!H88:H90) -> 12.05 | W42: =T42*M42 -> 104.35547 | X42: =M42*U42 -> 72.922008 | Y42: =M42*V42 -> 1637.3482 | Z42: 4.8 | AB42: =W42*$AC$5 -> 2.6088867e+08 | AE42: 60
D43: Suono | E43: Batch 9 Tank 2 | F43: Night | G43: 0.36 | H43: =J43-'Au Cal Leaching Tank'!$T$18-SUM(H42) -> 179.7493 | I43: =H43/((720-R43)/60) -> 14.979108 | J43: =3.14*Z43*((10.7/2)^2) -> 611.14762 | K43: 1.24 | L43: 0.75 | M43: =(J43*K43*G43)-'Au Cal Leaching Tank'!$U$16-SUM(M42) -> 93.872274 | O43: =IFERROR(M43/P43,"") -> 7.8226895 | P43: =(720-R43)/60 -> 12 | Q43: =720-R43 -> 720 | R43: ='Milling Down Time Hours'!G42 -> 0 | T43: =AVERAGE('LT Ball Mill'!F91:F93) -> 0.51666667 | U43: =AVERAGE('LT Ball Mill'!G91:G93) -> 0.71666667 | V43: =AVERAGE('LT Ball Mill'!H91:H93) -> 11.41 | W43: =T43*M43 -> 48.500675 | X43: =M43*U43 -> 67.27513 | Y43: =M43*V43 -> 1071.0827 | Z43: 6.8 | AB43: =W43*$AC$5 -> 1.2125169e+08 | AE43: 72
B44: 46284 | D44: Yanli | E44: Batch 9 Tank 2 | F44: Day | G44: 0.35 | H44: =J44-'Au Cal Leaching Tank'!$T$18-SUM(H43) -> 575.19734 | I44: =H44/((720-R44)/60) -> 47.933112 | J44: =3.14*Z44*((10.7/2)^2) -> 862.79664 | K44: 1.23 | L44: 0.75 | M44: =(J44*K44*G44)-'Au Cal Leaching Tank'!$U$16-SUM(M42:M43) -> 98.617656 | N44: =SUM(M44:M45) -> 243.10014 | O44: =IFERROR(M44/P44,"") -> 8.218138 | P44: =(720-R44)/60 -> 12 | Q44: =720-R44 -> 720 | R44: ='Milling Down Time Hours'!G43 -> 0 | T44: =AVERAGE('LT Ball Mill'!F94:F96) -> 0.591 | U44: =AVERAGE('LT Ball Mill'!G94:G96) -> 0.96666667 | V44: =AVERAGE('LT Ball Mill'!H94:H96) -> 16.586667 | W44: =T44*M44 -> 58.283035 | X44: =M44*U44 -> 95.330401 | Y44: =M44*V44 -> 1635.7382 | Z44: 9.6 | AB44: =W44*$AC$5 -> 1.4570759e+08 | AE44: 72
D45: Suono/Kristo | E45: Batch 9 Tank 2, finish pump slurry batch 9 tank 2 jam 03:20 | F45: Night | G45: 0.4 | H45: =J45-'Au Cal Leaching Tank'!$T$18-SUM(H44) -> 332.53621 | I45: =H45/((720-R45)/60) -> 55.422701 | J45: =3.14*Z45*((10.7/2)^2) -> 1015.5835 | K45: 1.27 | L45: 0.75 | M45: =(J45*K45*G45)-'Au Cal Leaching Tank'!$U$16-SUM(M42:M44) -> 144.48249 | O45: =IFERROR(M45/P45,"") -> 24.080415 | P45: =(720-R45)/60 -> 6 | Q45: =720-R45 -> 360 | R45: ='Milling Down Time Hours'!G44 -> 360 | T45: =AVERAGE('LT Ball Mill'!F97:F99) -> 0.54733333 | U45: =AVERAGE('LT Ball Mill'!G97:G99) -> 1.2333333 | V45: =AVERAGE('LT Ball Mill'!H97:H99) -> 18.656667 | W45: =T45*M45 -> 79.080081 | X45: =M45*U45 -> 178.19507 | Y45: =M45*V45 -> 2695.5616 | Z45: 11.3 | AB45: =W45*$AC$5 -> 1.977002e+08 | AE45: 60
A46: 10 | B46: 46285 | D46: Kristo | E46: Trouble pada tanki floculant | F46: Day | G46: Screen | H46: Bocor | I46: Ball Mill sisa 1 dan 3 | J46: Ball Mill 3 kayak sirkus | K46: Bola baja | L46: ball mill 3 | M46: frestyle sampe conveyor | N46: terbang loncat jawa hama | O46: =IFERROR(M46/P46,"") | P46: =(720-R46)/60 -> 0 | Q46: =720-R46 -> 0 | R46: ='Milling Down Time Hours'!G45 -> 720 | W46: =T46*M46 -> #VALUE! | X46: =M46*U46 -> #VALUE! | Y46: =M46*V46 -> #VALUE! | Z46: 0 | AB46: =W46*$AC$5 -> #VALUE! | AE46: 72
D47: Yanli | E47: Trouble pada tanki floculant | F47: Night | G47: CUTI DLU KAWAN | H47: CUTI DLU KAWAN | I47: CUTI DLU KAWAN | J47: CUTI DLU KAWAN | K47: CUTI DLU KAWAN | L47: CUTI DLU KAWAN | M47: CUTI DLU KAWAN | N47: CUTI DLU KAWAN | O47: CUTI DLU KAWAN | P47: CUTI DLU KAWAN | Q47: CUTI DLU KAWAN | R47: CUTI DLU KAWAN | S47: CUTI DLU KAWAN | T47: CUTI DLU KAWAN | U47: CUTI DLU KAWAN | V47: CUTI DLU KAWAN | W47: CUTI DLU KAWAN | X47: CUTI DLU KAWAN | Y47: CUTI DLU KAWAN | Z47: CUTI DLU KAWAN | AB47: =W47*$AC$5 -> #VALUE! | AE47: 72
B48: 46286 | D48: Kristo | E48: Start Ball Mill Batch 10 tank 3, Jam 16:35 | F48: Day | G48: 0.3 | H48: =J48-'Au Cal Leaching Tank'!$T$18 -> 62.911835 | I48: =H48/((720-R48)/60) -> 26.032483 | J48: =3.14*Z48*((10.7/2)^2) -> 170.76183 | K48: 1.19 | L48: 0.72 | M48: =(J48*K48*G48)-'Au Cal Leaching Tank'!$U$17 -> 14.721288 | N48: =SUM(M48:M49) -> 95.83226 | O48: =IFERROR(M48/P48,"") -> 6.0915673 | P48: =(720-R48)/60 -> 2.4166667 | Q48: =720-R48 -> 145 | R48: ='Milling Down Time Hours'!G47 -> 575 | S48: =SUM(M48:M54) -> 389.30445 | T48: =AVERAGE('LT Ball Mill'!F100:F102) -> 0.986 | U48: =AVERAGE('LT Ball Mill'!G100:G102) -> 1.99 | V48: =AVERAGE('LT Ball Mill'!H100:H102) -> 20.026667 | W48: =T48*M48 -> 14.51519 | X48: =U48*M48 -> 29.295362 | Y48: =V48*M48 -> 294.81832 | Z48: 1.9 | AB48: =W48*$AC$5 -> 36287974 | AE48: 80 | AG48: 64
D49: Septian/Nipto | E49: Start ball mill 19:30 | F49: Night | G49: 0.29 | H49: =J49-'Au Cal Leaching Tank'!$T$18-SUM(H48) -> 242.66155 | I49: =H49/((720-R49)/60) -> 21.101005 | J49: =3.14*Z49*((10.7/2)^2) -> 413.42339 | K49: 1.185 | L49: 0.67 | M49: =(J49*K49*G49)-'Au Cal Leaching Tank'!$U$17-SUM(M48) -> 81.110973 | O49: =IFERROR(M49/P49,"") -> 7.0531281 | P49: =(720-R49)/60 -> 11.5 | Q49: =720-R49 -> 690 | R49: ='Milling Down Time Hours'!G48 -> 30 | T49: =AVERAGE('LT Ball Mill'!F103:F105) -> 0.55333333 | U49: =AVERAGE('LT Ball Mill'!G103:G105) -> 1.2133333 | V49: =AVERAGE('LT Ball Mill'!H103:H105) -> 18.866667 | W49: =T49*M49 -> 44.881405 | X49: =U49*M49 -> 98.414647 | Y49: =V49*M49 -> 1530.2937 | Z49: 4.6 | AB49: =W49*$AC$5 -> 1.1220351e+08 | AE49: 78 | AG49: 69
B50: 46287 | D50: Kristo | E50: Ball Mill Running 1 dan 3 | F50: Day | G50: 0.35 | H50: =J50-'Au Cal Leaching Tank'!$T$18-SUM(H48:H49) -> 143.79944 | I50: =H50/((720-R50)/60) -> 11.983287 | J50: =3.14*Z50*((10.7/2)^2) -> 557.22283 | K50: 1.225 | L50: 0.61 | M50: =(J50*K50*G50)-'Au Cal Leaching Tank'!$U$17-SUM(M48:M49) -> 96.83634 | N50: =SUM(M50:M51) -> 182.93176 | O50: =IFERROR(M50/P50,"") -> 8.069695 | P50: =(720-R50)/60 -> 12 | Q50: =720-R50 -> 720 | R50: ='Milling Down Time Hours'!G49 -> 0 | T50: =AVERAGE('LT Ball Mill'!F106:F108) -> 0.826 | U50: =AVERAGE('LT Ball Mill'!G106:G108) -> 1.11 | V50: =AVERAGE('LT Ball Mill'!H106:H108) -> 19.606667 | W50: =T50*M50 -> 79.986817 | X50: =U50*M50 -> 107.48834 | Y50: =V50*M50 -> 1898.6378 | Z50: 6.2 | AE50: 72 | AG50: 69
D51: Yanli | E51: Finish Batch 10 tank 3, jam 05:45 | F51: Night | G51: 0.35 | H51: =J51-'Au Cal Leaching Tank'!$T$18-SUM(H48:H50) -> 197.72423 | I51: =H51/((720-R51)/60) -> 21.375592 | J51: =3.14*Z51*((10.7/2)^2) -> 754.94706 | K51: 1.23 | L51: 0.67 | M51: =(J51*K51*G51)-'Au Cal Leaching Tank'!$U$17-SUM(M48:M50) -> 86.095421 | O51: =IFERROR(M51/P51,"") -> 9.3076131 | P51: =(720-R51)/60 -> 9.25 | Q51: =720-R51 -> 555 | R51: ='Milling Down Time Hours'!G50 -> 165 | T51: =AVERAGE('LT Ball Mill'!F109:F111) -> 0.749 | U51: =AVERAGE('LT Ball Mill'!G109:G111) -> 1.0666667 | V51: =AVERAGE('LT Ball Mill'!H109:H111) -> 15.506667 | W51: =T51*M51 -> 64.48547 | X51: =U51*M51 -> 91.835116 | Y51: =V51*M51 -> 1335.053 | Z51: 8.4 | AA51: =9*1.2 -> 10.8 | AE51: 72 | AG51: 71
B52: 46288 | D52: Kristo | E52: Drain Slurry tank no 2 finish jam 09:30 | F52: Day | G52: 0.36 | H52: =J52-'Au Cal Leaching Tank'!$T$18-SUM(H48:H51) -> 80.887185 | I52: =H52/((720-R52)/60) -> 10.784958 | J52: =3.14*Z52*((10.7/2)^2) -> 835.83424 | K52: 1.235 | L52: 0.64 | M52: =(J52*K52*G52)-'Au Cal Leaching Tank'!$U$17-SUM(M48:M51) -> 46.607196 | N52: =SUM(M52:M53) -> 69.643866 | O52: =IFERROR(M52/P52,"") -> 6.2142928 | P52: =(720-R52)/60 -> 7.5 | Q52: =720-R52 -> 450 | R52: ='Milling Down Time Hours'!G51 -> 270 | T52: =AVERAGE('LT Ball Mill'!F112:F114) -> 1.0543333 | U52: =AVERAGE('LT Ball Mill'!G112:G114) -> 0.93333333 | V52: =AVERAGE('LT Ball Mill'!H112:H114) -> 18.046667 | W52: =T52*M52 -> 49.13952 | X52: =U52*M52 -> 43.50005 | Y52: =V52*M52 -> 841.10453 | Z52: 9.3 | AE52: 72 | AG52: 76
D53: Yanli | E53: Batch 10 tank 3 | F53: Night | G53: 0.35 | H53: =J53-'Au Cal Leaching Tank'!$T$18-SUM(H48:H52) -> 80.887185 | I53: =H53/((720-R53)/60) -> 6.7405987 | J53: =3.14*Z53*((10.7/2)^2) -> 916.72143 | K53: 1.23 | L53: 0.69 | M53: =(J53*K53*G53)-'Au Cal Leaching Tank'!$U$17-SUM(M48:M52) -> 23.03667 | O53: =IFERROR(M53/P53,"") -> 1.9197225 | P53: =(720-R53)/60 -> 12 | Q53: =720-R53 -> 720 | R53: ='Milling Down Time Hours'!G52 -> 0 | T53: =AVERAGE('LT Ball Mill'!F115:F117) -> 0.735 | U53: =AVERAGE('LT Ball Mill'!G115:G117) -> 0.64666667 | V53: =AVERAGE('LT Ball Mill'!H115:H117) -> 16.513333 | W53: =T53*M53 -> 16.931953 | X53: =U53*M53 -> 14.897047 | Y53: =V53*M53 -> 380.41222 | Z53: 10.2 | AE53: 72 | AG53: 74
B54: 46289 | D54: Kristo | E54: Batch 10 Tank 3 Finish Pump jam 13:30 | F54: Day | G54: 0.36 | H54: =J54-'Au Cal Leaching Tank'!$T$18-SUM(H48:H53) -> 62.912255 | I54: =H54/((720-R54)/60) -> 5.2426879 | J54: =3.14*Z54*((10.7/2)^2) -> 979.63368 | K54: 1.235 | L54: 0.74 | M54: =(J54*K54*G54)-'Au Cal Leaching Tank'!$U$17-SUM(M48:M53) -> 40.896561 | N54: =SUM(M54:M56) -> 299.60957 | O54: =(N54)/24 -> 12.483732 | P54: =(720-R54)/60 -> 12 | Q54: =720-R54 -> 720 | R54: ='Milling Down Time Hours'!G53 -> 0 | T54: =AVERAGE('LT Ball Mill'!F118:F120) -> 0.87766667 | U54: =AVERAGE('LT Ball Mill'!G118:G120) -> 1.0133333 | V54: =AVERAGE('LT Ball Mill'!H118:H120) -> 16.686667 | W54: =T54*M54 -> 35.893548 | X54: =U54*M54 -> 41.441848 | Y54: =V54*M54 -> 682.42728 | Z54: 10.9 | AA54: =1.2*6 -> 7.2 | AE54: 80 | AG54: 60
D55: Kristo | E55: Start Batch 11 Tank 2 Mulai jam 13:30 | F55: Day | G55: 0.36 | H55: =J55-108 -> 152.63648 | J55: =3.14*Z55*((10.7/2)^2) -> 260.63648 | K55: 1.24 | L55: 0.74 | M55: =(J55*G55*K55)-'Au Cal Leaching Tank'!$U$18 -> 76.227927 | T55: =T54 -> 0.87766667 | U55: =U54 -> 1.0133333 | V55: =V54 -> 16.686667 | W55: =T55*$M$55 -> 66.902711 | X55: =U55*$M$55 -> 77.244299 | Y55: =V55*$M$55 -> 1271.99 | Z55: 2.9 | AE55: 82
A56: 11 | D56: Septian/Nipto | E56: Batch 11 Tank 2 mulai start pengisian dari jam 13:30 | F56: Night | G56: 0.38 | H56: =J56-'Au Cal Leaching Tank'!$T$18 -> 521.27255 | I56: =H56/((720-R56)/60) -> 43.439379 | J56: =3.14*Z56*((10.7/2)^2) -> 629.12255 | K56: 1.25 | L56: 0.77 | M56: =(J56*G56*K56)-'Au Cal Leaching Tank'!$U$18-SUM(M55) -> 182.48508 | P56: =(720-R56)/60 -> 12 | Q56: =720-R56 -> 720 | R56: ='Milling Down Time Hours'!G54 -> 0 | S56: =SUM(M55:M59) -> 354.52838 | T56: =AVERAGE('LT Ball Mill'!F121:F123) -> 0.57966667 | U56: =AVERAGE('LT Ball Mill'!G121:G123) -> 1.8533333 | V56: =AVERAGE('LT Ball Mill'!H121:H123) -> 17.643333 | W56: =T56*$M$56 -> 105.78052 | X56: =U56*$M$56 -> 338.20569 | Y56: =V56*$M$56 -> 3219.6452 | Z56: 7 | AA56: =(M56-115)*T56 -> 39.118854 | AE56: 80 | AG56: 83
B57: 46290 | D57: Kristo | E57: Batch 11 Tank 2 | F57: Day | G57: 0.35 | H57: =J57-'Au Cal Leaching Tank'!$T$18-SUM(H56) -> 251.64902 | I57: =H57/((720-R57)/60) -> 27.010628 | J57: =3.14*Z57*((10.7/2)^2) -> 880.77157 | K57: 1.23 | L57: 0.77 | M57: =(J57*G57*K57)-'Au Cal Leaching Tank'!$U$18-SUM(M55:M56) -> 80.33895 | N57: =SUM(M57:M58) -> 91.946261 | P57: =(720-R57)/60 -> 9.3166667 | Q57: =720-R57 -> 559 | R57: ='Milling Down Time Hours'!G55 -> 161 | T57: =AVERAGE('LT Ball Mill'!F124:F126) -> 0.73 | U57: =AVERAGE('LT Ball Mill'!G124:G126) -> 1.2166667 | V57: =AVERAGE('LT Ball Mill'!H124:H126) -> 20.023333 | W57: =T57*$M$57 -> 58.647433 | X57: =U57*$M$57 -> 97.745722 | Y57: =V57*$M$57 -> 1608.6536 | Z57: 9.8 | AE57: 80 | AG57: 82
D58: Septian/Nipto | E58: Finish Pump tank 2 batch 11, jam 07:00 | F58: Night | G58: 0.35 | H58: =J58-'Au Cal Leaching Tank'!$T$18-SUM(H56:H57) -> 26.962395 | J58: =3.14*Z58*((10.7/2)^2) -> 907.73396 | K58: 1.23 | L58: 0.77 | M58: =(J58*G58*K58)-'Au Cal Leaching Tank'!$U$18-SUM(M55:M57) -> 11.607311 | P58: =(720-R58)/60 -> 0 | Q58: =720-R58 -> 0 | R58: ='Milling Down Time Hours'!G56 -> 720 | T58: =T57 -> 0.73 | U58: =U57 -> 1.2166667 | V58: =V57 -> 20.023333 | W58: =T58*$M$58 -> 8.4733371 | X58: =U58*$M$58 -> 14.122228 | Y58: =V58*$M$58 -> 232.41706 | Z58: 10.1 | AG58: 83
A59: 12 | B59: 46291 | F59: Day | G59: 0.35 | J59: =3.14*Z59*((10.7/2)^2) -> 916.72143 | K59: 1.23 | M59: =(J59*G59*K59)-'Au Cal Leaching Tank'!$U$18-SUM(M55:M58) -> 3.8691037 | P59: =(720-R59)/60 -> 0 | Q59: =720-R59 -> 0 | R59: ='Milling Down Time Hours'!G57 -> 720 | T59: =T58 -> 0.73 | U59: =U58 -> 1.2166667 | V59: =V58 -> 20.023333 | W59: =T59*$M$59 -> 2.8244457 | X59: =U59*$M$59 -> 4.7074095 | Y59: =V59*$M$59 -> 77.472353 | Z59: 10.2 | AG59: 80
F60: Night | J60: =3.14*Z60*((10.7/2)^2) -> 0 | M60: =H60*K60*G60 -> 0 | P60: =(720-R60)/60 -> 0 | Q60: =720-R60 -> 0 | R60: ='Milling Down Time Hours'!G58 -> 720 | AG60: 80
B61: 46292 | D61: Kristo | E61: Batch 12 Tank 3 start jam 15:00 | F61: Day | G61: 0.34 | H61: =J61-'Au Cal Leaching Tank'!$T$19 -> 17.82451 | I61: =H61/((720-R61)/60) -> 2.2280637 | J61: =3.14*Z61*((10.7/2)^2) -> 125.82451 | K61: 1.22 | L61: 0.75 | M61: =(J61*K61*G61)-'Au Cal Leaching Tank'!$U$19 -> 5.6980067 | N61: =SUM(M61:M62) -> 100.53194 | O61: =(M61/P61) -> 0.71225084 | P61: =(720-R61)/60 -> 8 | Q61: =720-R61 -> 480 | R61: ='Milling Down Time Hours'!G59 -> 240 | S61: =SUM(M61:M65) -> 385.05531 | T61: =AVERAGE('LT Ball Mill'!F130:F132) -> 0.52033333 | U61: =AVERAGE('LT Ball Mill'!G130:G132) -> 1.1033333 | V61: =AVERAGE('LT Ball Mill'!H130:H132) -> 13.643333 | W61: =M61*T61 -> 2.9648628 | X61: =M61*U61 -> 6.2868008 | Y61: =M61*V61 -> 77.739805 | Z61: 1.4 | AG61: 78
D62: Kristo | E62: Batch 12 Tank 3 | F62: Night | G62: 0.35 | H62: =(J62)-'Au Cal Leaching Tank'!$T$19-SUM(H61) -> 215.69916 | I62: =H62/((720-R62)/60) -> 19.609015 | J62: =3.14*Z62*((10.7/2)^2) -> 341.52367 | K62: 1.23 | L62: 0.72 | M62: =(J62*K62*G62)-'Au Cal Leaching Tank'!$U$19-SUM(M61) -> 94.833933 | O62: =(M62/P62) -> 8.6212667 | P62: =(720-R62)/60 -> 11 | Q62: =720-R62 -> 660 | R62: ='Milling Down Time Hours'!G60 -> 60 | T62: =AVERAGE('LT Ball Mill'!F133:F135) -> 0.74766667 | U62: =AVERAGE('LT Ball Mill'!G133:G135) -> 1.44 | V62: =AVERAGE('LT Ball Mill'!H133:H135) -> 15.363333 | W62: =M62*T62 -> 70.904171 | X62: =M62*U62 -> 136.56086 | Y62: =M62*V62 -> 1456.9653 | Z62: 3.8 | AG62: 67
B63: 46293 | D63: Septian/Nipto | E63: Batch 12 Tank 3 | F63: Day | G63: 0.35 | H63: =(J63)-'Au Cal Leaching Tank'!$T$19-SUM(H61:H62) -> 188.73677 | I63: =H63/((720-R63)/60) -> 15.728064 | J63: =3.14*Z63*((10.7/2)^2) -> 530.26044 | K63: 1.23 | L63: 0.71 | M63: =(J63*K63*G63)-'Au Cal Leaching Tank'!$U$19-SUM(M61:M62) -> 81.251177 | N63: =SUM(M63:M64) -> 158.63325 | O63: =(M63/P63) -> 6.7709314 | P63: =(720-R63)/60 -> 12 | Q63: =720-R63 -> 720 | R63: ='Milling Down Time Hours'!G61 -> 0 | T63: =AVERAGE('LT Ball Mill'!F136:F138) -> 0.585 | U63: =AVERAGE('LT Ball Mill'!G136:G138) -> 1.1 | V63: =AVERAGE('LT Ball Mill'!H136:H138) -> 14.276667 | W63: =M63*T63 -> 47.531939 | X63: =M63*U63 -> 89.376295 | Y63: =M63*V63 -> 1159.996 | Z63: 5.9 | AG63: 72
D64: Kristo/Hendra | E64: Batch 12 Tank 3 | F64: Night | G64: 0.35 | H64: =(J64)-'Au Cal Leaching Tank'!$T$19-SUM(H61:H63) -> 179.7493 | I64: =H64/((720-R64)/60) -> 14.979108 | J64: =3.14*Z64*((10.7/2)^2) -> 710.00973 | K64: 1.23 | L64: 0.71 | M64: =(J64*K64*G64)-'Au Cal Leaching Tank'!$U$19-SUM(M61:M63) -> 77.382074 | O64: =(M64/P64) -> 6.4485061 | P64: =(720-R64)/60 -> 12 | Q64: =720-R64 -> 720 | R64: ='Milling Down Time Hours'!G62 -> 0 | T64: =AVERAGE('LT Ball Mill'!F139:F141) -> 0.54866667 | U64: =AVERAGE('LT Ball Mill'!G139:G141) -> 2.08 | V64: =AVERAGE('LT Ball Mill'!H139:H141) -> 17.903333 | W64: =T64*M64 -> 42.456964 | X64: =M64*U64 -> 160.95471 | Y64: =M64*V64 -> 1385.3971 | Z64: 7.9 | AG64: 78
B65: 46294 | D65: Septian | E65: Batch 12 Tank 3 jam 18:30 slurry pump 9 plat | F65: Day | G65: 0.36 | H65: =(J65)-'Au Cal Leaching Tank'!$T$19-SUM(H61:H64) -> 260.63649 | I65: =H65/((720-R65)/60) -> 22.34027 | J65: =3.14*Z65*((10.7/2)^2) -> 970.64622 | K65: 1.235 | L65: 0.71 | M65: =(J65*K65*G65)-'Au Cal Leaching Tank'!$U$19-SUM(M61:M64) -> 125.89012 | N65: =SUM(M65:M66) -> 125.89012 | O65: =(M65/P65) -> 10.790582 | P65: =(720-R65)/60 -> 11.666667 | Q65: =720-R65 -> 700 | R65: ='Milling Down Time Hours'!G63 -> 20 | T65: =AVERAGE('LT Ball Mill'!F142:F147) -> 0.54816667 | U65: =AVERAGE('LT Ball Mill'!G142:G147) -> 1.1816667 | V65: =AVERAGE('LT Ball Mill'!H142:H147) -> 19.161667 | W65: =T65*M65 -> 69.008767 | X65: =M65*U65 -> 148.76016 | Y65: =M65*V65 -> 2412.2645 | Z65: 10.8
E66: Batch 13 Tank 2 | F66: Night | M66: =H66*K66*G66 -> 0 | O66: =(M66/P66) -> #DIV/0! | P66: =(720-R66)/60 -> 0 | Q66: =720-R66 -> 0 | R66: ='Milling Down Time Hours'!G64 -> 720 | W66: =T66*M66 -> 0 | X66: =M66*U66 -> 0 | Y66: =M66*V66 -> 0
B67: 46295 | F67: Day | M67: =H67*K67*G67 -> 0 | W67: =T67*M67 -> 0 | X67: =M67*U67 -> 0 | Y67: =M67*V67 -> 0
F68: Night | M68: =H68*K68*G68 -> 0 | R68: ='Milling Down Time Hours'!L73 -> 0 | W68: =T68*M68 -> 0 | X68: =M68*U68 -> 0 | Y68: =M68*V68 -> 0
B69: 46296 | F69: Day | M69: =H69*K69*G69 -> 0 | W69: =T69*M69 -> 0 | X69: =M69*U69 -> 0 | Y69: =M69*V69 -> 0
F70: Night | M70: =H70*K70*G70 -> 0 | R70: ='Milling Down Time Hours'!L75 -> 0 | W70: =T70*M70 -> 0 | X70: =M70*U70 -> 0 | Y70: =M70*V70 -> 0
B71: 46297 | F71: Day | M71: =H71*K71*G71 -> 0 | W71: =T71*M71 -> 0 | X71: =M71*U71 -> 0 | Y71: =M71*V71 -> 0
F72: Night | M72: =H72*K72*G72 -> 0 | R72: ='Milling Down Time Hours'!L77 -> 0 | W72: =T72*M72 -> 0 | X72: =M72*U72 -> 0 | Y72: =M72*V72 -> 0
B73: 46298 | F73: Day | M73: =H73*K73*G73 -> 0 | W73: =T73*M73 -> 0 | X73: =M73*U73 -> 0 | Y73: =M73*V73 -> 0
F74: Night | M74: =H74*K74*G74 -> 0 | R74: ='Milling Down Time Hours'!L79 -> 0 | W74: =T74*M74 -> 0 | X74: =M74*U74 -> 0 | Y74: =M74*V74 -> 0
